,timestamp,THETAUSDT,XRPUSDT,hedge_ratio,calculated_spread,rolling_mean_spread,rolling_std_spread,z_score,trading_signal,strategy_returns,cumulative_strategy_returns
0,1696964400000,0.593,0.4997,,,,,,0,,
1,1696968000000,0.59,0.4978,,,,,,0,,
2,1696971600000,0.593,0.4991,,,,,,0,,
3,1696975200000,0.595,0.4991,,,,,,0,,
4,1696978800000,0.593,0.4965,,,,,,0,,
5,1696982400000,0.595,0.497,,,,,,0,,
6,1696986000000,0.595,0.4963,,,,,,0,,
7,1696989600000,0.586,0.491,,,,,,0,,
8,1696993200000,0.584,0.4897,,,,,,0,,
9,1696996800000,0.586,0.4899,,,,,,0,,
10,1697000400000,0.586,0.4878,,,,,,0,,
11,1697004000000,0.585,0.4866,,,,,,0,,
12,1697007600000,0.585,0.4825,,,,,,0,,
13,1697011200000,0.586,0.4839,,,,,,0,,
14,1697014800000,0.59,0.4875,,,,,,0,,
15,1697018400000,0.592,0.4882,,,,,,0,,
16,1697022000000,0.589,0.4871,,,,,,0,,
17,1697025600000,0.589,0.4865,,,,,,0,,
18,1697029200000,0.589,0.4876,,,,,,0,,
19,1697032800000,0.59,0.4873,,,,,,0,,
20,1697036400000,0.585,0.4832,,,,,,0,,
21,1697040000000,0.582,0.4809,,,,,,0,,
22,1697043600000,0.586,0.4867,,,,,,0,,
23,1697047200000,0.588,0.4871,,,,,,0,,
24,1697050800000,0.589,0.4852,,,,,,0,,
25,1697054400000,0.591,0.4863,,,,,,0,,
26,1697058000000,0.593,0.487,,,,,,0,,
27,1697061600000,0.593,0.4877,,,,,,0,,
28,1697065200000,0.595,0.4888,,,,,,0,,
29,1697068800000,0.594,0.4857,,,,,,0,,
30,1697072400000,0.593,0.4853,,,,,,0,,
31,1697076000000,0.599,0.487,,,,,,0,,
32,1697079600000,0.598,0.4859,,,,,,0,,
33,1697083200000,0.595,0.4838,,,,,,0,,
34,1697086800000,0.595,0.4837,,,,,,0,,
35,1697090400000,0.592,0.4815,,,,,,0,,
36,1697094000000,0.592,0.482,,,,,,0,,
37,1697097600000,0.591,0.4765,,,,,,0,,
38,1697101200000,0.581,0.4774,,,,,,0,,
39,1697104800000,0.585,0.4789,,,,,,0,,
40,1697108400000,0.588,0.4801,,,,,,0,,
41,1697112000000,0.587,0.4795,,,,,,0,,
42,1697115600000,0.587,0.479,,,,,,0,,
43,1697119200000,0.587,0.4788,,,,,,0,,
44,1697122800000,0.586,0.4779,,,,,,0,,
45,1697126400000,0.582,0.4816,,,,,,0,,
46,1697130000000,0.585,0.4824,,,,,,0,,
47,1697133600000,0.584,0.4822,,,,,,0,,
48,1697137200000,0.585,0.4813,,,,,,0,,
49,1697140800000,0.586,0.4823,,,,,,0,,
50,1697144400000,0.585,0.4834,,,,,,0,,
51,1697148000000,0.585,0.4846,,,,,,0,,
52,1697151600000,0.583,0.483,,,,,,0,,
53,1697155200000,0.584,0.4838,,,,,,0,,
54,1697158800000,0.582,0.4846,,,,,,0,,
55,1697162400000,0.584,0.4845,,,,,,0,,
56,1697166000000,0.58,0.4829,,,,,,0,,
57,1697169600000,0.583,0.4814,,,,,,0,,
58,1697173200000,0.581,0.4812,,,,,,0,,
59,1697176800000,0.582,0.4793,,,,,,0,,
60,1697180400000,0.584,0.4826,,,,,,0,,
61,1697184000000,0.582,0.4816,,,,,,0,,
62,1697187600000,0.583,0.4806,,,,,,0,,
63,1697191200000,0.584,0.481,,,,,,0,,
64,1697194800000,0.585,0.4797,,,,,,0,,
65,1697198400000,0.587,0.4835,,,,,,0,,
66,1697202000000,0.586,0.4839,,,,,,0,,
67,1697205600000,0.583,0.4812,,,,,,0,,
68,1697209200000,0.581,0.4811,,,,,,0,,
69,1697212800000,0.582,0.4817,,,,,,0,,
70,1697216400000,0.58,0.4814,,,,,,0,,
71,1697220000000,0.58,0.4823,,,,,,0,,
72,1697223600000,0.579,0.4837,,,,,,0,,
73,1697227200000,0.586,0.4874,,,,,,0,,
74,1697230800000,0.584,0.4884,,,,,,0,,
75,1697234400000,0.582,0.4864,,,,,,0,,
76,1697238000000,0.582,0.4851,,,,,,0,,
77,1697241600000,0.585,0.4853,,,,,,0,,
78,1697245200000,0.585,0.4862,,,,,,0,,
79,1697248800000,0.584,0.4848,,,,,,0,,
80,1697252400000,0.587,0.4854,,,,,,0,,
81,1697256000000,0.587,0.4849,,,,,,0,,
82,1697259600000,0.588,0.4842,,,,,,0,,
83,1697263200000,0.587,0.4846,,,,,,0,,
84,1697266800000,0.588,0.4838,,,,,,0,,
85,1697270400000,0.588,0.4843,,,,,,0,,
86,1697274000000,0.589,0.4852,,,,,,0,,
87,1697277600000,0.59,0.4849,,,,,,0,,
88,1697281200000,0.589,0.4855,,,,,,0,,
89,1697284800000,0.591,0.4867,0.826086350039456,-0.0015170328733184468,,,,0,,
90,1697288400000,0.59,0.4857,0.8258662811703841,-0.0015611058905265485,,,,0,-0.0,1.0
91,1697292000000,0.589,0.4853,0.8256442929265906,-0.0010044885337618381,,,,0,0.0,1.0
92,1697295600000,0.591,0.4875,0.8254541358655826,-0.000343394296559274,,,,0,0.0,1.0
93,1697299200000,0.592,0.4865,0.8252601401752897,-0.002054002983771508,,,,0,-0.0,1.0
94,1697302800000,0.591,0.4869,0.8251081968149762,-0.0007389443176508692,,,,0,0.0,1.0
95,1697306400000,0.591,0.486,0.8249606707192307,-0.001551756395065329,,,,0,-0.0,1.0
96,1697310000000,0.591,0.4861,0.8248284391394243,-0.0013736075313997564,,,,0,0.0,1.0
97,1697313600000,0.59,0.4862,0.8246753240052282,-0.000358441163084644,,,,0,0.0,1.0
98,1697317200000,0.591,0.4868,0.8245119017236837,-0.00048653391869701856,,,,0,-0.0,1.0
99,1697320800000,0.59,0.4863,0.8243815789117404,-8.51315579267764e-05,,,,0,0.0,1.0
100,1697324400000,0.589,0.4865,0.8243104043276565,0.0009811718510103762,,,,0,0.0,1.0
101,1697328000000,0.588,0.4854,0.8242412261557411,0.0007461590204242419,,,,0,-0.0,1.0
102,1697331600000,0.592,0.4869,0.8242151730530197,-0.001035382447387656,,,,0,-0.0,1.0
103,1697335200000,0.594,0.4863,0.8241351719207468,-0.0032362921209235784,,,,0,-0.0,1.0
104,1697338800000,0.592,0.4858,0.824071413491731,-0.0020502767871046768,,,,0,0.0,1.0
105,1697342400000,0.591,0.486,0.8240452114800338,-0.0010107199846999815,,,,0,0.0,1.0
106,1697346000000,0.592,0.4857,0.8239715570899154,-0.0020911617972299013,,,,0,-0.0,1.0
107,1697349600000,0.595,0.4863,0.8238732436970558,-0.0039045799997481923,,,,0,-0.0,1.0
108,1697353200000,0.595,0.4864,0.8237560348759442,-0.003734840751186741,,,,0,0.0,1.0
109,1697356800000,0.599,0.4871,0.8236096509191617,-0.006242180900577876,,,,0,-0.0,1.0
110,1697360400000,0.597,0.4877,0.8235068172005273,-0.003933569868714792,,,,0,0.0,1.0
111,1697364000000,0.595,0.4876,0.823430874534484,-0.0023413703480180126,,,,0,0.0,1.0
112,1697367600000,0.594,0.4867,0.8233061911344597,-0.0023438775338689988,,,,0,-0.0,1.0
113,1697371200000,0.593,0.4866,0.823218707221979,-0.0015686933826335459,,,,0,0.0,1.0
114,1697374800000,0.592,0.4868,0.823202197516289,-0.000535700929643057,,,,0,0.0,1.0
115,1697378400000,0.591,0.4859,0.8231946023250729,-0.0006080099741180844,,,,0,-0.0,1.0
116,1697382000000,0.595,0.487,0.8231630573682621,-0.002782019134115965,,,,0,-0.0,1.0
117,1697385600000,0.597,0.4875,0.8230960250568441,-0.003888326958935928,,,,0,-0.0,1.0
118,1697389200000,0.598,0.4888,0.8230485084760658,-0.0033830080686872988,,,,0,0.0,1.0
119,1697392800000,0.599,0.4898,0.8230477029836293,-0.0032055740871939076,,,,0,0.0,1.0
120,1697396400000,0.597,0.4879,0.8230340799932654,-0.0034513457559794403,,,,0,-0.0,1.0
121,1697400000000,0.601,0.4898,0.823055959432398,-0.004856631618871121,,,,0,-0.0,1.0
122,1697403600000,0.599,0.4887,0.8230937733085919,-0.004333170211846482,,,,0,0.0,1.0
123,1697407200000,0.597,0.4875,0.8231327508930458,-0.003910252283148341,,,,0,0.0,1.0
124,1697410800000,0.598,0.4874,0.8231557868692655,-0.00484716054782075,,,,0,-0.0,1.0
125,1697414400000,0.599,0.4864,0.823137912253042,-0.006659609439572167,,,,0,-0.0,1.0
126,1697418000000,0.602,0.488,0.823093126001043,-0.0075020618526278615,,,,0,-0.0,1.0
127,1697421600000,0.601,0.4868,0.8231298075544964,-0.00790101434025231,,,,0,-0.0,1.0
128,1697425200000,0.602,0.4878,0.8229964395921352,-0.0076438566344653736,,,,0,0.0,1.0
129,1697428800000,0.601,0.4863,0.8228841386357499,-0.008253367320085692,,,,0,-0.0,1.0
130,1697432400000,0.608,0.4937,0.822826146736553,-0.006578297215824147,,,,0,0.0,1.0
131,1697436000000,0.607,0.492,0.8227471311892193,-0.0074075086318560746,,,,0,-0.0,1.0
132,1697439600000,0.605,0.4933,0.8227350114591349,-0.004454681932776539,,,,0,0.0,1.0
133,1697443200000,0.605,0.4913,0.8226880262659475,-0.006426255890898236,,,,0,-0.0,1.0
134,1697446800000,0.605,0.4935,0.8226848836160966,-0.004224354587738455,,,,0,0.0,1.0
135,1697450400000,0.604,0.4939,0.8225751947490016,-0.002935417628396997,,,,0,0.0,1.0
136,1697454000000,0.603,0.4942,0.8225181323482239,-0.0017784338059790294,,,,0,0.0,1.0
137,1697457600000,0.606,0.4942,0.8224018610412752,-0.0041755277910127675,,,,0,-0.0,1.0
138,1697461200000,0.601,0.4964,0.8224390772857744,0.0021141145512496573,,,,0,0.0,1.0
139,1697464800000,0.601,0.4975,0.8224939534904125,0.0031811339522620496,,,,0,0.0,1.0
140,1697468400000,0.597,0.4921,0.822472613940893,0.0010838494772869023,,,,0,-0.0,1.0
141,1697472000000,0.598,0.491,0.8223925192551675,-0.0007907265145901676,,,,0,-0.0,1.0
142,1697475600000,0.601,0.4937,0.82231627721737,-0.000512082607639297,,,,0,0.0,1.0
143,1697479200000,0.603,0.4969,0.8222701548936622,0.0010710965991217458,,,,0,0.0,1.0
144,1697482800000,0.604,0.4964,0.8221539691419542,-0.00018099736174026493,,,,0,-0.0,1.0
145,1697486400000,0.603,0.4959,0.8220759923166333,0.0001881766330701362,,,,0,0.0,1.0
146,1697490000000,0.605,0.497,0.8219573177196301,-0.00028417722037621385,,,,0,-0.0,1.0
147,1697493600000,0.609,0.4989,0.8218846149846638,-0.0016277305256602315,,,,0,-0.0,1.0
148,1697497200000,0.608,0.4978,0.8217804247378888,-0.00184249824063637,,,,0,-0.0,1.0
149,1697500800000,0.603,0.494,0.8217324491806058,-0.0015046668559053344,,,,0,0.0,1.0
150,1697504400000,0.604,0.4948,0.8216535202082247,-0.0014787262057676664,,,,0,0.0,1.0
151,1697508000000,0.606,0.4951,0.8215373673829169,-0.0027516446340476453,,,,0,-0.0,1.0
152,1697511600000,0.604,0.4928,0.8214424094852966,-0.003351215329119084,,,,0,-0.0,1.0
153,1697515200000,0.604,0.4908,0.8213172923918276,-0.005275644604663843,,,,0,-0.0,1.0
154,1697518800000,0.603,0.4915,0.8212603101185086,-0.003719967001460711,,,,0,0.0,1.0
155,1697522400000,0.602,0.4896,0.8211433819999098,-0.004728315963945684,,,,0,-0.0,1.0
156,1697526000000,0.605,0.4915,0.8209930424270822,-0.005200790668384692,,,,0,-0.0,1.0
157,1697529600000,0.606,0.4921,0.8208431722888679,-0.005330962407053996,,,,0,-0.0,1.0
158,1697533200000,0.606,0.4904,0.820633391088363,-0.006903834999547942,,,,0,-0.0,1.0
159,1697536800000,0.605,0.49,0.8204360521021501,-0.006363811521800822,,,,0,0.0,1.0
160,1697540400000,0.606,0.4925,0.8202466456877664,-0.004569467286786422,,,,0,0.0,1.0
161,1697544000000,0.6,0.4901,0.8200893865189528,-0.001953631911371656,,,,0,0.0,1.0
162,1697547600000,0.595,0.4892,0.8199521773310592,0.0013284544880198257,,,,0,0.0,1.0
163,1697551200000,0.596,0.4901,0.8198519939006357,0.0014682116352211505,,,,0,0.0,1.0
164,1697554800000,0.598,0.4902,0.8196755838125448,3.400088009825053e-05,,,,0,-0.0,1.0
165,1697558400000,0.598,0.4909,0.8195195762396358,0.0008272934086978045,,,,0,0.0,1.0
166,1697562000000,0.595,0.4916,0.8194458295956075,0.004029731390613522,,,,0,0.0,1.0
167,1697565600000,0.595,0.4909,0.8193995704847299,0.003357255561585726,,,,0,-0.0,1.0
168,1697569200000,0.6,0.4931,0.8193020297837577,0.001518782129745433,,,,0,-0.0,1.0
169,1697572800000,0.596,0.492,0.8192555658707226,0.003723682741049339,,,,0,0.0,1.0
170,1697576400000,0.596,0.4919,0.8192406273856143,0.003632586078173905,,,,0,-0.0,1.0
171,1697580000000,0.594,0.4912,0.8192519474439125,0.004564343218316003,,,,0,0.0,1.0
172,1697583600000,0.597,0.4912,0.8192457106856315,0.002110310720678077,,,,0,-0.0,1.0
173,1697587200000,0.595,0.4893,0.8192123322406468,0.0018686623168151506,,,,0,-0.0,1.0
174,1697590800000,0.593,0.4894,0.819240384315567,0.0035904521008687795,,,,0,0.0,1.0
175,1697594400000,0.593,0.4898,0.8192666606326044,0.0039748702448655915,,,,0,0.0,1.0
176,1697598000000,0.594,0.4904,0.819287445659526,0.0037432572782415408,,,,0,-0.0,1.0
177,1697601600000,0.598,0.4909,0.8192775256694764,0.0009720396496531447,,,,0,-0.0,1.0
178,1697605200000,0.598,0.49,0.8192249823829989,0.00010346053496668173,-0.0018274085269351667,0.0031484720992415913,0.6132717715259282,0,-0.0,1.0
179,1697608800000,0.597,0.489,0.8191769748983875,-4.865401433729044e-05,-0.0018110932062798204,0.0031538984104237658,0.5588129237509981,0,-0.0,1.0
180,1697612400000,0.597,0.4891,0.8191342350219455,7.68616918985221e-05,-0.0017928935664750973,0.003160077087899954,0.5916802680330103,0,0.0,1.0
181,1697616000000,0.597,0.4873,0.8190505846042702,-0.0016731990087492377,-0.0018003236828638464,0.0031589884894841973,0.040242208712626786,0,-0.0,1.0
182,1697619600000,0.594,0.4873,0.819001929719007,0.0008128537469098696,-0.0017874764823808558,0.003167320377245351,0.8209874340379352,0,0.0,1.0
183,1697623200000,0.597,0.4895,0.8189819049691724,0.0005678027334040658,-0.0017583453077455716,0.0031768839631196233,0.7322105774569797,0,-0.0,1.0
184,1697626800000,0.596,0.4904,0.8189713539687656,0.002293073034615678,-0.001724656226053721,0.0032037781926271013,1.2540597441843677,0,0.0,1.0
185,1697630400000,0.595,0.4897,0.818979426756772,0.002407241079720679,-0.0016806673652227655,0.003233222656045169,1.2643448595475681,0,0.0,1.0
186,1697634000000,0.592,0.489,0.8190176973714957,0.004141523156074578,-0.0016193881353619396,0.0032908581441893794,1.7505802556723618,0,0.0,1.0
187,1697637600000,0.59,0.4875,0.8190414837859922,0.004265524566264611,-0.00156801073836917,0.003346391910493268,1.7432313550429008,0,0.0,1.0
188,1697641200000,0.591,0.4873,0.8190506479130896,0.0032410670833640798,-0.0015265929494573801,0.003382797531279721,1.4093837980950168,0,-0.0,1.0
189,1697644800000,0.591,0.4876,0.8190595574499641,0.0035358015470712267,-0.0014863603594018468,0.003421445503750943,1.4678479902623787,0,0.0,1.0
190,1697648400000,0.589,0.491,0.8191417524729367,0.008525507793440301,-0.0014025344044859586,0.003571699196481637,2.779641188067026,-1,0.0,1.0
191,1697652000000,0.588,0.4923,0.8192675708646385,0.010570668331592592,-0.0012933731899174214,0.0037820456585208988,3.1369376767783024,-1,-0.002045160538152291,0.9979548394618477
192,1697655600000,0.586,0.4892,0.8193983729851135,0.009032553430723511,-0.0011815072357161862,0.003935542901053586,2.5953371423559597,-1,0.0015381149008690809,0.9994898086708184
193,1697659200000,0.584,0.489,0.8195959150579797,0.010355985606139873,-0.0010304819276377034,0.004112621211815897,2.7686643012644403,-1,-0.0013234321754163614,0.9981670516990228
194,1697662800000,0.584,0.4883,0.8197599327486167,0.00956019927480789,-0.0009014766380608971,0.004259740815540932,2.455941890807338,-1,0.0007957863313319824,0.9989613793951507
195,1697666400000,0.587,0.489,0.8198741614931127,0.00773386720354291,-0.0008043145581915317,0.004355865809344196,1.9601572076482128,-1,0.00182633207126498,1.0007858146002953
196,1697670000000,0.585,0.4878,0.8200164842581205,0.008090356708999547,-0.0006911865747889822,0.004453195853983657,1.9719643087184002,-1,-0.0003564895054566364,1.0004290449601805
197,1697673600000,0.584,0.4874,0.8202006243604448,0.008402835373500228,-0.000554437515086222,0.004541502938075918,1.9723146743974902,-1,-0.0003124786645006816,1.0001164322282836
198,1697677200000,0.578,0.4839,0.820407069285341,0.00970471395307293,-0.0004051091294833368,0.0046552802839240305,2.1716894506799687,-1,-0.0013018785795727017,0.998814402068087
199,1697680800000,0.574,0.4832,0.8207070514434293,0.012114152471471684,-0.00020114986979389725,0.0047966421218980535,2.567484091640416,-1,-0.0024094385183987543,0.9964078201750127
200,1697684400000,0.576,0.4834,0.8209404994389042,0.010538272323191211,-4.035162321716388e-05,0.004911313716556808,2.1539295913323917,-1,0.001575880148280473,0.9979780394784178
201,1697688000000,0.578,0.4823,0.8210968238914376,0.007706035790749133,7.128622276913774e-05,0.004972236825799387,1.5354758502985335,-1,0.0028322365324420784,1.0008045493404034
202,1697691600000,0.58,0.4834,0.821245435060741,0.007077647664770259,0.00017596983608735172,0.0050197689872504715,1.3748994916324293,-1,0.0006283881259788737,1.0014334430356344
203,1697695200000,0.58,0.48,0.8213193237349671,0.0036347922337190974,0.00023378634293571443,0.00502940559432361,0.676224223121296,-1,0.0034428554310511617,1.0048812336038258
204,1697698800000,0.581,0.4799,0.821357814659158,0.0026911096830292136,0.00026963979418762854,0.005035356532354258,0.4808934329242895,-1,0.0009436825506898838,1.0058295224894933
205,1697702400000,0.579,0.4803,0.8214345523762702,0.004689394174139605,0.00032849984027938064,0.005055901797239222,0.8625354108423334,-1,-0.0019982844911103914,1.0038195889540016
206,1697706000000,0.577,0.479,0.8215578234220227,0.004961135885492962,0.00041453489605281315,0.005068242754643251,0.8970764048890117,-1,-0.0002717417113533571,1.0035468093010091
207,1697709600000,0.577,0.4828,0.8217712387254386,0.00863799525542197,0.0005537162539901232,0.005120478581897469,1.5788131660217,-1,-0.0036768593699290086,0.9998569088120683
208,1697713200000,0.578,0.4822,0.8219506865719968,0.007112503161385897,0.0006703330454353809,0.005149248570948916,1.251089363270598,-1,0.0015254920940360739,1.0013821826216287
209,1697716800000,0.576,0.4832,0.8221743923634562,0.009627549998649232,0.0008129233130558602,0.005217938931958509,1.6892928032572578,-1,-0.002515046837263335,0.9988636595303343
210,1697720400000,0.573,0.4829,0.8224410889456917,0.011641256034118697,0.000980618888501395,0.005320862851769636,2.0035542058881934,-1,-0.0020137060354694647,0.9968522417505269
211,1697724000000,0.573,0.4861,0.8227923895176608,0.014639960806380414,0.001197247693226412,0.005475185448610173,2.4552069038257534,-1,-0.0029987047722617177,0.9938629761759498
212,1697727600000,0.573,0.4869,0.8231482249760772,0.015236067088707783,0.0014146836632325706,0.005639207877997878,2.4509441262843286,-1,-0.0005961062823273688,0.9932705282120786
213,1697731200000,0.57,0.4859,0.8235209909690784,0.016493035147625346,0.0016413868569078339,0.005829637064420613,2.5476111336947462,-1,-0.0012569680589175625,0.9920220188842518
214,1697734800000,0.568,0.4868,0.8239565165414572,0.018792698604452374,0.0019040519585997574,0.006061939060285705,2.7860139268797988,-1,-0.002299663456827028,0.9897407020990558
215,1697738400000,0.565,0.488,0.8244912185077976,0.02216246154309437,0.002224297191740497,0.006358511142682643,3.1356655518798067,-1,-0.003369762938641996,0.9864055105622569
216,1697742000000,0.566,0.4889,0.8250466359183749,0.02192360407019983,0.002551249035327471,0.006604534488612858,2.933190078463972,-1,0.00023885747289453807,0.986641120889759
217,1697745600000,0.566,0.5033,0.8258677500560488,0.035858853468276386,0.003037469788755568,0.007390427071554669,4.441067256566058,-1,-0.013935249398076555,0.9728920308037624
218,1697749200000,0.563,0.506,0.826776880508415,0.040524616273762415,0.003572675043291432,0.00829678026918191,4.453768815323173,-1,-0.004665762805486029,0.9683527473526844
219,1697752800000,0.563,0.5086,0.8277474528311686,0.04257818405605218,0.004137470058581853,0.009167185703225233,4.193295002625067,-1,-0.002053567782289767,0.9663641693488292
220,1697756400000,0.565,0.5197,0.8288644241055885,0.05139160038034263,0.0047815800318725945,0.01036421312310656,4.49720782415744,-1,-0.008813416324290446,0.9578471996034809
221,1697760000000,0.565,0.5171,0.8299547345526691,0.048175574977742,0.005399169849757018,0.011248092314794561,3.8029920035170215,-1,0.0032160254026006307,0.9609276605292155
222,1697763600000,0.57,0.5156,0.8308956744627993,0.041989465556204364,0.005915215932967917,0.011840715657844801,3.0466274730055067,-1,0.006186109421537633,0.9668720641834314
223,1697767200000,0.581,0.5196,0.8317968476261353,0.036326031529215375,0.006390241348746957,0.012192382989716817,2.455286239426417,-1,0.005663434026988989,0.9723478803314729
224,1697770800000,0.583,0.5205,0.8326453006755159,0.035067789706174246,0.006826820729790432,0.01250743691443746,2.2579341530625654,-1,0.0012582418230411285,0.9735713291010514
225,1697774400000,0.581,0.5169,0.8334330345083656,0.03267540695063964,0.007222496558446393,0.012755945882298106,1.9953761663033696,-1,0.0023923827555346056,0.9759004843600756
226,1697778000000,0.581,0.5113,0.8340961252823655,0.026690151210945645,0.007538814169745556,0.012882584508374966,1.4866067463985824,-1,0.005985255739693995,0.9817414983354619
227,1697781600000,0.583,0.5126,0.8348044831105366,0.02590898634655714,0.00787308654905189,0.012965255444466426,1.391094828386353,-1,0.0007811648643885061,0.9825084002998736
228,1697785200000,0.579,0.5096,0.8353926492867605,0.025907656062965745,0.008137459232515402,0.013088505169772712,1.3576949086202585,-1,1.330283591394199e-06,0.9825097073146768
229,1697788800000,0.588,0.5143,0.8359148828675012,0.022782048873909333,0.00835524717608926,0.013167942054271515,1.0956003328660002,-1,0.003125607189056412,0.9855806467191772
230,1697792400000,0.59,0.5186,0.8365272537593325,0.025048920281993847,0.008621525740586004,0.013261226844161169,1.238753754419088,-1,-0.0022668714080845143,0.9833464621307682
231,1697796000000,0.587,0.5176,0.8372033142030805,0.026161654562791736,0.008920996641445801,0.013350313047054602,1.2914047678567087,-1,-0.001112734280797889,0.9822522588124538
232,1697799600000,0.586,0.5158,0.8378584319461237,0.024814958879571525,0.009202408213525923,0.01341601178676967,1.1637251751255966,-1,0.0013466956832202115,0.9835750536892298
233,1697803200000,0.583,0.5168,0.8385488681600572,0.027926009862686674,0.009500796138676644,0.013531277118064509,1.3616758834546387,-1,-0.003111050983115149,0.9805151015514824
234,1697806800000,0.586,0.5177,0.8392388361436787,0.0259060420198044,0.009790652131804918,0.013600780489009217,1.1848871394566156,-1,0.0020199678428822754,0.9824957105260768
235,1697810400000,0.583,0.5178,0.8399693988930694,0.028097840445340583,0.010100759507496813,0.013697215364359798,1.3139226082895825,-1,-0.0021917984255361844,0.9803422779746497
236,1697814000000,0.584,0.524,0.8408145345020734,0.032964311850789185,0.010470187163843094,0.013861365061257533,1.6227928914315295,-1,-0.0048664714054486025,0.9755714703113337
237,1697817600000,0.585,0.5187,0.8415768224256989,0.026377558880966268,0.010781357046138945,0.013901015540092928,1.121946939045222,-1,0.006586752969822918,0.9819973185906814
238,1697821200000,0.588,0.5211,0.8423452049786213,0.025801019472570685,0.011088507242952357,0.013924330240799813,1.0566046607045454,-1,0.0005765394083955822,0.9825634787437878
239,1697824800000,0.586,0.5233,0.8431760238381202,0.02919885003086159,0.0114296574305831,0.013988302712754962,1.2702893957303338,-1,-0.003397830558290904,0.9792248945302515
240,1697828400000,0.587,0.5217,0.8439639562704563,0.02629315766924223,0.01173823391808321,0.014006655744785271,1.0391433912822388,-1,0.002905692361619361,0.9820702208265956
241,1697832000000,0.585,0.522,0.8448169403884077,0.027782089872781524,0.012077497634825756,0.014021524305968583,1.1200345907663372,-1,-0.001488932203539295,0.9806079848486698
242,1697835600000,0.587,0.5208,0.8456290316474859,0.024415758422925815,0.012386019565404034,0.013983658431712795,0.8602712170257374,-1,0.0033663314498557084,0.9839090363480456
243,1697839200000,0.588,0.5202,0.846454502255879,0.022484752673543162,0.012694468424050776,0.013895593006528891,0.70456037715644,-1,0.0019310057493826527,0.9858089703541032
244,1697842800000,0.587,0.5149,0.8471649978633394,0.01761414625421981,0.01293151412689167,0.013794030757931886,0.33946800681414435,-1,0.004870606419323353,0.9906104578533365
245,1697846400000,0.586,0.5143,0.8479003480799153,0.017430396025169603,0.013177722037881841,0.013672499674601867,0.31103851442670427,-1,0.00018375022905020577,0.9907924827518666
246,1697850000000,0.588,0.5129,0.8485934888666357,0.013927028546418307,0.013390253362490763,0.013531545119062802,0.039668432481620546,-1,0.003503367478751296,0.9942635929141307
247,1697853600000,0.59,0.5123,0.8492501246382256,0.011242426463446864,0.01357440212771855,0.013385896802703526,-0.17421138819781587,0,0.0026846020829714434,0.9969327950266906
248,1697857200000,0.59,0.5139,0.8499715259966681,0.01241679966196585,0.013789075846179815,0.013207528058940893,-0.10390106143177923,0,0.0,0.9969327950266906
249,1697860800000,0.593,0.514,0.8506382120650685,0.0095715402454144,0.013966135310259985,0.013040076602234014,-0.3370068442767205,0,-0.0,0.9969327950266906
250,1697864400000,0.593,0.5127,0.8512489388479058,0.007909379263191907,0.014104789160815298,0.012906433241941255,-0.48002494426504627,0,-0.0,0.9969327950266906
251,1697868000000,0.595,0.5162,0.8518380619054233,0.009356353166273146,0.01423045566167802,0.01280296628391388,-0.38070103344167017,0,0.0,0.9969327950266906
252,1697871600000,0.596,0.5174,0.8523660848624657,0.009389813421970428,0.014320026316499692,0.012739731395302,-0.3869950426386044,0,0.0,0.9969327950266906
253,1697875200000,0.596,0.5168,0.8528821520975312,0.008482237349871524,0.014397959935551362,0.012681549588609573,-0.4664826285104207,0,-0.0,0.9969327950266906
254,1697878800000,0.598,0.5171,0.8534038297460687,0.0067645098118509495,0.014472743368126394,0.012615566542461664,-0.6110097022064729,0,-0.0,0.9969327950266906
255,1697882400000,0.596,0.5171,0.8539445250593932,0.008149063064601614,0.014554096364303102,0.012550020899644555,-0.5103603691913289,0,0.0,0.9969327950266906
256,1697886000000,0.6,0.5178,0.8543685218610764,0.005178886883354217,0.014566864758666889,0.012539773491134134,-0.7486560966950604,0,-0.0,0.9969327950266906
257,1697889600000,0.598,0.5162,0.8548076637820389,0.005025017058340797,0.014585395441964168,0.012524244992391916,-0.7633496781188007,0,-0.0,0.9969327950266906
258,1697893200000,0.602,0.5178,0.8552550816277484,0.0029364408600954794,0.014601147205634721,0.01250850804960031,-0.9325417787065317,0,-0.0,0.9969327950266906
259,1697896800000,0.606,0.5233,0.8556960702764521,0.004748181412470021,0.014612530524206063,0.012498960357819116,-0.789213568916161,0,0.0,0.9969327950266906
260,1697900400000,0.607,0.5235,0.8561258897699218,0.003831584909657515,0.014614741622333659,0.012497013603097192,-0.8628586840942307,0,-0.0,0.9969327950266906
261,1697904000000,0.605,0.5221,0.8565405527328176,0.0038929655966454257,0.014607281870981762,0.012503279131868885,-0.8569205055198068,0,0.0,0.9969327950266906
262,1697907600000,0.609,0.5255,0.8570061894942653,0.0035832305979923706,0.014623647647396367,0.012487692070239396,-0.8841038830317943,0,-0.0,0.9969327950266906
263,1697911200000,0.606,0.525,0.8575139208388206,0.005346563971674767,0.014662290999117027,0.012453111416373187,-0.7480642159190887,0,0.0,0.9969327950266906
264,1697914800000,0.605,0.5215,0.8579331749488482,0.0024504291559468427,0.014649624077506784,0.012465073941168223,-0.9786700808303939,0,-0.0,0.9969327950266906
265,1697918400000,0.604,0.5218,0.8583669155400727,0.0033463830137960837,0.01464264088605046,0.012471295844765685,-0.9057806031436194,0,0.0,0.9969327950266906
266,1697922000000,0.607,0.5232,0.8587831126127339,0.0019186506440705964,0.014622367479004115,0.012490681001710361,-1.0170555819329616,0,-0.0,0.9969327950266906
267,1697925600000,0.607,0.5223,0.8592405419591334,0.0007409910308060486,0.014619800272128036,0.012493541489706095,-1.110878709031964,0,-0.0,0.9969327950266906
268,1697929200000,0.608,0.5208,0.859668725520158,-0.0018785851162560485,0.014597777542670004,0.012521133809988401,-1.3158842409129494,0,-0.0,0.9969327950266906
269,1697932800000,0.608,0.5233,0.860147532820351,0.00033030004522660583,0.014601988143331829,0.01251621592631619,-1.1402558234951856,0,0.0,0.9969327950266906
270,1697936400000,0.608,0.5212,0.8605828230703332,-0.002034356426762529,0.014578530164235591,0.012545688626235962,-1.3241908902678086,0,-0.0,0.9969327950266906
271,1697940000000,0.606,0.5179,0.8610217055768236,-0.003879153579555039,0.014554019557893306,0.012579904741991731,-1.4652871794742928,0,-0.0,0.9969327950266906
272,1697943600000,0.606,0.5201,0.861451164571477,-0.0019394057303150358,0.014523438897035251,0.012616974284822337,-1.3048171658045116,0,0.0,0.9969327950266906
273,1697947200000,0.609,0.5209,0.8618547816253346,-0.0039695620098286755,0.014473023733221553,0.01268226139719652,-1.4542032501496192,0,-0.0,0.9969327950266906
274,1697950800000,0.613,0.5229,0.8621942609838035,-0.005625081983071434,0.01438504423302503,0.012794672406952208,-1.5639420517889628,0,-0.0,0.9969327950266906
275,1697954400000,0.611,0.5217,0.8625401151504647,-0.0053120103569338495,0.014299274772617757,0.01290129697043342,-1.5201018296451756,0,0.0,0.9969327950266906
276,1697958000000,0.601,0.5164,0.8629134116513799,-0.002210960402479367,0.014228691621967158,0.012974663219005476,-1.2670580921411112,0,0.0,0.9969327950266906
277,1697961600000,0.6,0.5164,0.8632974643322465,-0.001578478599347899,0.01416375825346035,0.013039546712826793,-1.2072687187295292,0,0.0,0.9969327950266906
278,1697965200000,0.601,0.5178,0.8637124344685603,-0.0012911731156046713,0.014113400029027367,0.013090854415432953,-1.176743141110134,0,0.0,0.9969327950266906
279,1697968800000,0.602,0.5169,0.8640872280055408,-0.0032805112593354835,0.014037663220067293,0.013172203489533123,-1.3147515139106467,0,-0.0,0.9969327950266906
280,1697972400000,0.599,0.5162,0.864399962097289,-0.0015755772962761094,0.013925428941292665,0.013262422126331863,-1.1687914990122594,0,0.0,0.9969327950266906
281,1697976000000,0.602,0.5165,0.8646265281550429,-0.004005169949335863,0.013763475182615685,0.013392210197843656,-1.3267895940591314,0,-0.0,0.9969327950266906
282,1697979600000,0.606,0.5182,0.8648428389330718,-0.0058947603934415005,0.01359761614012496,0.013543045787858426,-1.4392904549611516,0,-0.0,0.9969327950266906
283,1697983200000,0.602,0.5171,0.8650753528174039,-0.003675362396077131,0.013441712273433663,0.013661030451804047,-1.252985617000096,0,0.0,0.9969327950266906
284,1697986800000,0.603,0.5184,0.8653289116456208,-0.003393333722309322,0.013297784129021245,0.013770185294098127,-1.212120061919889,0,0.0,0.9969327950266906
285,1697990400000,0.605,0.5221,0.8656572768931415,-0.0016226525203506537,0.01319382279875576,0.01384776451841901,-1.0699543091882386,0,0.0,0.9969327950266906
286,1697994000000,0.609,0.5211,0.8658868555715173,-0.006225095043054019,0.013034762223732945,0.013988544186228222,-1.3768307130736572,0,-0.0,0.9969327950266906
287,1697997600000,0.608,0.52,0.8661023767575378,-0.006590245068582967,0.012868172441043131,0.014132857668409004,-1.3768211614499768,0,-0.0,0.9969327950266906
288,1698001200000,0.609,0.5204,0.8662733707116039,-0.007160482763366782,0.012680781366416023,0.01428625151741449,-1.3888362602042204,0,-0.0,0.9969327950266906
289,1698004800000,0.61,0.5195,0.8663566629780127,-0.008977564416587813,0.012446428956548695,0.01446749608114077,-1.4808363004199423,0,-0.0,0.9969327950266906
290,1698008400000,0.609,0.5185,0.8664664250592959,-0.009178052861111285,0.012227358676723116,0.01464490144266418,-1.4616289240073137,0,-0.0,0.9969327950266906
291,1698012000000,0.616,0.5221,0.8665786238346407,-0.011712432282138696,0.012011597920357693,0.014853816062015099,-1.5971673611311663,0,-0.0,0.9969327950266906
292,1698015600000,0.619,0.5226,0.86666097126819,-0.013863141215009644,0.011778922488360136,0.015094041031901099,-1.6988203257945003,0,-0.0,0.9969327950266906
293,1698019200000,0.619,0.5236,0.8668251633726016,-0.012964776127640465,0.011594482839900588,0.01529475888453638,-1.6057303781605514,0,0.0,0.9969327950266906
294,1698022800000,0.621,0.5229,0.8669587237712642,-0.015481367461955053,0.011392566427178539,0.015531736659417136,-1.730259434500488,0,-0.0,0.9969327950266906
295,1698026400000,0.622,0.5245,0.8670652498148086,-0.014814585384810952,0.011175855543190203,0.015760695191101882,-1.649066910619193,0,0.0,0.9969327950266906
296,1698030000000,0.625,0.5241,0.8671016077090744,-0.017838504818171508,0.010922526202038372,0.016042426613743714,-1.7928105088272623,0,-0.0,0.9969327950266906
297,1698033600000,0.626,0.525,0.8670689253594376,-0.017785147275007906,0.010628935729478041,0.01632401727152771,-1.7406305403784204,0,0.0,0.9969327950266906
298,1698037200000,0.622,0.523,0.8670944702659834,-0.016332760505441635,0.010368432799846623,0.01656604258459745,-1.6118027687622951,0,0.0,0.9969327950266906
299,1698040800000,0.617,0.5211,0.8671190396214283,-0.013912447446421283,0.010106877272679173,0.016762538649940005,-1.4329168881102876,0,0.0,0.9969327950266906
300,1698044400000,0.616,0.5238,0.8671699563311996,-0.010376693100018874,0.009862233393410979,0.016900002080219006,-1.1975694675871649,0,0.0,0.9969327950266906
301,1698048000000,0.621,0.5309,0.8672154192175981,-0.007640775334128436,0.009614669658516437,0.016992169045909385,-1.015493957600361,0,0.0,0.9969327950266906
302,1698051600000,0.614,0.5268,0.8672858569394555,-0.005713516160825605,0.0093818965112994,0.017057663492988193,-0.8849636808892495,0,0.0,0.9969327950266906
303,1698055200000,0.617,0.5309,0.8673549434128804,-0.004258000085747171,0.009151329453150815,0.0171006536582761,-0.784141343767193,0,0.0,0.9969327950266906
304,1698058800000,0.619,0.5314,0.8673526773162061,-0.0054913072587315925,0.008881507165782104,0.017138359002588765,-0.8386342252687476,0,-0.0,0.9969327950266906
305,1698062400000,0.619,0.5301,0.8672582245955857,-0.006732841024667535,0.008560448248362527,0.017157409089626558,-0.8913519047742733,0,-0.0,0.9969327950266906
306,1698066000000,0.615,0.5268,0.8671676712908004,-0.006508117843842198,0.008244540227095393,0.017170339939921272,-0.8591942921664272,0,0.0,0.9969327950266906
307,1698069600000,0.618,0.5292,0.866820962476834,-0.006495354810683418,0.0077739379128847295,0.016984399079637426,-0.8401411587576026,0,0.0,0.9969327950266906
308,1698073200000,0.619,0.5323,0.8664271619245076,-0.004018413231270279,0.007279015362828811,0.01666531773017303,-0.6779005823360198,0,0.0,0.9969327950266906
309,1698076800000,0.624,0.535,0.8659579920075537,-0.0053577870127135,0.0067463934620647465,0.016286185727863164,-0.7432176371456856,0,-0.0,0.9969327950266906
310,1698080400000,0.623,0.5322,0.865290076123142,-0.006875717424717487,0.006098978819786303,0.01563667201602904,-0.829760720900427,0,-0.0,0.9969327950266906
311,1698084000000,0.625,0.5338,0.8646671471286378,-0.0066169669553985955,0.005490172798306962,0.015035122867427001,-0.8052571209733973,0,0.0,0.9969327950266906
312,1698087600000,0.633,0.5357,0.8640454191305985,-0.011240750309668868,0.004898725955352815,0.014624563921639404,-1.1035868386571663,0,-0.0,0.9969327950266906
313,1698091200000,0.629,0.5361,0.8635915576300858,-0.007099089749323939,0.0044162246078134895,0.0142885393642019,-0.8059126313489796,0,0.0,0.9969327950266906
314,1698094800000,0.631,0.5386,0.863167346147563,-0.006058595419112245,0.003959264773088084,0.013950901099694076,-0.7180797943166558,0,0.0,0.9969327950266906
315,1698098400000,0.651,0.5502,0.8626633805128954,-0.011393860713894921,0.0034696062434821442,0.013702859063914118,-1.0846982288914697,0,-0.0,0.9969327950266906
316,1698102000000,0.651,0.5475,0.8622074056511101,-0.013797021078872707,0.0030197487735952734,0.013596146221327468,-1.2368776842138187,0,-0.0,0.9969327950266906
317,1698105600000,0.653,0.5513,0.861800821086985,-0.011455936169801229,0.0026045829678579585,0.013459146555463665,-1.0446813309980192,0,0.0,0.9969327950266906
318,1698109200000,0.653,0.5521,0.8614055875584238,-0.010397848675650745,0.0022011884707622198,0.013295945266129169,-0.9475849136133595,0,0.0,0.9969327950266906
319,1698112800000,0.663,0.5555,0.860956511663651,-0.015314167233000608,0.0017778971806854424,0.013239667313237611,-1.2909738597885039,0,-0.0,0.9969327950266906
320,1698116400000,0.653,0.5449,0.8604292369219394,-0.016960291710026443,0.0013111281585518836,0.013150243714674175,-1.3894358359449646,0,-0.0,0.9969327950266906
321,1698120000000,0.656,0.5453,0.8598334150721173,-0.018750720287308953,0.0008121017713285427,0.013048392904857199,-1.4992514558137908,0,-0.0,0.9969327950266906
322,1698123600000,0.65,0.5398,0.8592540995212848,-0.018715164688835273,0.00032843373167957824,0.012955113720754417,-1.4699676769341306,0,0.0,0.9969327950266906
323,1698127200000,0.644,0.5403,0.8587282411387319,-0.012720987293343367,-0.0001231995700540889,0.012687964795637035,-0.9928927078692111,0,0.0,0.9969327950266906
324,1698130800000,0.643,0.5404,0.8582511066041687,-0.011455461546480472,-0.0005383273874572541,0.012435453598867257,-0.8779039760976357,0,0.0,0.9969327950266906
325,1698134400000,0.65,0.5459,0.8577190416428117,-0.011617377067827506,-0.0009796075820480107,0.012108217447097835,-0.8785578498451243,0,-0.0,0.9969327950266906
326,1698138000000,0.652,0.5485,0.8571131639135389,-0.010337782871627343,-0.0014607419678526387,0.011593656924676295,-0.7656808340499139,0,0.0,0.9969327950266906
327,1698141600000,0.66,0.5526,0.8565599004904421,-0.012729534323691838,-0.0018952652256821732,0.011266819209777675,-0.9616084980406333,0,-0.0,0.9969327950266906
328,1698145200000,0.666,0.5521,0.8558984147869724,-0.017928344248123618,-0.002381147044800999,0.010998721211918083,-1.4135458935422294,0,-0.0,0.9969327950266906
329,1698148800000,0.671,0.5728,0.8554951597548874,-0.0012372521955295035,-0.0027193259584275663,0.01047212228075715,0.14152563569864146,0,0.0,0.9969327950266906
330,1698152400000,0.667,0.5771,0.855286559456458,0.006623864842542404,-0.002937873656502009,0.010056854133211722,0.9507683389249686,0,0.0,0.9969327950266906
331,1698156000000,0.676,0.5761,0.8548765682546892,-0.0017965601401699338,-0.003266525323312581,0.009510108994471864,0.15456869989577657,0,-0.0,0.9969327950266906
332,1698159600000,0.649,0.5539,0.8545352850341389,-0.0006933999871562291,-0.0035455159723134923,0.009045863369523037,0.3152950546176166,0,0.0,0.9969327950266906
333,1698163200000,0.656,0.5558,0.8541420513450636,-0.004517185682361813,-0.0038455375096013255,0.008610111913888326,-0.07800690391458234,0,-0.0,0.9969327950266906
334,1698166800000,0.656,0.5539,0.8537907138083555,-0.0061867082582812705,-0.004109991448629115,0.008303645633367865,-0.250096993699605,0,-0.0,0.9969327950266906
335,1698170400000,0.659,0.5577,0.8534602874958767,-0.0047303294597828005,-0.004356221731795253,0.007979986994596884,-0.04688074407149402,0,0.0,0.9969327950266906
336,1698174000000,0.661,0.5601,0.8531962592036754,-0.0038627273336293566,-0.004553885686018005,0.007738701099612336,0.08931193277684178,0,0.0,0.9969327950266906
337,1698177600000,0.654,0.5576,0.8530379274521429,-0.0002868045537014474,-0.004681988252875208,0.00756781669559468,0.5807730123447958,0,0.0,0.9969327950266906
338,1698181200000,0.663,0.5616,0.8527834490166801,-0.00379542669805899,-0.004862124101319929,0.007345939525791426,0.14520911852265983,0,-0.0,0.9969327950266906
339,1698184800000,0.662,0.5621,0.8525966746732341,-0.002318998633680902,-0.004994241199976543,0.007188675180837822,0.3721468141204633,0,0.0,0.9969327950266906
340,1698188400000,0.66,0.5588,0.8524029135059996,-0.0037859229139598494,-0.005124189001944896,0.0070573050521812964,0.1896284882246107,0,-0.0,0.9969327950266906
341,1698192000000,0.667,0.5571,0.8520332425473475,-0.011206172779080759,-0.005352661512448828,0.0069146488472704,-0.8465377484704288,0,-0.0,0.9969327950266906
342,1698195600000,0.664,0.5602,0.8517667206157757,-0.0053731024888751255,-0.005516693911458224,0.0067337311782826575,0.021324198840340255,0,0.0,0.9969327950266906
343,1698199200000,0.661,0.5554,0.8514700597406606,-0.007421709488576678,-0.005693404431885426,0.006568898185370873,-0.2631042540041551,0,-0.0,0.9969327950266906
344,1698202800000,0.658,0.5534,0.8512087963333066,-0.006695387987315726,-0.0058429588518761665,0.006433915609672071,-0.13248994658215715,0,0.0,0.9969327950266906
345,1698206400000,0.663,0.557,0.8509073977548928,-0.007151604711493897,-0.006012966271610561,0.0062598360229698035,-0.18189588923818828,0,-0.0,0.9969327950266906
346,1698210000000,0.658,0.5493,0.8505890921190726,-0.010387622614349779,-0.006185927488251717,0.006161407001068904,-0.681937603759845,0,-0.0,0.9969327950266906
347,1698213600000,0.66,0.5503,0.8502572951179644,-0.010869814777856535,-0.0063625367308761316,0.006063472948012416,-0.7433492464838772,0,-0.0,0.9969327950266906
348,1698217200000,0.647,0.5439,0.850044483011818,-0.006078780508646187,-0.006462705857195483,0.005982046321869153,0.06417960140926073,0,0.0,0.9969327950266906
349,1698220800000,0.65,0.5466,0.8497982962780947,-0.005768892580761631,-0.006579562234898057,0.0058621069915468565,0.13828980864822324,0,0.0,0.9969327950266906
350,1698224400000,0.656,0.5485,0.8495041644205557,-0.008774731859884533,-0.006719632421226302,0.005760270331055437,-0.3567713528267138,0,-0.0,0.9969327950266906
351,1698228000000,0.657,0.5532,0.8492766989302805,-0.004774791197194261,-0.006815940830046743,0.005652287957113345,0.3611191871928103,0,0.0,0.9969327950266906
352,1698231600000,0.655,0.5518,0.8490547494050338,-0.004330860860297214,-0.006903875179583294,0.005549310008676337,0.4636638276223847,0,0.0,0.9969327950266906
353,1698235200000,0.656,0.5534,0.8488133638618002,-0.0034215666933409272,-0.007001298853639024,0.005406965845699458,0.6620593254061906,0,0.0,0.9969327950266906
354,1698238800000,0.657,0.5529,0.848592929756376,-0.004625554849939095,-0.007079920898148868,0.005318710410468955,0.4614588610387173,0,-0.0,0.9969327950266906
355,1698242400000,0.661,0.5582,0.8483886972432733,-0.002584928877803594,-0.007145824363611086,0.005223971114545251,0.8730705790291339,0,0.0,0.9969327950266906
356,1698246000000,0.664,0.5585,0.8481623283754793,-0.004679786041318357,-0.007219140326782074,0.005140969688839915,0.49394461340166645,0,-0.0,0.9969327950266906
357,1698249600000,0.652,0.5508,0.8479978894316601,-0.0020946239094424834,-0.007250647159451503,0.005100164469077363,1.0109523489429277,0,0.0,0.9969327950266906
358,1698253200000,0.656,0.5595,0.8479686137496408,0.0032325893802356287,-0.007193856331712706,0.005188349348209212,2.009588216249756,-1,0.0,0.9969327950266906
359,1698256800000,0.656,0.5599,0.8479048949166694,0.003674388934664763,-0.007156699788496727,0.005254393355504339,2.061339528723174,-1,-0.0004417995544291342,0.9964923505620521
360,1698260400000,0.657,0.5563,0.8477963740415894,-0.0007022177453241962,-0.0071418982475918566,0.005270835624200883,1.2217570346341406,-1,0.004376606679988959,1.00085360564008
361,1698264000000,0.654,0.5535,0.8477106094124099,-0.0009027385557160983,-0.007108826969549202,0.005300789855101007,1.1707855967655307,-1,0.00020052081039190206,1.0010542976161667
362,1698267600000,0.653,0.5539,0.8476109811969873,0.0004100292783671966,-0.007082722136119399,0.005332225705314877,1.4051827189194603,-1,-0.001312767834083295,0.9997401457340853
363,1698271200000,0.656,0.5546,0.8475071563547938,-0.0013646945687447731,-0.0070537791645518,0.005356328649186438,1.062123885298026,-1,0.0017747238471119697,1.0015144084116347
364,1698274800000,0.662,0.5552,0.8473452696348042,-0.005742568498240397,-0.0070550845702759,0.005355990850994108,0.24505569717168044,-1,0.004377873929495624,1.0058989122302344
365,1698278400000,0.663,0.5557,0.8471695028491248,-0.005973380388969773,-0.00706243312618741,0.005354025785285815,0.20340819803494833,-1,0.00023081189072937658,1.006131085660049
366,1698282000000,0.665,0.5543,0.8468876810768519,-0.0088803079161065,-0.007136536987449934,0.0053322332890058995,-0.3270245006443935,0,0.0029069275271367268,1.0090558358088622
367,1698285600000,0.663,0.5541,0.8466208210270987,-0.007209604340966402,-0.007199105051245695,0.005299218038206164,-0.0019812903800163987,0,0.0,1.0090558358088622
368,1698289200000,0.668,0.557,0.8463209114407944,-0.008342368842450654,-0.007277451670432872,0.005262890335314541,-0.20234454912960592,0,-0.0,1.0090558358088622
369,1698292800000,0.665,0.5547,0.8460553777736597,-0.007926826219483707,-0.007329077392212297,0.005246003928030761,-0.1139436484363808,0,0.0,1.0090558358088622
370,1698296400000,0.661,0.5508,0.845753654541336,-0.008243165651823148,-0.0074031617072739305,0.005210801683264033,-0.16120435886998502,0,-0.0,1.0090558358088622
371,1698300000000,0.663,0.5532,0.8455007278902499,-0.0073669825912356934,-0.007440515181072818,0.005198203890094397,0.014145768690844758,0,0.0,1.0090558358088622
372,1698303600000,0.67,0.5577,0.8452485367314274,-0.008616519610056383,-0.007470756950146317,0.005197027159641026,-0.22046501292273557,0,-0.0,1.0090558358088622
373,1698307200000,0.672,0.5627,0.845020406041242,-0.005153712859714665,-0.007487183066408956,0.005187223408589944,0.44984956746418675,0,0.0,1.0090558358088622
374,1698310800000,0.667,0.5601,0.8448153573394999,-0.003391843345446399,-0.007487166506666035,0.005187236627042323,0.789499969958903,0,0.0,1.0090558358088622
375,1698314400000,0.66,0.5595,0.8446722407128815,0.002016321129498233,-0.007446733466112158,0.005247297151872729,1.8034150385847851,-1,0.0,1.0090558358088622
376,1698318000000,0.654,0.5561,0.8446279388171699,0.003713328013570938,-0.00733630654326077,0.005376284211281314,2.055254916331568,-1,-0.0016970068840727048,1.0073434611090808
377,1698321600000,0.661,0.5595,0.844544724462028,0.0012559371305994604,-0.007249126741047631,0.005451605738026691,1.5601025239814308,-1,0.0024573908829714775,1.009818897746431
378,1698325200000,0.654,0.5548,0.844489534606467,0.0025038443673705,-0.007141745328483884,0.005547704530385473,1.7386631971880047,-1,-0.0012479072367710398,1.0085587374361051
379,1698328800000,0.646,0.5513,0.8445175808660591,0.0057416427605258,-0.0069781985820715105,0.00570763282856564,2.2285668550606252,-1,-0.0032377983931553,1.0052932275766318
380,1698332400000,0.639,0.5475,0.8445827746953232,0.007811606969688523,-0.006789424583951513,0.005911378512214743,2.469987588084534,-1,-0.0020699642091627224,1.0032123065758345
381,1698336000000,0.635,0.5481,0.8447505913114886,0.011683374517204803,-0.006529471175069918,0.006199834827910626,2.9376340173263196,-1,-0.0038717675475162805,0.9993281017239652
382,1698339600000,0.642,0.5519,0.8449176221137106,0.009462886602997767,-0.006270293088203169,0.006374902435290601,2.46798752622537,-1,0.0022204879142070366,1.001547097696171
383,1698343200000,0.641,0.5509,0.8450652109851542,0.009213199758516089,-0.006023871133912541,0.0065397335458401195,2.329922279803101,-1,0.000249686844481678,1.0017971708305944
384,1698346800000,0.646,0.551,0.8451826501263119,0.005012008018402514,-0.005796166961908568,0.006563469028703237,1.6467168402935974,-1,0.0042011917401135745,1.0060059128299572
385,1698350400000,0.646,0.5517,0.8452994935007639,0.005636527198506491,-0.005568932377649485,0.006601642297650993,1.6973745427169118,-1,-0.0006245191801039773,1.0053776428420969
386,1698354000000,0.646,0.5518,0.8454662310061659,0.0056288147700167546,-0.005308184382225171,0.006574976129401052,1.663427963386117,-1,7.712428489736745e-06,1.0053853967452724
387,1698357600000,0.649,0.5539,0.8456249383109685,0.005089415036181322,-0.005054022578767513,0.006529207772996012,1.553547990446992,-1,0.0005393997338354328,1.0059277013606789
388,1698361200000,0.651,0.5533,0.8457214275675414,0.0027353506535304772,-0.004842154677001156,0.006468196876502261,1.171501961861934,-1,0.0023540643826508445,1.0082957199339737
389,1698364800000,0.649,0.554,0.8458202032346213,0.00506268810073085,-0.004631319837588355,0.006478468125932957,1.4963426152418062,-1,-0.0023273374472003727,1.0059490755471194
390,1698368400000,0.635,0.5496,0.8459835516909983,0.012400444676216038,-0.0043782405289635225,0.006692848900698802,2.5069571200729923,-1,-0.007337756575485188,0.9985676661034203
391,1698372000000,0.641,0.5532,0.846076809965755,0.010864764811951089,-0.004172623416229306,0.006873320978229,2.187790774766781,-1,0.0015356798642649494,1.0001011463613614
392,1698375600000,0.645,0.5525,0.8460738203164262,0.006782385895905074,-0.004033780060043409,0.006967411363479837,1.552393764582662,-1,0.0040823789160460144,1.0041839381951805
393,1698379200000,0.646,0.5516,0.8460157525040247,0.005073823882399964,-0.003930093127063996,0.007033163548386589,1.2802086781459054,-1,0.0017085620135051105,1.0058996487265528
394,1698382800000,0.642,0.5502,0.8460093463227908,0.00706199966076837,-0.0037906119390695523,0.007125722852732953,1.5230190429979442,-1,-0.001988175778368406,1.0038997434094854
395,1698386400000,0.649,0.5507,0.845933397875779,0.0016892247786193249,-0.0036970334301441427,0.00714193282904844,0.754173742275466,-1,0.005372774882149045,1.0092934707350718
396,1698390000000,0.642,0.5453,0.8458653468350911,0.002254447331871523,-0.0035996715948584347,0.007162877138205446,0.8172859611824392,-1,-0.0005652225532521982,1.0087229953025623
397,1698393600000,0.647,0.5503,0.8458124054473972,0.003059373675533994,-0.0034935079450115745,0.007190231770742599,0.9113588865395912,-1,-0.000804926343662471,1.0079110475901851
398,1698397200000,0.652,0.5517,0.845675485127145,0.0003195836971013888,-0.0034453079791407783,0.0072012050962621,0.5228141159590627,-1,0.002739789978432605,1.0106725121775242
399,1698400800000,0.649,0.5506,0.8455867052495082,0.0018142282930690978,-0.0033656189201876382,0.007219463545085388,0.7174836718696211,-1,-0.001494644595967709,1.009161915968905
400,1698404400000,0.652,0.549,0.8454599802842713,-0.0022399071453448327,-0.0033141099170834977,0.0072106708104289746,0.14897404138669296,-1,0.0040541354384139305,1.0132531950555321
401,1698408000000,0.659,0.553,0.8453015020708893,-0.0040536898647159925,-0.003285629060520358,0.007202536190560254,-0.10663754875709837,0,0.0018137827193711598,1.0150910161910716
402,1698411600000,0.661,0.5531,0.8451945398389439,-0.005573590833541919,-0.0032226606218967247,0.007156834493501275,-0.3284874358600781,0,-0.0,1.0150910161910716
403,1698415200000,0.65,0.5494,0.845122054970448,7.066426920876445e-05,-0.0031429966883574725,0.007153103382721049,0.44926807088083165,0,0.0,1.0150910161910716
404,1698418800000,0.655,0.5547,0.8450544435600251,0.001189339468183448,-0.0030624640784986316,0.0071607056317353575,0.593768793935421,0,0.0,1.0150910161910716
405,1698422400000,0.646,0.5505,0.8451301188483755,0.004545943223949411,-0.002885355145855917,0.0071494404338046085,1.039423775694111,0,0.0,1.0150910161910716
406,1698426000000,0.646,0.5426,0.8451191855361563,-0.00334699385635695,-0.0027692437322724083,0.007054463609995473,-0.08189851929577288,0,-0.0,1.0150910161910716
407,1698429600000,0.641,0.5433,0.8451549185545297,0.0015556972065464691,-0.0026246700280907675,0.007007613039881762,0.5965465288745126,0,0.0,1.0150910161910716
408,1698433200000,0.646,0.5452,0.8451384107113203,-0.0007594133195129027,-0.0025175763019114577,0.006960979256253581,0.2525740873051823,0,-0.0,1.0150910161910716
409,1698436800000,0.644,0.5458,0.845246943127811,0.0014609686256896737,-0.002331185903481566,0.006837984641625322,0.5545719576623502,0,0.0,1.0150910161910716
410,1698440400000,0.644,0.5462,0.8453973585996016,0.0017641010618565378,-0.0021231370949050883,0.006670688923354062,0.5827341375719706,0,0.0,1.0150910161910716
411,1698444000000,0.642,0.5456,0.845602887075724,0.002722946497385137,-0.0018845407972973762,0.006449644654748126,0.7143784721985503,0,0.0,1.0150910161910716
412,1698447600000,0.643,0.543,0.8457568576317471,-0.0008216594572133529,-0.0016857240725015772,0.006195791274849676,0.139459929645417,0,-0.0,1.0150910161910716
413,1698451200000,0.645,0.5421,0.845772717796473,-0.0034234029787251208,-0.00158241758011693,0.006086270070678865,-0.3024817133037356,0,-0.0,1.0150910161910716
414,1698454800000,0.65,0.5434,0.8457228410330151,-0.0063198466714597945,-0.0015253551926167003,0.006016337314800651,-0.796912012737098,0,-0.0,1.0150910161910716
415,1698458400000,0.659,0.545,0.845576457443763,-0.012234885455439826,-0.0015322163969235037,0.006028316051483976,-1.7753994593368527,0,-0.0,1.0150910161910716
416,1698462000000,0.659,0.5454,0.8454218156406267,-0.011732976507172976,-0.0015477185484295663,0.006052958029264062,-1.6826909933128624,0,0.0,1.0150910161910716
417,1698465600000,0.661,0.5455,0.8452854855952909,-0.013233705978487387,-0.0015533204557050724,0.0060636467448464855,-1.9262971631237447,1,-0.0,1.0150910161910716
418,1698469200000,0.66,0.5448,0.8452490310424098,-0.013064360487990534,-0.0014992761917035937,0.0059363998304875765,-1.948164649707744,1,0.00016934549049685277,1.0152629172771073
419,1698472800000,0.662,0.5455,0.8449094800272402,-0.01383007577803308,-0.0016391964537314113,0.006076897671896196,-2.0061024526841678,1,-0.0007657152900425457,1.014485514937935
420,1698476400000,0.668,0.5449,0.844337141726129,-0.019117210673054164,-0.0019252084039047064,0.006285790589541117,-2.73505806855149,1,-0.005287134895021084,1.0091217931714132
421,1698480000000,0.67,0.5461,0.8439028055455685,-0.01931487971553092,-0.0021198563991864953,0.006547551003726637,-2.6261763072265674,1,-0.00019766904247675576,1.0089223210328144
422,1698483600000,0.67,0.5468,0.8434749365302724,-0.018328207475282632,-0.002315798704610122,0.006764653848909504,-2.3670699385828575,1,0.0009866722402482875,1.0099177966795443
423,1698487200000,0.672,0.5462,0.8430737331017911,-0.020345548644403633,-0.0024916694041883644,0.007023340096512346,-2.542078127340175,1,-0.002017341169121001,1.0078804479308747
424,1698490800000,0.67,0.547,0.8427494334375734,-0.017642120403174144,-0.0026189517613538407,0.007192814005582983,-2.0886357731702065,1,0.0027034282412294885,1.0106051803975942
425,1698494400000,0.662,0.5452,0.842491928256313,-0.012529656505679276,-0.0027056109507526903,0.00726515718549628,-1.3522137655244013,1,0.005112463897494868,1.015771862896998
426,1698498000000,0.666,0.5456,0.8421696025613616,-0.015284955305866932,-0.0028325245948886634,0.007384385777194197,-1.6863190909440469,1,-0.0027552988001876555,1.0129731079018935
427,1698501600000,0.663,0.5451,0.8418265375909383,-0.013030994422792097,-0.002974126704545226,0.007456855782555742,-1.3486740271648392,1,0.0022539608830748348,1.0152563096627112
428,1698505200000,0.673,0.5474,0.8414334855852962,-0.018884735798904373,-0.0031417856945546194,0.007642842892855569,-2.059829087820981,1,-0.005853741376112276,1.0093132617954794
429,1698508800000,0.671,0.5474,0.8410480048031039,-0.01694321122288278,-0.0033042769455457516,0.007779393182497262,-1.7532131308163033,1,0.0019415245760215916,1.01127286829816
430,1698512400000,0.674,0.5466,0.8406314838112405,-0.019985620088776135,-0.003484273580821488,0.007975599461715737,-2.068978838163072,1,-0.0030424088658933535,1.0081961627578122
431,1698516000000,0.674,0.5466,0.8403453312001578,-0.01979275322890639,-0.003579680030263995,0.008119076017689924,-1.996911121821891,1,0.00019286685986974472,1.0083906103858562
432,1698519600000,0.671,0.5445,0.8399714188100923,-0.019120822021571948,-0.003732432469516182,0.0082809086793753,-1.8582972168721759,1,0.0006719312073344419,1.0090681795061576
433,1698523200000,0.673,0.5463,0.8396379804309977,-0.01877636083006151,-0.0038585952621993467,0.008423024492537762,-1.7710699501204479,1,0.00034446119151043675,1.0094157643335855
434,1698526800000,0.676,0.5474,0.8392698803086115,-0.01994643908862137,-0.004005829163324965,0.008587378852580008,-1.856283529462215,1,-0.001170078258559859,1.0082346688938912
435,1698530400000,0.673,0.546,0.8389331529834115,-0.01860201195783595,-0.0041330559105065435,0.008718332470533918,-1.6596013166773986,1,0.0013444271307854194,1.0095901669369507
436,1698534000000,0.672,0.5446,0.8386470635675238,-0.018970826717376044,-0.004228424844984613,0.008833701326232847,-1.6688816304680705,1,-0.0003688147595400926,1.0092178151822977
437,1698537600000,0.671,0.5441,0.8383792276419965,-0.01845246174777959,-0.004312676477983758,0.008933353206741058,-1.5828082627614042,1,0.0005183649695964521,1.0097409583443808
438,1698541200000,0.666,0.5427,0.8380859299594569,-0.015465229352998322,-0.004416970354032115,0.009008677788983408,-1.2264018380673993,1,0.0029872323947812696,1.0127572892454846
439,1698544800000,0.667,0.5434,0.8377869811855886,-0.015403916450787647,-0.0045240261748101815,0.009081876214021848,-1.197978261273766,1,6.131290221067509e-05,1.0128193843341233
440,1698548400000,0.661,0.5425,0.8376133940347226,-0.01116245345695166,-0.004550556414777594,0.009097906412200298,-0.7267492918269095,1,0.004241462993835987,1.0171152202722165
441,1698552000000,0.666,0.5437,0.8373219107547998,-0.013956392562696762,-0.004652574207727622,0.009151767792805604,-1.0166143378641082,1,-0.0027939391057451024,1.0142734622832494
442,1698555600000,0.667,0.5448,0.8370303145487159,-0.0134992198039936,-0.004754444862657582,0.009199051999504564,-0.950616970292916,1,0.00045717275870316154,1.014737160480081
443,1698559200000,0.673,0.5455,0.8366491436935919,-0.01756487370578741,-0.0049115927183514315,0.009296317723915459,-1.3611067697142585,1,-0.004065653901793809,1.01061159038428
444,1698562800000,0.671,0.547,0.8363464777652668,-0.014188486580493986,-0.0050178475153575975,0.009347521693801581,-0.9810770560947203,1,0.003376387125293423,1.014023806346726
445,1698566400000,0.675,0.5488,0.8359822895234472,-0.015488045428326935,-0.005161215477030079,0.009408539307609915,-1.0976018288985836,1,-0.001299558847832949,1.0127060227372748
446,1698570000000,0.673,0.5509,0.835721620432426,-0.011540650551022824,-0.005237447304915684,0.009432359351132676,-0.668253086153914,1,0.003947394877304111,1.016703573303643
447,1698573600000,0.672,0.5526,0.8354673757708639,-0.008834076518020595,-0.005312330111677663,0.009433880249700396,-0.37330836444047255,1,0.002706574033002229,1.0194553567944074
448,1698577200000,0.674,0.5552,0.8351382744638456,-0.007683196988631957,-0.005433616626887303,0.009392868450173564,-0.23949876160600184,1,0.0011508795293886376,1.0206286270956677
449,1698580800000,0.676,0.555,0.8347700660483971,-0.009304564648716429,-0.005577827222258205,0.009351001140860042,-0.3985388698300879,1,-0.0016213676600844718,1.0189738128467383
450,1698584400000,0.677,0.5532,0.8344307547160579,-0.01170962094277117,-0.005700131702229838,0.009358496625924395,-0.6421425877201445,1,-0.0024050562940547415,1.0165231234646743
451,1698588000000,0.687,0.556,0.8339971768797917,-0.01695606051641685,-0.005878501946237624,0.009418823716000054,-1.1761084933951387,1,-0.005246439573645678,1.0111899963222033
452,1698591600000,0.685,0.5565,0.8335830009427877,-0.014504355645809652,-0.006044217334284034,0.009438122290627647,-0.8963793910497221,1,0.0024517048706071964,1.0136691357612957
453,1698595200000,0.682,0.5558,0.8332315590162915,-0.012463923249110942,-0.0061675420973992135,0.009448798414871926,-0.6663684497492872,1,0.0020404323966987103,1.0157374591054367
454,1698598800000,0.693,0.5586,0.8328378422611008,-0.018556624686942857,-0.006309920499495907,0.009538441303283776,-1.2839313885834582,1,-0.0060927014378319155,1.0095488740278853
455,1698602400000,0.696,0.5585,0.832403015499855,-0.020852498787898965,-0.006475244037261787,0.00966070415100376,-1.4882201675892706,1,-0.002295874100956108,1.0072310769143553
456,1698606000000,0.693,0.5585,0.8320664483865883,-0.018122048731905593,-0.006577930046326222,0.009735383135959542,-1.185789868191105,1,0.002730450055993372,1.0099812710647145
457,1698609600000,0.692,0.5582,0.8317157295416566,-0.017347284842826327,-0.006690570940791332,0.009801199204584997,-1.0872867370198729,1,0.0007747638890792663,1.010763768082182
458,1698613200000,0.687,0.5551,0.8314073074366785,-0.016076820208998144,-0.006776509289308526,0.009849633868463712,-0.9442290996690851,1,0.0012704646338281833,1.0120479077026852
459,1698616800000,0.69,0.5572,0.8310880634149529,-0.0162507637563174,-0.006868997484162234,0.009899511380642587,-0.9476999329987322,1,-0.0001739435473192552,1.0118718684995622
460,1698620400000,0.684,0.5561,0.8308491344507919,-0.012200807964341642,-0.006912971287634661,0.009914462712711406,-0.5333457626430332,1,0.004049955791975757,1.0159699048341293
461,1698624000000,0.687,0.5545,0.8305258853112641,-0.01607128320883855,-0.00700968573894136,0.009961285468127114,-0.9096815364735168,1,-0.003870475244496907,1.0120376184683149
462,1698627600000,0.691,0.5547,0.8301686942454265,-0.018946567723589713,-0.007124464051313953,0.010039216977129721,-1.177592206564279,1,-0.002875284514751164,1.0091277223755872
463,1698631200000,0.69,0.5542,0.8297613325097049,-0.018335319431696306,-0.007270926346558193,0.010106073326116629,-1.094826123668126,1,0.000611248291893407,1.0097445499721915
464,1698634800000,0.685,0.5549,0.8294153444731689,-0.013249510964120748,-0.007380455986765686,0.010116972273682832,-0.5801197056378389,1,0.005085808467575559,1.0148799173545284
465,1698638400000,0.685,0.552,0.8289339894771379,-0.015819782791839487,-0.007578634919224994,0.010105519944209882,-0.8155095351958006,1,-0.0025702718277187397,1.0122714000944346
466,1698642000000,0.681,0.5512,0.828474239276036,-0.012990956946980603,-0.007764238085453345,0.01004903757602572,-0.5201213371912145,1,0.0028288258448588843,1.0151349395930331
467,1698645600000,0.68,0.5505,0.8280552478550731,-0.012577568541449757,-0.007917943704031668,0.010015257575933127,-0.4652526210224752,1,0.00041338840553084566,1.0155545846071101
468,1698649200000,0.675,0.5528,0.8277321255133151,-0.00591918472148778,-0.008011532916130094,0.009955954838266515,0.21016047467393129,0,0.006658383819961977,1.022316536821546
469,1698652800000,0.686,0.5555,0.8272492443853866,-0.011992981648375256,-0.008208584298451217,0.009855688901045155,-0.3839810071036962,0,-0.0,1.022316536821546
470,1698656400000,0.689,0.5591,0.8267572712406405,-0.010535759884801155,-0.00841244393016777,0.009709261570097215,-0.21868974682614564,0,0.0,1.022316536821546
471,1698660000000,0.69,0.558,0.8261730268773477,-0.012059388545369809,-0.00867625240864082,0.009476881038156968,-0.35698835124208017,0,-0.0,1.022316536821546
472,1698663600000,0.689,0.5626,0.8257125661721085,-0.006315958092582785,-0.008851572905258382,0.009281478279135393,0.27319083624594764,0,0.0,1.022316536821546
473,1698667200000,0.687,0.5641,0.8253113692167203,-0.0028889106518869,-0.008986040798707304,0.009102765143267529,0.6698107718762673,0,0.0,1.022316536821546
474,1698670800000,0.69,0.5757,0.8251307458093059,0.006359785391578998,-0.0089710654945609,0.009127128649338654,1.6797014126946443,0,0.0,1.022316536821546
475,1698674400000,0.685,0.582,0.8251167722716592,0.01679501099391334,-0.0088470823412786,0.00939951227295357,2.7280238155521372,-1,0.0,1.022316536821546
476,1698678000000,0.687,0.5779,0.8250036081808896,0.011122521179728784,-0.008786041158948467,0.009511744414942458,2.093050598311066,-1,0.005672489814184556,1.0281156169635386
477,1698681600000,0.689,0.5797,0.8248985249672722,0.011344916297549523,-0.008716535589377709,0.009636316171548427,2.081859035111301,-1,-0.0002223951178207395,1.0278869690697707
478,1698685200000,0.681,0.5787,0.824921735091102,0.016928298402959507,-0.008558836169939608,0.00993726843145918,2.564802867980553,-1,-0.005583382105409984,1.0221478833602824
479,1698688800000,0.68,0.5785,0.824917960744758,0.0175557866935645,-0.008420023963352568,0.010213112003300056,2.5433786145225645,-1,-0.0006274882906049939,1.0215064975322072
480,1698692400000,0.683,0.5823,0.8248318363852621,0.01893985574886592,-0.008347363840323125,0.01038472160130937,2.6276313065290555,-1,-0.0013840690553014179,1.0200926619991835
481,1698696000000,0.689,0.5797,0.8246375812536462,0.011524706516237826,-0.00834003115471994,0.010398663406616831,1.9103164410839113,-1,0.007415149232628093,1.0276568013190162
482,1698699600000,0.695,0.5806,0.8244374417841203,0.007615977960036435,-0.008330769020674035,0.010412646192993803,1.5314788080901387,-1,0.003908728556201391,1.0316736328043064
483,1698703200000,0.692,0.5783,0.8242673178058939,0.00790701607832145,-0.008299289107386018,0.010457811569510254,1.5496841837308433,-1,-0.00029103811828501414,1.0313733764515307
484,1698706800000,0.692,0.578,0.8240644887939044,0.007747373754618203,-0.008291673839676576,0.010469366339689793,1.531997933197743,-1,0.00015964232370324627,1.031538027293953
485,1698710400000,0.697,0.5783,0.8238782365756648,0.004056869106761729,-0.008265366680474994,0.010497664319157865,1.1738073739649952,-1,0.003690504647856474,1.035344923178122
486,1698714000000,0.696,0.5794,0.8237223582854832,0.006089238633303684,-0.008222757888236858,0.010548502161668888,1.3567799771182139,-1,-0.002032369526541955,1.0332407197067948
487,1698717600000,0.691,0.5773,0.823584437350007,0.008203153791145223,-0.008165604775841178,0.010623981779580708,1.5407366942634588,-1,-0.0021139151578415394,1.0310565364877076
488,1698721200000,0.686,0.5741,0.8235025630076388,0.009177241776759826,-0.008067186352733862,0.010743821926984955,1.6050552816946213,-1,-0.0009740879856146023,1.0300521967030254
489,1698724800000,0.688,0.573,0.8233544194246317,0.006532159435853391,-0.008014764895591815,0.010803919063962017,1.346448843731948,-1,0.002645082340906435,1.0327767695787364
490,1698728400000,0.689,0.5719,0.8232380753918378,0.00468896605502378,-0.007937777415587719,0.010870017384737557,1.1616120769356393,-1,0.0018431933808296108,1.0346803768842985
491,1698732000000,0.685,0.5717,0.823199506844103,0.0078083378117893565,-0.007805977108070993,0.010988905706024892,1.4209162711533216,-1,-0.0031193717567655765,1.0314528241393661
492,1698735600000,0.68,0.5682,0.8231946903874839,0.008427610536510866,-0.007650408203959295,0.011119198901403157,1.4459691640592236,-1,-0.0006192727247215091,1.0308140735385396
493,1698739200000,0.687,0.5733,0.8230978068823115,0.007831806671852015,-0.00756417328837437,0.01120948170601835,1.373478307383321,-1,0.0005958038646588504,1.0314282365472986
494,1698742800000,0.692,0.5745,0.8229323678410512,0.005030801453992595,-0.007521490377420935,0.011250426293478645,1.1157169963141322,-1,0.0028010052178594202,1.0343172724197152
495,1698746400000,0.693,0.6005,0.8231446298490066,0.030060771514638485,-0.007237992285302168,0.011862738480534984,3.144195066016372,-1,-0.02502997006064589,1.0084283420578408
496,1698750000000,0.701,0.6041,0.8234350611938938,0.026872022103080484,-0.006902225441308418,0.012390052592187192,2.7259163989090704,-1,0.0031887494115580006,1.011643967340176
497,1698753600000,0.69,0.5995,0.8237183549515962,0.03113433508339869,-0.006573573909343393,0.01299447389222922,2.9018419141456473,-1,-0.004262312980318206,1.0073320241267214
498,1698757200000,0.679,0.5958,0.824113515657768,0.03622692286837548,-0.006162614618366856,0.013743678214572322,3.084293507526756,-1,-0.0050925877849767875,1.0022020973652377
499,1698760800000,0.684,0.5948,0.8243931259088138,0.03091510187837132,-0.005835346471114838,0.014267938492921376,2.575736387405849,-1,0.005311820990004157,1.0075256155022487
