,time,timestamp,THETAUSDT,XRPUSDT,hedge_ratio,calculated_spread,rolling_mean_spread,rolling_std_spread,z_score,trading_signal
25400,2023-10-12 21:00:00,1697144400000,0.5850000000,0.4834000000,1.2000213809,-0.2186125078,-0.2100937407,0.0084812862,-1.0044192468,1
25401,2023-10-12 22:00:00,1697148000000,0.5850000000,0.4846000000,1.2004060624,-0.2176375465,-0.2102547988,0.0084823344,-0.8703674315,1
25402,2023-10-12 23:00:00,1697151600000,0.5830000000,0.4830000000,1.2007985577,-0.2170655592,-0.2104131575,0.0084718920,-0.7852321106,1
25403,2023-10-13 00:00:00,1697155200000,0.5840000000,0.4838000000,1.2011679828,-0.2176821020,-0.2105727966,0.0084689525,-0.8394550935,1
25404,2023-10-13 01:00:00,1697158800000,0.5820000000,0.4846000000,1.2014465277,-0.2146418791,-0.2106969409,0.0084436673,-0.4672067312,1
25405,2023-10-13 02:00:00,1697162400000,0.5840000000,0.4845000000,1.2017834382,-0.2173415279,-0.2108553166,0.0084300052,-0.7694196060,1
25406,2023-10-13 03:00:00,1697166000000,0.5800000000,0.4829000000,1.2021313011,-0.2143361546,-0.2110149397,0.0083542090,-0.3975498957,1
25407,2023-10-13 04:00:00,1697169600000,0.5830000000,0.4814000000,1.2023945782,-0.2195960391,-0.2111543283,0.0083895495,-1.0062174208,1
25408,2023-10-13 05:00:00,1697173200000,0.5810000000,0.4812000000,1.2026823039,-0.2175584185,-0.2113434830,0.0083348565,-0.7456559827,1
25409,2023-10-13 06:00:00,1697176800000,0.5820000000,0.4793000000,1.2029131453,-0.2207954506,-0.2115043026,0.0083732716,-1.1096197952,1
25410,2023-10-13 07:00:00,1697180400000,0.5840000000,0.4826000000,1.2031280874,-0.2200268031,-0.2116747059,0.0083855815,-0.9960069128,1
25411,2023-10-13 08:00:00,1697184000000,0.5820000000,0.4816000000,1.2033377515,-0.2187425714,-0.2118230667,0.0083886054,-0.8248694924,1
25412,2023-10-13 09:00:00,1697187600000,0.5830000000,0.4806000000,1.2035419931,-0.2210649820,-0.2119664587,0.0084329739,-1.0789222659,1
25413,2023-10-13 10:00:00,1697191200000,0.5840000000,0.4810000000,1.2038172650,-0.2220292828,-0.2121511684,0.0084655473,-1.1668606955,1
25414,2023-10-13 11:00:00,1697194800000,0.5850000000,0.4797000000,1.2041447811,-0.2247246970,-0.2123754378,0.0085228035,-1.4489667782,1
25415,2023-10-13 12:00:00,1697198400000,0.5870000000,0.4835000000,1.2045057249,-0.2235448605,-0.2126419442,0.0084840483,-1.2851077671,1
25416,2023-10-13 13:00:00,1697202000000,0.5860000000,0.4839000000,1.2047596428,-0.2220891507,-0.2128388217,0.0084909054,-1.0894396429,1
25417,2023-10-13 14:00:00,1697205600000,0.5830000000,0.4812000000,1.2050558023,-0.2213475328,-0.2130456693,0.0084635307,-0.9808983709,1
25418,2023-10-13 15:00:00,1697209200000,0.5810000000,0.4811000000,1.2053364584,-0.2192004823,-0.2132384988,0.0083985150,-0.7098854375,1
25419,2023-10-13 16:00:00,1697212800000,0.5820000000,0.4817000000,1.2057205485,-0.2200293592,-0.2134896980,0.0082493259,-0.7927509781,1
25420,2023-10-13 17:00:00,1697216400000,0.5800000000,0.4814000000,1.2061090026,-0.2181432215,-0.2137316944,0.0080512274,-0.5479322471,1
25421,2023-10-13 18:00:00,1697220000000,0.5800000000,0.4823000000,1.2063770638,-0.2173986970,-0.2139202350,0.0079295626,-0.4386700918,1
25422,2023-10-13 19:00:00,1697223600000,0.5790000000,0.4837000000,1.2065630395,-0.2148999999,-0.2140684299,0.0078170750,-0.1063786567,1
25423,2023-10-13 20:00:00,1697227200000,0.5860000000,0.4874000000,1.2067690971,-0.2197666909,-0.2142630902,0.0077321892,-0.7117778085,1
25424,2023-10-13 21:00:00,1697230800000,0.5840000000,0.4884000000,1.2068354644,-0.2163919112,-0.2143857649,0.0076746238,-0.2613999568,1
25425,2023-10-13 22:00:00,1697234400000,0.5820000000,0.4864000000,1.2068961141,-0.2160135384,-0.2144860773,0.0076343898,-0.2000763910,1
25426,2023-10-13 23:00:00,1697238000000,0.5820000000,0.4851000000,1.2070439953,-0.2173996053,-0.2146338344,0.0075565637,-0.3660090772,1
25427,2023-10-14 00:00:00,1697241600000,0.5850000000,0.4853000000,1.2072831267,-0.2209606291,-0.2148481639,0.0074514693,-0.8203033504,1
25428,2023-10-14 01:00:00,1697245200000,0.5850000000,0.4862000000,1.2074268995,-0.2201447362,-0.2150136161,0.0073974668,-0.6936320510,1
25429,2023-10-14 02:00:00,1697248800000,0.5840000000,0.4848000000,1.2075741675,-0.2204233138,-0.2151690226,0.0073587808,-0.7140165426,1
25430,2023-10-14 03:00:00,1697252400000,0.5870000000,0.4854000000,1.2078435666,-0.2236041736,-0.2153947901,0.0072945106,-1.1254193618,1
25431,2023-10-14 04:00:00,1697256000000,0.5870000000,0.4849000000,1.2080302322,-0.2242137463,-0.2155815007,0.0072980527,-1.1828149169,1
25432,2023-10-14 05:00:00,1697259600000,0.5880000000,0.4842000000,1.2082218666,-0.2262344576,-0.2157760442,0.0073412249,-1.4246142227,1
25433,2023-10-14 06:00:00,1697263200000,0.5870000000,0.4846000000,1.2085003177,-0.2247896865,-0.2160181248,0.0072660598,-1.2071964757,1
25434,2023-10-14 07:00:00,1697266800000,0.5880000000,0.4838000000,1.2088376641,-0.2269965465,-0.2162988697,0.0071844999,-1.4889939359,1
25435,2023-10-14 08:00:00,1697270400000,0.5880000000,0.4843000000,1.2091366300,-0.2266723384,-0.2165669796,0.0071050720,-1.4222739432,1
25436,2023-10-14 09:00:00,1697274000000,0.5890000000,0.4852000000,1.2093430670,-0.2271030665,-0.2167929340,0.0071060111,-1.4509029589,1
25437,2023-10-14 10:00:00,1697277600000,0.5900000000,0.4849000000,1.2095466857,-0.2287325446,-0.2170235329,0.0071458189,-1.6385821960,1
25438,2023-10-14 11:00:00,1697281200000,0.5890000000,0.4855000000,1.2097202667,-0.2270252371,-0.2172385791,0.0071458815,-1.3695522463,1
25439,2023-10-14 12:00:00,1697284800000,0.5910000000,0.4867000000,1.2099403732,-0.2283747606,-0.2174852949,0.0071341402,-1.5263879629,1
25440,2023-10-14 13:00:00,1697288400000,0.5900000000,0.4857000000,1.2102101914,-0.2283240129,-0.2177489105,0.0070809162,-1.4934652679,1
25441,2023-10-14 14:00:00,1697292000000,0.5890000000,0.4853000000,1.2105164838,-0.2276942090,-0.2180200209,0.0069771404,-1.3865548900,1
25442,2023-10-14 15:00:00,1697295600000,0.5910000000,0.4875000000,1.2108109058,-0.2280892453,-0.2182922518,0.0068742348,-1.4251758764,1
25443,2023-10-14 16:00:00,1697299200000,0.5920000000,0.4865000000,1.2111703945,-0.2305128736,-0.2186089913,0.0067564066,-1.7618658840,1
25444,2023-10-14 17:00:00,1697302800000,0.5910000000,0.4869000000,1.2114647314,-0.2290756563,-0.2188855690,0.0066565841,-1.5308282946,1
25445,2023-10-14 18:00:00,1697306400000,0.5910000000,0.4860000000,1.2117376783,-0.2301369678,-0.2191476416,0.0066192646,-1.6602035066,1
25446,2023-10-14 19:00:00,1697310000000,0.5910000000,0.4861000000,1.2119805607,-0.2301805114,-0.2194074257,0.0065775868,-1.6378477260,1
25447,2023-10-14 20:00:00,1697313600000,0.5900000000,0.4862000000,1.2121665170,-0.2289782450,-0.2196339055,0.0065440663,-1.4279102726,1
25448,2023-10-14 21:00:00,1697317200000,0.5910000000,0.4868000000,1.2123390516,-0.2296923795,-0.2198606538,0.0065270434,-1.5063061767,1
25449,2023-10-14 22:00:00,1697320800000,0.5900000000,0.4863000000,1.2125597771,-0.2291102685,-0.2201392489,0.0063651541,-1.4093955094,1
25450,2023-10-14 23:00:00,1697324400000,0.5890000000,0.4865000000,1.2127616062,-0.2278165861,-0.2204150489,0.0061355278,-1.2063407534,1
25451,2023-10-15 00:00:00,1697328000000,0.5880000000,0.4854000000,1.2129312298,-0.2278035631,-0.2206665983,0.0059542642,-1.1986308508,1
25452,2023-10-15 01:00:00,1697331600000,0.5920000000,0.4869000000,1.2130916555,-0.2312502601,-0.2209320693,0.0058743629,-1.7564782655,1
25453,2023-10-15 02:00:00,1697335200000,0.5940000000,0.4863000000,1.2133029880,-0.2344019749,-0.2212309098,0.0058524029,-2.2505396778,1
25454,2023-10-15 03:00:00,1697338800000,0.5920000000,0.4858000000,1.2133704391,-0.2325153000,-0.2214634272,0.0058713445,-1.8823410713,1
25455,2023-10-15 04:00:00,1697342400000,0.5910000000,0.4860000000,1.2134255972,-0.2311345280,-0.2216818997,0.0058529624,-1.6150160458,1
25456,2023-10-15 05:00:00,1697346000000,0.5920000000,0.4857000000,1.2135199931,-0.2327038359,-0.2219036272,0.0058801534,-1.8367222809,1
25457,2023-10-15 06:00:00,1697349600000,0.5950000000,0.4863000000,1.2136397241,-0.2358156359,-0.2221393118,0.0059986080,-2.2799162731,1
25458,2023-10-15 07:00:00,1697353200000,0.5950000000,0.4864000000,1.2137943515,-0.2358076391,-0.2223998892,0.0060663616,-2.2101797966,1
25459,2023-10-15 08:00:00,1697356800000,0.5990000000,0.4871000000,1.2140038173,-0.2400882865,-0.2226984337,0.0062528620,-2.7811029210,1
25460,2023-10-15 09:00:00,1697360400000,0.5970000000,0.4877000000,1.2141820503,-0.2371666840,-0.2229755283,0.0063234012,-2.2442282644,1
25461,2023-10-15 10:00:00,1697364000000,0.5950000000,0.4876000000,1.2142868839,-0.2349006959,-0.2232102777,0.0063611701,-1.8377779624,1
25462,2023-10-15 11:00:00,1697367600000,0.5940000000,0.4867000000,1.2143938269,-0.2346499332,-0.2234604792,0.0063534226,-1.7611694857,1
25463,2023-10-15 12:00:00,1697371200000,0.5930000000,0.4866000000,1.2144853107,-0.2335897892,-0.2237114447,0.0062915987,-1.5700849734,1
25464,2023-10-15 13:00:00,1697374800000,0.5920000000,0.4868000000,1.2146179817,-0.2322538452,-0.2239582297,0.0061741894,-1.3435958934,1
25465,2023-10-15 14:00:00,1697378400000,0.5910000000,0.4859000000,1.2147186223,-0.2319987058,-0.2241795316,0.0060921083,-1.2834923105,1
25466,2023-10-15 15:00:00,1697382000000,0.5950000000,0.4870000000,1.2148047046,-0.2358087992,-0.2244067636,0.0061320616,-1.8594131010,1
25467,2023-10-15 16:00:00,1697385600000,0.5970000000,0.4875000000,1.2149073874,-0.2377997103,-0.2246397177,0.0062296295,-2.1124839902,1
25468,2023-10-15 17:00:00,1697389200000,0.5980000000,0.4888000000,1.2149712505,-0.2377528078,-0.2248516815,0.0063406697,-2.0346630459,1
25469,2023-10-15 18:00:00,1697392800000,0.5990000000,0.4898000000,1.2150495979,-0.2380147091,-0.2250718682,0.0064425188,-2.0089721717,1
25470,2023-10-15 19:00:00,1697396400000,0.5970000000,0.4879000000,1.2151195248,-0.2375263563,-0.2252705725,0.0065419914,-1.8734026140,1
25471,2023-10-15 20:00:00,1697400000000,0.6010000000,0.4898000000,1.2151660642,-0.2405148046,-0.2254779668,0.0067190892,-2.2379279872,1
25472,2023-10-15 21:00:00,1697403600000,0.5990000000,0.4887000000,1.2152088977,-0.2392101297,-0.2256766919,0.0068520728,-1.9750866791,1
25473,2023-10-15 22:00:00,1697407200000,0.5970000000,0.4875000000,1.2151501532,-0.2379446415,-0.2257985209,0.0069697512,-1.7426907088,1
25474,2023-10-15 23:00:00,1697410800000,0.5980000000,0.4874000000,1.2151095107,-0.2392354874,-0.2259316478,0.0071083092,-1.8715898972,1
25475,2023-10-16 00:00:00,1697414400000,0.5990000000,0.4864000000,1.2151293168,-0.2414624608,-0.2261015093,0.0072903638,-2.1070212494,1
25476,2023-10-16 01:00:00,1697418000000,0.6020000000,0.4880000000,1.2151708850,-0.2435328728,-0.2262890556,0.0075134904,-2.2950474935,1
25477,2023-10-16 02:00:00,1697421600000,0.6010000000,0.4868000000,1.2152302854,-0.2435534016,-0.2264877511,0.0077250661,-2.2091267748,1
25478,2023-10-16 03:00:00,1697425200000,0.6020000000,0.4878000000,1.2152986331,-0.2438097771,-0.2266908792,0.0079316906,-2.1582911869,1
25479,2023-10-16 04:00:00,1697428800000,0.6010000000,0.4863000000,1.2152610486,-0.2440718902,-0.2268456554,0.0081301177,-2.1188174026,1
25480,2023-10-16 05:00:00,1697432400000,0.6080000000,0.4937000000,1.2154258727,-0.2452789306,-0.2271503595,0.0082901275,-2.1867662626,1
25481,2023-10-16 06:00:00,1697436000000,0.6070000000,0.4920000000,1.2155658641,-0.2458484795,-0.2274226153,0.0084882405,-2.1707518840,1
25482,2023-10-16 07:00:00,1697439600000,0.6050000000,0.4933000000,1.2155903022,-0.2421321328,-0.2276257925,0.0086146312,-1.6839189078,1
25483,2023-10-16 08:00:00,1697443200000,0.6050000000,0.4913000000,1.2156754783,-0.2441836644,-0.2278552793,0.0087717397,-1.8614762414,1
25484,2023-10-16 09:00:00,1697446800000,0.6050000000,0.4935000000,1.2156871033,-0.2419906975,-0.2280529042,0.0088836788,-1.5689213369,1
25485,2023-10-16 10:00:00,1697450400000,0.6040000000,0.4939000000,1.2156596354,-0.2403584198,-0.2282278536,0.0089663255,-1.3529027363,1
25486,2023-10-16 11:00:00,1697454000000,0.6030000000,0.4942000000,1.2155993151,-0.2388063870,-0.2283863800,0.0090234678,-1.1547674578,1
25487,2023-10-16 12:00:00,1697457600000,0.6060000000,0.4942000000,1.2157949316,-0.2425717285,-0.2286765484,0.0090459538,-1.5360657841,1
25488,2023-10-16 13:00:00,1697461200000,0.6010000000,0.4964000000,1.2157706391,-0.2342781541,-0.2288443677,0.0090045591,-0.6034483517,1
25489,2023-10-16 14:00:00,1697464800000,0.6010000000,0.4975000000,1.2157324245,-0.2331551871,-0.2290091674,0.0089423154,-0.4636405109,1
25490,2023-10-16 15:00:00,1697468400000,0.5970000000,0.4921000000,1.2157068011,-0.2336769603,-0.2291548116,0.0089075926,-0.5076735026,1
25491,2023-10-16 16:00:00,1697472000000,0.5980000000,0.4910000000,1.2157387779,-0.2360117892,-0.2293214980,0.0088906644,-0.7525074397,1
25492,2023-10-16 17:00:00,1697475600000,0.6010000000,0.4937000000,1.2158163625,-0.2370056338,-0.2295214233,0.0088539321,-0.8452979330,1
25493,2023-10-16 18:00:00,1697479200000,0.6030000000,0.4969000000,1.2158834604,-0.2362777266,-0.2297240340,0.0087920586,-0.7454104848,1
25494,2023-10-16 19:00:00,1697482800000,0.6040000000,0.4964000000,1.2159880224,-0.2380567655,-0.2299521993,0.0087321150,-0.9281332511,1
25495,2023-10-16 20:00:00,1697486400000,0.6030000000,0.4959000000,1.2160830983,-0.2373981083,-0.2301665037,0.0086693827,-0.8341545038,1
25496,2023-10-16 21:00:00,1697490000000,0.6050000000,0.4970000000,1.2162593228,-0.2388368903,-0.2304294929,0.0085595486,-0.9822243825,1
25497,2023-10-16 22:00:00,1697493600000,0.6090000000,0.4989000000,1.2164268638,-0.2419039601,-0.2306964759,0.0085298475,-1.3139137752,1
25498,2023-10-16 23:00:00,1697497200000,0.6080000000,0.4978000000,1.2166467702,-0.2419212363,-0.2309963137,0.0084327132,-1.2955406272,1
25499,2023-10-17 00:00:00,1697500800000,0.6030000000,0.4940000000,1.2167507359,-0.2397006937,-0.2312148426,0.0083944486,-1.0108884528,1
25500,2023-10-17 01:00:00,1697504400000,0.6040000000,0.4948000000,1.2168938644,-0.2402038941,-0.2314609891,0.0083212999,-1.0506657806,1
25501,2023-10-17 02:00:00,1697508000000,0.6060000000,0.4951000000,1.2170008969,-0.2424025435,-0.2316958488,0.0083218870,-1.2865705517,1
25502,2023-10-17 03:00:00,1697511600000,0.6040000000,0.4928000000,1.2171700397,-0.2423707040,-0.2319387172,0.0083036172,-1.2563183519,1
25503,2023-10-17 04:00:00,1697515200000,0.6040000000,0.4908000000,1.2174102312,-0.2445157796,-0.2322188608,0.0082882675,-1.4836537038,1
25504,2023-10-17 05:00:00,1697518800000,0.6030000000,0.4915000000,1.2175600829,-0.2426887300,-0.2324539016,0.0082750825,-1.2368249438,1
25505,2023-10-17 06:00:00,1697522400000,0.6020000000,0.4896000000,1.2177275182,-0.2434719660,-0.2326869742,0.0082802117,-1.3025019302,1
25506,2023-10-17 07:00:00,1697526000000,0.6050000000,0.4915000000,1.2178541058,-0.2453017340,-0.2329106376,0.0083404650,-1.4856601302,1
25507,2023-10-17 08:00:00,1697529600000,0.6060000000,0.4921000000,1.2180445358,-0.2460349887,-0.2331550956,0.0083923686,-1.5347149024,1
25508,2023-10-17 09:00:00,1697533200000,0.6060000000,0.4904000000,1.2183133851,-0.2478979113,-0.2334356256,0.0084495619,-1.7116018538,1
25509,2023-10-17 10:00:00,1697536800000,0.6050000000,0.4900000000,1.2185636841,-0.2472310289,-0.2337169679,0.0084735288,-1.5948563234,1
25510,2023-10-17 11:00:00,1697540400000,0.6060000000,0.4925000000,1.2188098980,-0.2460987982,-0.2340093409,0.0084310909,-1.4339137557,1
25511,2023-10-17 12:00:00,1697544000000,0.6000000000,0.4901000000,1.2189809829,-0.2412885898,-0.2342404195,0.0083345005,-0.8456619840,1
25512,2023-10-17 13:00:00,1697547600000,0.5950000000,0.4892000000,1.2191007270,-0.2361649326,-0.2344363077,0.0081620056,-0.2117892340,1
25513,2023-10-17 14:00:00,1697551200000,0.5960000000,0.4901000000,1.2192425014,-0.2365685308,-0.2346446754,0.0079645784,-0.2415514390,1
25514,2023-10-17 15:00:00,1697554800000,0.5980000000,0.4902000000,1.2194860232,-0.2390526419,-0.2349072041,0.0077002765,-0.5383491985,1
25515,2023-10-17 16:00:00,1697558400000,0.5980000000,0.4909000000,1.2196571376,-0.2384549683,-0.2351103376,0.0075413387,-0.4435062265,1
25516,2023-10-17 17:00:00,1697562000000,0.5950000000,0.4916000000,1.2198139332,-0.2341892903,-0.2353037874,0.0072796259,0.1530981296,0
25517,2023-10-17 18:00:00,1697565600000,0.5950000000,0.4909000000,1.2199790811,-0.2349875533,-0.2355100267,0.0069901280,0.0747444670,0
25518,2023-10-17 19:00:00,1697569200000,0.6000000000,0.4931000000,1.2201599972,-0.2389959983,-0.2357447701,0.0067331613,-0.4828680206,0
25519,2023-10-17 20:00:00,1697572800000,0.5960000000,0.4920000000,1.2202209091,-0.2352516618,-0.2359001074,0.0065507145,0.0989885229,0
25520,2023-10-17 21:00:00,1697576400000,0.5960000000,0.4919000000,1.2203090528,-0.2354041955,-0.2360659711,0.0063371073,0.1044286538,0
25521,2023-10-17 22:00:00,1697580000000,0.5940000000,0.4912000000,1.2203556449,-0.2336912531,-0.2362101878,0.0061246176,0.4112803210,0
25522,2023-10-17 23:00:00,1697583600000,0.5970000000,0.4912000000,1.2204193277,-0.2373903387,-0.2363600374,0.0059797377,-0.1722987356,0
25523,2023-10-18 00:00:00,1697587200000,0.5950000000,0.4893000000,1.2204767286,-0.2368836535,-0.2364977538,0.0058412213,-0.0660649022,0
25524,2023-10-18 01:00:00,1697590800000,0.5930000000,0.4894000000,1.2204461587,-0.2343245721,-0.2365856898,0.0057451211,0.3935718090,0
25525,2023-10-18 02:00:00,1697594400000,0.5930000000,0.4898000000,1.2204374270,-0.2339193942,-0.2366849258,0.0056165389,0.4923907060,0
25526,2023-10-18 03:00:00,1697598000000,0.5940000000,0.4904000000,1.2203910354,-0.2345122750,-0.2367666185,0.0055280336,0.4078020553,0
25527,2023-10-18 04:00:00,1697601600000,0.5980000000,0.4909000000,1.2204333867,-0.2389191652,-0.2368997362,0.0054288523,-0.3719808427,0
25528,2023-10-18 05:00:00,1697605200000,0.5980000000,0.4900000000,1.2205024225,-0.2398604486,-0.2370384034,0.0053380388,-0.5286670608,0
25529,2023-10-18 06:00:00,1697608800000,0.5970000000,0.4890000000,1.2205462772,-0.2396661275,-0.2371572467,0.0052723956,-0.4758521657,0
25530,2023-10-18 07:00:00,1697612400000,0.5970000000,0.4891000000,1.2206255409,-0.2396134479,-0.2372940750,0.0051688894,-0.4487178427,0
25531,2023-10-18 08:00:00,1697616000000,0.5970000000,0.4873000000,1.2207416630,-0.2414827728,-0.2374365534,0.0051005369,-0.7932928338,0
25532,2023-10-18 09:00:00,1697619600000,0.5940000000,0.4873000000,1.2207866022,-0.2378472417,-0.2375400668,0.0050093900,-0.0613198307,0
25533,2023-10-18 10:00:00,1697623200000,0.5970000000,0.4895000000,1.2208495894,-0.2393472049,-0.2376667298,0.0049039138,-0.3426803903,0
25534,2023-10-18 11:00:00,1697626800000,0.5960000000,0.4904000000,1.2208814332,-0.2372453342,-0.2377662525,0.0047991985,0.1085427672,0
25535,2023-10-18 12:00:00,1697630400000,0.5950000000,0.4897000000,1.2208610568,-0.2367123288,-0.2378336379,0.0047393853,0.2365937710,0
25536,2023-10-18 13:00:00,1697634000000,0.5920000000,0.4890000000,1.2208261331,-0.2337290708,-0.2378842185,0.0046692014,0.8899054174,0
25537,2023-10-18 14:00:00,1697637600000,0.5900000000,0.4875000000,1.2207635345,-0.2327504854,-0.2379126263,0.0046293287,1.1150949034,0
25538,2023-10-18 15:00:00,1697641200000,0.5910000000,0.4873000000,1.2207311108,-0.2341520865,-0.2379557956,0.0045746277,0.8314794842,0
25539,2023-10-18 16:00:00,1697644800000,0.5910000000,0.4876000000,1.2207152494,-0.2338427124,-0.2380086702,0.0044971795,0.9263490112,0
25540,2023-10-18 17:00:00,1697648400000,0.5890000000,0.4910000000,1.2205563710,-0.2279077025,-0.2379892715,0.0045371179,2.2220204846,-1
25541,2023-10-18 18:00:00,1697652000000,0.5880000000,0.4923000000,1.2203478791,-0.2252645529,-0.2379474703,0.0046364490,2.7354808383,-1
25542,2023-10-18 19:00:00,1697655600000,0.5860000000,0.4892000000,1.2202080861,-0.2258419385,-0.2379260067,0.0046881458,2.5775794534,-1
25543,2023-10-18 20:00:00,1697659200000,0.5840000000,0.4890000000,1.2200218788,-0.2234927772,-0.2378791504,0.0048103768,2.9906956969,-1
25544,2023-10-18 21:00:00,1697662800000,0.5840000000,0.4883000000,1.2198074891,-0.2240675736,-0.2378010777,0.0049746297,2.7607087854,-1
25545,2023-10-18 22:00:00,1697666400000,0.5870000000,0.4890000000,1.2195801065,-0.2268935225,-0.2377194641,0.0050912333,2.1263888326,-1
25546,2023-10-18 23:00:00,1697670000000,0.5850000000,0.4878000000,1.2193719930,-0.2255326159,-0.2376435653,0.0052200856,2.3200672327,-1
25547,2023-10-19 00:00:00,1697673600000,0.5840000000,0.4874000000,1.2191801258,-0.2246011934,-0.2375725508,0.0053523720,2.4234783030,-1
25548,2023-10-19 01:00:00,1697677200000,0.5780000000,0.4839000000,1.2189219821,-0.2206369057,-0.2374413885,0.0056144306,2.9930876645,-1
25549,2023-10-19 02:00:00,1697680800000,0.5740000000,0.4832000000,1.2185455744,-0.2162451597,-0.2372286660,0.0060319302,3.4787382461,-1
25550,2023-10-19 03:00:00,1697684400000,0.5760000000,0.4834000000,1.2182099768,-0.2182889466,-0.2370382454,0.0063456468,2.9546710147,-1
25551,2023-10-19 04:00:00,1697688000000,0.5780000000,0.4823000000,1.2178783477,-0.2216336850,-0.2368376519,0.0065369736,2.3258418828,-1
25552,2023-10-19 05:00:00,1697691600000,0.5800000000,0.4834000000,1.2176206208,-0.2228199601,-0.2366817092,0.0066981745,2.0694816468,-1
25553,2023-10-19 06:00:00,1697695200000,0.5800000000,0.4800000000,1.2174954135,-0.2261473398,-0.2365865641,0.0067853530,1.5384939075,-1
25554,2023-10-19 07:00:00,1697698800000,0.5810000000,0.4799000000,1.2173924523,-0.2274050148,-0.2365078150,0.0068498112,1.3289125612,-1
25555,2023-10-19 08:00:00,1697702400000,0.5790000000,0.4803000000,1.2172546594,-0.2244904478,-0.2364089091,0.0069572592,1.7130972091,-1
25556,2023-10-19 09:00:00,1697706000000,0.5770000000,0.4790000000,1.2171354582,-0.2232871594,-0.2363114451,0.0070778685,1.8401423664,-1
25557,2023-10-19 10:00:00,1697709600000,0.5770000000,0.4828000000,1.2169119296,-0.2193581834,-0.2361740481,0.0072822476,2.3091586094,-1
25558,2023-10-19 11:00:00,1697713200000,0.5780000000,0.4822000000,1.2166677072,-0.2210339348,-0.2360134518,0.0074513438,2.0103108205,-1
25559,2023-10-19 12:00:00,1697716800000,0.5760000000,0.4832000000,1.2163217930,-0.2174013528,-0.2357917305,0.0076970427,2.3892783773,-1
25560,2023-10-19 13:00:00,1697720400000,0.5730000000,0.4829000000,1.2159308581,-0.2138283817,-0.2355316824,0.0080271297,2.7037436190,-1
25561,2023-10-19 14:00:00,1697724000000,0.5730000000,0.4861000000,1.2154566112,-0.2103566382,-0.2352310512,0.0084403989,2.9470660413,-1
25562,2023-10-19 15:00:00,1697727600000,0.5730000000,0.4869000000,1.2149536366,-0.2092684338,-0.2349238998,0.0088597001,2.8957488240,-1
25563,2023-10-19 16:00:00,1697731200000,0.5700000000,0.4859000000,1.2143741558,-0.2062932688,-0.2345519266,0.0093283835,3.0293198904,-1
25564,2023-10-19 17:00:00,1697734800000,0.5680000000,0.4868000000,1.2137404754,-0.2026045900,-0.2341540403,0.0098912071,3.1896461303,-1
25565,2023-10-19 18:00:00,1697738400000,0.5650000000,0.4880000000,1.2130192540,-0.1973558785,-0.2337128581,0.0106000741,3.4298797640,-1
25566,2023-10-19 19:00:00,1697742000000,0.5660000000,0.4889000000,1.2122702162,-0.1972449424,-0.2332564391,0.0112441179,3.2026964730,-1
25567,2023-10-19 20:00:00,1697745600000,0.5660000000,0.5033000000,1.2110580143,-0.1821588361,-0.2326118345,0.0124081442,4.0661195994,-1
25568,2023-10-19 21:00:00,1697749200000,0.5630000000,0.5060000000,1.2096746251,-0.1750468140,-0.2318674208,0.0137297409,4.1385053970,-1
25569,2023-10-19 22:00:00,1697752800000,0.5630000000,0.5086000000,1.2082063086,-0.1716201517,-0.2310855377,0.0150424142,3.9531810052,-1
25570,2023-10-19 23:00:00,1697756400000,0.5650000000,0.5197000000,1.2064520132,-0.1619453875,-0.2301957074,0.0166200472,4.1065057888,-1
25571,2023-10-20 00:00:00,1697760000000,0.5650000000,0.5171000000,1.2047662617,-0.1635929379,-0.2293209362,0.0179466679,3.6624067854,-1
25572,2023-10-20 01:00:00,1697763600000,0.5700000000,0.5156000000,1.2032840846,-0.1702719282,-0.2285056427,0.0188925585,3.0823625238,-1
25573,2023-10-20 02:00:00,1697767200000,0.5810000000,0.5196000000,1.2019187073,-0.1787147689,-0.2277759284,0.0195020108,2.5156974859,-1
25574,2023-10-20 03:00:00,1697770800000,0.5830000000,0.5205000000,1.2006544910,-0.1794815682,-0.2270949440,0.0200804610,2.3711296167,-1
25575,2023-10-20 04:00:00,1697774400000,0.5810000000,0.5169000000,1.1994021478,-0.1799526479,-0.2263967808,0.0205899248,2.2556727852,-1
25576,2023-10-20 05:00:00,1697778000000,0.5810000000,0.5113000000,1.1983728757,-0.1849546408,-0.2257768236,0.0209703915,1.9466581221,-1
25577,2023-10-20 06:00:00,1697781600000,0.5830000000,0.5126000000,1.1973860933,-0.1854760924,-0.2251802766,0.0213285915,1.8615474104,-1
25578,2023-10-20 07:00:00,1697785200000,0.5790000000,0.5096000000,1.1964255594,-0.1831303989,-0.2245751028,0.0217239246,1.9077908245,-1
25579,2023-10-20 08:00:00,1697788800000,0.5880000000,0.5143000000,1.1954714723,-0.1886372257,-0.2239888582,0.0219593939,1.6098637605,-1
25580,2023-10-20 09:00:00,1697792400000,0.5900000000,0.5186000000,1.1946090321,-0.1862193289,-0.2234664797,0.0222812014,1.6716850250,-1
25581,2023-10-20 10:00:00,1697796000000,0.5870000000,0.5176000000,1.1937366377,-0.1831234063,-0.2229226560,0.0226496514,1.7571683133,-1
25582,2023-10-20 11:00:00,1697799600000,0.5860000000,0.5158000000,1.1928428985,-0.1832059385,-0.2223740579,0.0229949074,1.7033388649,-1
25583,2023-10-20 12:00:00,1697803200000,0.5830000000,0.5168000000,1.1918032351,-0.1780212861,-0.2217437264,0.0234080647,1.8678366104,-1
25584,2023-10-20 13:00:00,1697806800000,0.5860000000,0.5177000000,1.1908122249,-0.1801159638,-0.2211253604,0.0237493963,1.7267553260,-1
25585,2023-10-20 14:00:00,1697810400000,0.5830000000,0.5178000000,1.1897894171,-0.1758472302,-0.2204685072,0.0241578825,1.8470690471,-1
25586,2023-10-20 15:00:00,1697814000000,0.5840000000,0.5240000000,1.1885764972,-0.1701286744,-0.2197301584,0.0246475143,2.0124335226,-1
25587,2023-10-20 16:00:00,1697817600000,0.5850000000,0.5187000000,1.1875526336,-0.1760182907,-0.2190629864,0.0249923321,1.7223160918,-1
25588,2023-10-20 17:00:00,1697821200000,0.5880000000,0.5211000000,1.1865151359,-0.1765708999,-0.2183861822,0.0252922576,1.6532839010,-1
25589,2023-10-20 18:00:00,1697824800000,0.5860000000,0.5233000000,1.1853303541,-0.1713035875,-0.2176187868,0.0256395237,1.8063985819,-1
25590,2023-10-20 19:00:00,1697828400000,0.5870000000,0.5217000000,1.1842115574,-0.1734321842,-0.2168743406,0.0259189166,1.6760791794,-1
25591,2023-10-20 20:00:00,1697832000000,0.5850000000,0.5220000000,1.1830546859,-0.1700869913,-0.2161176699,0.0262591168,1.7529408563,-1
25592,2023-10-20 21:00:00,1697835600000,0.5870000000,0.5208000000,1.1819790583,-0.1730217072,-0.2153874288,0.0265148325,1.5978121517,-1
25593,2023-10-20 22:00:00,1697839200000,0.5880000000,0.5202000000,1.1809096726,-0.1741748875,-0.2146458238,0.0267043986,1.5155157364,-1
25594,2023-10-20 23:00:00,1697842800000,0.5870000000,0.5149000000,1.1799544699,-0.1777332739,-0.2139432431,0.0268170072,1.3502613819,-1
25595,2023-10-21 00:00:00,1697846400000,0.5860000000,0.5143000000,1.1789461917,-0.1765624683,-0.2132046201,0.0269013810,1.3620918499,-1
25596,2023-10-21 01:00:00,1697850000000,0.5880000000,0.5129000000,1.1780620259,-0.1798004712,-0.2125210521,0.0269429204,1.2144407657,-1
25597,2023-10-21 02:00:00,1697853600000,0.5900000000,0.5123000000,1.1772162481,-0.1822575864,-0.2118556784,0.0269260271,1.0992372527,-1
25598,2023-10-21 03:00:00,1697857200000,0.5900000000,0.5139000000,1.1763102185,-0.1801230289,-0.2111472142,0.0268937961,1.1535814849,-1
25599,2023-10-21 04:00:00,1697860800000,0.5930000000,0.5140000000,1.1754637296,-0.1830499917,-0.2104625947,0.0267974324,1.0229563258,-1
25600,2023-10-21 05:00:00,1697864400000,0.5930000000,0.5127000000,1.1746129737,-0.1838454934,-0.2097663727,0.0266457818,0.9727948512,-1
25601,2023-10-21 06:00:00,1697868000000,0.5950000000,0.5162000000,1.1737268713,-0.1821674884,-0.2090591603,0.0265035502,1.0146441421,-1
25602,2023-10-21 07:00:00,1697871600000,0.5960000000,0.5174000000,1.1728712913,-0.1816312896,-0.2083584265,0.0263653645,1.0137215051,-1
25603,2023-10-21 08:00:00,1697875200000,0.5960000000,0.5168000000,1.1721048237,-0.1817744749,-0.2077115340,0.0262784882,0.9870072750,-1
25604,2023-10-21 09:00:00,1697878800000,0.5980000000,0.5171000000,1.1714622295,-0.1834344132,-0.2071383762,0.0262260720,0.9038319923,-1
25605,2023-10-21 10:00:00,1697882400000,0.5960000000,0.5171000000,1.1707764957,-0.1806827914,-0.2065309225,0.0261840988,0.9871690167,-1
25606,2023-10-21 11:00:00,1697886000000,0.6000000000,0.5178000000,1.1701234645,-0.1842740787,-0.2059355033,0.0260589628,0.8312466161,-1
25607,2023-10-21 12:00:00,1697889600000,0.5980000000,0.5162000000,1.1694861975,-0.1831527461,-0.2053343922,0.0259381394,0.8551749127,-1
25608,2023-10-21 13:00:00,1697893200000,0.6020000000,0.5178000000,1.1689783975,-0.1859249953,-0.2048097803,0.0258360051,0.7309483394,-1
25609,2023-10-21 14:00:00,1697896800000,0.6060000000,0.5233000000,1.1683993173,-0.1847499863,-0.2042637198,0.0257218187,0.7586451694,-1
25610,2023-10-21 15:00:00,1697900400000,0.6070000000,0.5235000000,1.1677853038,-0.1853456794,-0.2036805642,0.0255332067,0.7180799869,-1
25611,2023-10-21 16:00:00,1697904000000,0.6050000000,0.5221000000,1.1672237738,-0.1840703832,-0.2031242459,0.0253949711,0.7503006272,-1
25612,2023-10-21 17:00:00,1697907600000,0.6090000000,0.5255000000,1.1666614951,-0.1849968505,-0.2025763400,0.0252341351,0.6966551216,-1
25613,2023-10-21 18:00:00,1697911200000,0.6060000000,0.5250000000,1.1660720376,-0.1816396548,-0.2020105617,0.0251120699,0.8111998362,-1
25614,2023-10-21 19:00:00,1697914800000,0.6050000000,0.5215000000,1.1654908877,-0.1836219871,-0.2014261231,0.0249044432,0.7148979764,-1
25615,2023-10-21 20:00:00,1697918400000,0.6040000000,0.5218000000,1.1648785524,-0.1817866457,-0.2008272426,0.0247040780,0.7707471203,-1
25616,2023-10-21 21:00:00,1697922000000,0.6070000000,0.5232000000,1.1643427418,-0.1835560443,-0.2002754108,0.0245138963,0.6820362751,-1
25617,2023-10-21 22:00:00,1697925600000,0.6070000000,0.5223000000,1.1638413482,-0.1841516983,-0.1997344576,0.0243115912,0.6409600710,-1
25618,2023-10-21 23:00:00,1697929200000,0.6080000000,0.5208000000,1.1633955873,-0.1865445171,-0.1992130689,0.0240707140,0.5263056100,-1
25619,2023-10-22 00:00:00,1697932800000,0.6080000000,0.5233000000,1.1628141639,-0.1836910117,-0.1986127629,0.0237562115,0.6281199861,-1
25620,2023-10-22 01:00:00,1697936400000,0.6080000000,0.5212000000,1.1622678184,-0.1854588336,-0.1980214410,0.0233925003,0.5370356836,-1
25621,2023-10-22 02:00:00,1697940000000,0.6060000000,0.5179000000,1.1617608775,-0.1861270917,-0.1974394949,0.0230078974,0.4916747927,-1
25622,2023-10-22 03:00:00,1697943600000,0.6060000000,0.5201000000,1.1612014151,-0.1835880576,-0.1968305233,0.0226174994,0.5854964558,-1
25623,2023-10-22 04:00:00,1697947200000,0.6090000000,0.5209000000,1.1606483499,-0.1859348451,-0.1962267415,0.0221489761,0.4646669137,-1
25624,2023-10-22 05:00:00,1697950800000,0.6130000000,0.5229000000,1.1601964831,-0.1883004441,-0.1956881893,0.0217241438,0.3400707193,-1
25625,2023-10-22 06:00:00,1697954400000,0.6110000000,0.5217000000,1.1597202404,-0.1868890669,-0.1951179922,0.0212488655,0.3872642172,-1
25626,2023-10-22 07:00:00,1697958000000,0.6010000000,0.5164000000,1.1592009593,-0.1802797765,-0.1944988013,0.0208337182,0.6825005809,-1
25627,2023-10-22 08:00:00,1697961600000,0.6000000000,0.5164000000,1.1586657433,-0.1787994460,-0.1938693135,0.0204149320,0.7381786802,-1
25628,2023-10-22 09:00:00,1697965200000,0.6010000000,0.5178000000,1.1581642690,-0.1782567257,-0.1932663532,0.0200404878,0.7489651807,-1
25629,2023-10-22 10:00:00,1697968800000,0.6020000000,0.5169000000,1.1577154827,-0.1800447206,-0.1926934645,0.0196488808,0.6437386432,-1
25630,2023-10-22 11:00:00,1697972400000,0.5990000000,0.5162000000,1.1571950899,-0.1769598589,-0.1920718098,0.0192229031,0.7861430140,-1
25631,2023-10-22 12:00:00,1697976000000,0.6020000000,0.5165000000,1.1567403533,-0.1798576927,-0.1914850161,0.0187520016,0.6200577240,-1
25632,2023-10-22 13:00:00,1697979600000,0.6060000000,0.5182000000,1.1564497134,-0.1826085263,-0.1909926338,0.0183760756,0.4562512506,-1
25633,2023-10-22 14:00:00,1697983200000,0.6020000000,0.5171000000,1.1561507749,-0.1789027665,-0.1904887013,0.0180588571,0.6415652300,-1
25634,2023-10-22 15:00:00,1697986800000,0.6030000000,0.5184000000,1.1558118063,-0.1785545192,-0.1899747076,0.0177111746,0.6448013025,-1
25635,2023-10-22 16:00:00,1697990400000,0.6050000000,0.5221000000,1.1554609577,-0.1769538794,-0.1894688500,0.0174052973,0.7190322810,-1
25636,2023-10-22 17:00:00,1697994000000,0.6090000000,0.5211000000,1.1552072904,-0.1824212399,-0.1890161725,0.0170331554,0.3871820853,-1
25637,2023-10-22 18:00:00,1697997600000,0.6080000000,0.5200000000,1.1549145705,-0.1821880589,-0.1885302435,0.0165721495,0.3827013928,-1
25638,2023-10-22 19:00:00,1698001200000,0.6090000000,0.5204000000,1.1546480133,-0.1827806401,-0.1880655482,0.0161163027,0.3279231058,-1
25639,2023-10-22 20:00:00,1698004800000,0.6100000000,0.5195000000,1.1544372233,-0.1847067062,-0.1876319124,0.0156524875,0.1868844295,-1
25640,2023-10-22 21:00:00,1698008400000,0.6090000000,0.5185000000,1.1542724131,-0.1844518996,-0.1872385971,0.0152638278,0.1825687254,-1
25641,2023-10-22 22:00:00,1698012000000,0.6160000000,0.5221000000,1.1542358149,-0.1889092620,-0.1869414678,0.0149559324,-0.1315728180,0
25642,2023-10-22 23:00:00,1698015600000,0.6190000000,0.5226000000,1.1542164967,-0.1918600114,-0.1866541968,0.0145967057,-0.3566431189,0
25643,2023-10-23 00:00:00,1698019200000,0.6190000000,0.5236000000,1.1541085468,-0.1907931904,-0.1863189740,0.0141312667,-0.3166182129,0
25644,2023-10-23 01:00:00,1698022800000,0.6210000000,0.5229000000,1.1540455853,-0.1937623085,-0.1860031300,0.0136220326,-0.5696050452,0
25645,2023-10-23 02:00:00,1698026400000,0.6220000000,0.5245000000,1.1538912250,-0.1932203420,-0.1856452278,0.0129727886,-0.5839233475,0
25646,2023-10-23 03:00:00,1698030000000,0.6250000000,0.5241000000,1.1537898499,-0.1970186562,-0.1853149413,0.0122654361,-0.9542029113,0
25647,2023-10-23 04:00:00,1698033600000,0.6260000000,0.5250000000,1.1537368445,-0.1972392646,-0.1850187328,0.0116210879,-1.0515824321,0
25648,2023-10-23 05:00:00,1698037200000,0.6220000000,0.5230000000,1.1536572434,-0.1945748054,-0.1847066420,0.0109481326,-0.9013558513,0
25649,2023-10-23 06:00:00,1698040800000,0.6170000000,0.5211000000,1.1535993921,-0.1906708249,-0.1843948229,0.0103421166,-0.6068392251,0
25650,2023-10-23 07:00:00,1698044400000,0.6160000000,0.5238000000,1.1534226396,-0.1867083460,-0.1840217187,0.0095982050,-0.2799093526,0
25651,2023-10-23 08:00:00,1698048000000,0.6210000000,0.5309000000,1.1532421665,-0.1852633854,-0.1836723929,0.0089316939,-0.1781288628,0
25652,2023-10-23 09:00:00,1698051600000,0.6140000000,0.5268000000,1.1530645981,-0.1811816632,-0.1833175373,0.0083500177,0.2557927606,0
25653,2023-10-23 10:00:00,1698055200000,0.6170000000,0.5309000000,1.1529222565,-0.1804530323,-0.1829924981,0.0078531487,0.3233691252,0
25654,2023-10-23 11:00:00,1698058800000,0.6190000000,0.5314000000,1.1528289938,-0.1822011471,-0.1826982885,0.0073487571,0.0676497159,0
25655,2023-10-23 12:00:00,1698062400000,0.6190000000,0.5301000000,1.1528046618,-0.1834860857,-0.1824503843,0.0069160019,-0.1497543477,0
25656,2023-10-23 13:00:00,1698066000000,0.6150000000,0.5268000000,1.1528345629,-0.1821932562,-0.1822285220,0.0065816713,0.0053581867,0
25657,2023-10-23 14:00:00,1698069600000,0.6180000000,0.5292000000,1.1529560101,-0.1833268142,-0.1820760321,0.0063869752,-0.1958332471,0
25658,2023-10-23 15:00:00,1698073200000,0.6190000000,0.5323000000,1.1530235188,-0.1814215582,-0.1819040388,0.0061838278,0.0780229808,0
25659,2023-10-23 16:00:00,1698076800000,0.6240000000,0.5350000000,1.1534665557,-0.1847631308,-0.1819323464,0.0061909637,-0.4572445395,0
25660,2023-10-23 17:00:00,1698080400000,0.6230000000,0.5322000000,1.1540812030,-0.1867925895,-0.1820600179,0.0061684795,-0.7672184997,0
25661,2023-10-23 18:00:00,1698084000000,0.6250000000,0.5338000000,1.1547617837,-0.1879261148,-0.1822372566,0.0060990838,-0.9327397965,0
25662,2023-10-23 19:00:00,1698087600000,0.6330000000,0.5357000000,1.1558026861,-0.1959231003,-0.1826065796,0.0058816968,-2.2640610467,1
25663,2023-10-23 20:00:00,1698091200000,0.6290000000,0.5361000000,1.1566805041,-0.1914520371,-0.1829093959,0.0056025641,-1.5247734976,1
25664,2023-10-23 21:00:00,1698094800000,0.6310000000,0.5386000000,1.1573975040,-0.1917178250,-0.1831425034,0.0055164664,-1.5544953859,1
25665,2023-10-23 22:00:00,1698098400000,0.6510000000,0.5502000000,1.1581329527,-0.2037445522,-0.1834145663,0.0058996065,-3.4459901639,1
25666,2023-10-23 23:00:00,1698102000000,0.6510000000,0.5475000000,1.1589142915,-0.2069532038,-0.1837131710,0.0063744711,-3.6457977915,1
25667,2023-10-24 00:00:00,1698105600000,0.6530000000,0.5513000000,1.1595956166,-0.2059159376,-0.1839953807,0.0067686880,-3.2385237569,1
25668,2023-10-24 01:00:00,1698109200000,0.6530000000,0.5521000000,1.1601186241,-0.2054574615,-0.1842182374,0.0071285751,-2.9794487427,1
25669,2023-10-24 02:00:00,1698112800000,0.6630000000,0.5555000000,1.1607656793,-0.2140876454,-0.1845292326,0.0077785351,-3.7999973675,1
25670,2023-10-24 03:00:00,1698116400000,0.6530000000,0.5449000000,1.1614617784,-0.2135345413,-0.1848597124,0.0083437899,-3.4366671663,1
25671,2023-10-24 04:00:00,1698120000000,0.6560000000,0.5453000000,1.1621412896,-0.2170646860,-0.1851687065,0.0089868160,-3.5491969141,1
25672,2023-10-24 05:00:00,1698123600000,0.6500000000,0.5398000000,1.1628859870,-0.2160758916,-0.1854932344,0.0095468085,-3.2034430210,1
25673,2023-10-24 06:00:00,1698127200000,0.6440000000,0.5403000000,1.1635262561,-0.2090109089,-0.1857746203,0.0098527967,-2.3583444653,1
25674,2023-10-24 07:00:00,1698130800000,0.6430000000,0.5404000000,1.1641181219,-0.2081279524,-0.1860455117,0.0101203658,-2.1819804912,1
25675,2023-10-24 08:00:00,1698134400000,0.6500000000,0.5459000000,1.1648099926,-0.2112264952,-0.1864064379,0.0104187559,-2.3822477021,1
25676,2023-10-24 09:00:00,1698138000000,0.6520000000,0.5485000000,1.1654402212,-0.2113670242,-0.1867461234,0.0107165982,-2.2974548772,1
25677,2023-10-24 10:00:00,1698141600000,0.6600000000,0.5526000000,1.1662043424,-0.2170948660,-0.1871944672,0.0111111792,-2.6910193957,1
25678,2023-10-24 11:00:00,1698145200000,0.6660000000,0.5521000000,1.1672422740,-0.2252833545,-0.1877939746,0.0116549108,-3.2166166316,1
25679,2023-10-24 12:00:00,1698148800000,0.6710000000,0.5728000000,1.1677119927,-0.2107347471,-0.1881713274,0.0118301505,-1.9072808604,1
25680,2023-10-24 13:00:00,1698152400000,0.6670000000,0.5771000000,1.1679741994,-0.2019387910,-0.1884470654,0.0118524130,-1.1383104505,1
25681,2023-10-24 14:00:00,1698156000000,0.6760000000,0.5761000000,1.1685590588,-0.2138459237,-0.1889094821,0.0120051194,-2.0771506623,1
25682,2023-10-24 15:00:00,1698159600000,0.6490000000,0.5539000000,1.1690566375,-0.2048177577,-0.1892506296,0.0120064097,-1.2965681268,1
25683,2023-10-24 16:00:00,1698163200000,0.6560000000,0.5558000000,1.1697042946,-0.2115260172,-0.1897010538,0.0120567729,-1.8101828492,1
25684,2023-10-24 17:00:00,1698166800000,0.6560000000,0.5539000000,1.1703274700,-0.2138348203,-0.1901446746,0.0121864714,-1.9439708943,1
25685,2023-10-24 18:00:00,1698170400000,0.6590000000,0.5577000000,1.1708837682,-0.2139124033,-0.1905766041,0.0123177370,-1.8944875234,1
25686,2023-10-24 19:00:00,1698174000000,0.6610000000,0.5601000000,1.1713130270,-0.2141379109,-0.1909723067,0.0124842333,-1.8555888545,1
25687,2023-10-24 20:00:00,1698177600000,0.6540000000,0.5576000000,1.1716580167,-0.2086643429,-0.1913212401,0.0125256075,-1.3846117122,1
25688,2023-10-24 21:00:00,1698181200000,0.6630000000,0.5616000000,1.1720223198,-0.2154507980,-0.1917087436,0.0127152930,-1.8672046615,1
25689,2023-10-24 22:00:00,1698184800000,0.6620000000,0.5621000000,1.1722973065,-0.2139608169,-0.1920533440,0.0128848087,-1.7002559642,1
25690,2023-10-24 23:00:00,1698188400000,0.6600000000,0.5588000000,1.1726486334,-0.2151480980,-0.1924340513,0.0130448785,-1.7412233239,1
25691,2023-10-25 00:00:00,1698192000000,0.6670000000,0.5571000000,1.1731337593,-0.2253802174,-0.1928941624,0.0134504702,-2.4152356360,1
25692,2023-10-25 01:00:00,1698195600000,0.6640000000,0.5602000000,1.1734459375,-0.2189681025,-0.1932759299,0.0136871809,-1.8770974643,1
25693,2023-10-25 02:00:00,1698199200000,0.6610000000,0.5554000000,1.1738543865,-0.2205177495,-0.1936927806,0.0139270370,-1.9261073892,1
25694,2023-10-25 03:00:00,1698202800000,0.6580000000,0.5534000000,1.1742556840,-0.2192602401,-0.1941017909,0.0141201281,-1.7817436933,1
25695,2023-10-25 04:00:00,1698206400000,0.6630000000,0.5570000000,1.1746591128,-0.2217989918,-0.1945368400,0.0143508468,-1.8996894134,1
25696,2023-10-25 05:00:00,1698210000000,0.6580000000,0.5493000000,1.1751110455,-0.2239230679,-0.1949769341,0.0146248422,-1.9792441831,1
25697,2023-10-25 06:00:00,1698213600000,0.6600000000,0.5503000000,1.1756187994,-0.2256084076,-0.1954652560,0.0148899455,-2.0243963705,1
25698,2023-10-25 07:00:00,1698217200000,0.6470000000,0.5439000000,1.1759469889,-0.2169377018,-0.1958202954,0.0150091108,-1.4069725248,1
25699,2023-10-25 08:00:00,1698220800000,0.6500000000,0.5466000000,1.1762733405,-0.2179776713,-0.1961988271,0.0151248214,-1.4399405877,1
25700,2023-10-25 09:00:00,1698224400000,0.6560000000,0.5485000000,1.1766366213,-0.2233736236,-0.1966058775,0.0153475683,-1.7441034041,1
25701,2023-10-25 10:00:00,1698228000000,0.6570000000,0.5532000000,1.1769565444,-0.2200604497,-0.1969896868,0.0154886903,-1.4895231545,1
25702,2023-10-25 11:00:00,1698231600000,0.6550000000,0.5518000000,1.1772530111,-0.2193007223,-0.1973587634,0.0156122396,-1.4054331369,1
25703,2023-10-25 12:00:00,1698235200000,0.6560000000,0.5534000000,1.1775370785,-0.2190643235,-0.1977391323,0.0157109061,-1.3573495400,1
25704,2023-10-25 13:00:00,1698238800000,0.6570000000,0.5529000000,1.1778548160,-0.2209506141,-0.1981299341,0.0158371244,-1.4409610904,1
25705,2023-10-25 14:00:00,1698242400000,0.6610000000,0.5582000000,1.1781732584,-0.2205725238,-0.1985531174,0.0159116327,-1.3838558690,1
25706,2023-10-25 15:00:00,1698246000000,0.6640000000,0.5585000000,1.1784835118,-0.2240130518,-0.1989921508,0.0160517438,-1.5587652851,1
25707,2023-10-25 16:00:00,1698249600000,0.6520000000,0.5508000000,1.1787573910,-0.2177498189,-0.1993830548,0.0160660328,-1.1432046954,1
25708,2023-10-25 17:00:00,1698253200000,0.6560000000,0.5595000000,1.1788743961,-0.2138416038,-0.1997122457,0.0160484397,-0.8804194314,1
25709,2023-10-25 18:00:00,1698256800000,0.6560000000,0.5599000000,1.1789600519,-0.2134977940,-0.2000312250,0.0160273872,-0.8402223555,1
25710,2023-10-25 19:00:00,1698260400000,0.6570000000,0.5563000000,1.1791006517,-0.2183691282,-0.2003771447,0.0160764651,-1.1191504714,1
25711,2023-10-25 20:00:00,1698264000000,0.6540000000,0.5535000000,1.1793051332,-0.2177655571,-0.2007475202,0.0160803299,-1.0583139179,1
25712,2023-10-25 21:00:00,1698267600000,0.6530000000,0.5539000000,1.1794299096,-0.2162677310,-0.2010823995,0.0160792419,-0.9444059371,1
25713,2023-10-25 22:00:00,1698271200000,0.6560000000,0.5546000000,1.1795619181,-0.2191926183,-0.2014418074,0.0161107972,-1.1017959402,1
25714,2023-10-25 23:00:00,1698274800000,0.6620000000,0.5552000000,1.1798533515,-0.2258629187,-0.2019013167,0.0161986185,-1.4792373749,1
25715,2023-10-26 00:00:00,1698278400000,0.6630000000,0.5557000000,1.1801130348,-0.2267149421,-0.2023445787,0.0163144508,-1.4937900005,1
25716,2023-10-26 01:00:00,1698282000000,0.6650000000,0.5543000000,1.1804153372,-0.2306761993,-0.2028051847,0.0165106037,-1.6880675652,1
25717,2023-10-26 02:00:00,1698285600000,0.6630000000,0.5541000000,1.1806916906,-0.2286985909,-0.2032596360,0.0166425736,-1.5285469308,1
25718,2023-10-26 03:00:00,1698289200000,0.6680000000,0.5570000000,1.1810710809,-0.2319554821,-0.2038213285,0.0167302779,-1.6816309741,1
25719,2023-10-26 04:00:00,1698292800000,0.6650000000,0.5547000000,1.1814616787,-0.2309720163,-0.2043884217,0.0167570155,-1.5864158325,1
25720,2023-10-26 05:00:00,1698296400000,0.6610000000,0.5508000000,1.1818751317,-0.2304194621,-0.2049554079,0.0167455924,-1.5206421829,1
25721,2023-10-26 06:00:00,1698300000000,0.6630000000,0.5532000000,1.1822316898,-0.2306196104,-0.2055051350,0.0167489738,-1.4994635301,1
25722,2023-10-26 07:00:00,1698303600000,0.6700000000,0.5577000000,1.1826640360,-0.2346849041,-0.2061325811,0.0167491072,-1.7047071556,1
25723,2023-10-26 08:00:00,1698307200000,0.6720000000,0.5627000000,1.1829660554,-0.2322531892,-0.2067020974,0.0167366618,-1.5266540043,1
25724,2023-10-26 09:00:00,1698310800000,0.6670000000,0.5601000000,1.1831897787,-0.2290875824,-0.2072073045,0.0167028558,-1.3099722714,1
25725,2023-10-26 10:00:00,1698314400000,0.6600000000,0.5595000000,1.1833347415,-0.2215009294,-0.2076703280,0.0164987870,-0.8382798906,1
25726,2023-10-26 11:00:00,1698318000000,0.6540000000,0.5561000000,1.1834500406,-0.2178763266,-0.2080977390,0.0162435898,-0.6019967102,1
25727,2023-10-26 12:00:00,1698321600000,0.6610000000,0.5595000000,1.1836718601,-0.2229070995,-0.2085972305,0.0159797801,-0.8954984936,1
25728,2023-10-26 13:00:00,1698325200000,0.6540000000,0.5548000000,1.1837654725,-0.2193826190,-0.2089989846,0.0157778011,-0.6581167025,1
25729,2023-10-26 14:00:00,1698328800000,0.6460000000,0.5513000000,1.1837758748,-0.2134192151,-0.2093384537,0.0155286195,-0.2627897093,1
25730,2023-10-26 15:00:00,1698332400000,0.6390000000,0.5475000000,1.1837275872,-0.2089019282,-0.2096223808,0.0152744191,0.0471672633,0
25731,2023-10-26 16:00:00,1698336000000,0.6350000000,0.5481000000,1.1835464052,-0.2034519673,-0.2098261336,0.0150619529,0.4231965373,0
25732,2023-10-26 17:00:00,1698339600000,0.6420000000,0.5519000000,1.1834101845,-0.2078493384,-0.2100804536,0.0148244623,0.1505022641,0
25733,2023-10-26 18:00:00,1698343200000,0.6410000000,0.5509000000,1.1832271874,-0.2075486271,-0.2102830554,0.0146583812,0.1865436724,0
25734,2023-10-26 19:00:00,1698346800000,0.6460000000,0.5510000000,1.1830963229,-0.2132802246,-0.2105158838,0.0145321121,-0.1902229202,0
25735,2023-10-26 20:00:00,1698350400000,0.6460000000,0.5517000000,1.1829714408,-0.2124995507,-0.2107518225,0.0143838343,-0.1215064231,0
25736,2023-10-26 21:00:00,1698354000000,0.6460000000,0.5518000000,1.1827911091,-0.2122830564,-0.2109531350,0.0142726163,-0.0931799370,0
25737,2023-10-26 22:00:00,1698357600000,0.6490000000,0.5539000000,1.1826376993,-0.2136318668,-0.2111749994,0.0141520722,-0.1736047865,0
25738,2023-10-26 23:00:00,1698361200000,0.6510000000,0.5533000000,1.1824732417,-0.2164900803,-0.2113866453,0.0140834684,-0.3623706128,0
25739,2023-10-27 00:00:00,1698364800000,0.6490000000,0.5540000000,1.1822538041,-0.2132827189,-0.2115610307,0.0140054779,-0.1229296303,0
25740,2023-10-27 01:00:00,1698368400000,0.6350000000,0.5496000000,1.1818932449,-0.2009022105,-0.2116298068,0.0139365137,0.7697474767,0
25741,2023-10-27 02:00:00,1698372000000,0.6410000000,0.5532000000,1.1816179840,-0.2042171278,-0.2117770492,0.0137833624,0.5484816591,0
25742,2023-10-27 03:00:00,1698375600000,0.6450000000,0.5525000000,1.1815177384,-0.2095789413,-0.2120256426,0.0135301797,0.1808328817,0
25743,2023-10-27 04:00:00,1698379200000,0.6460000000,0.5516000000,1.1815238074,-0.2116643796,-0.2123126100,0.0132330424,0.0489857423,0
25744,2023-10-27 05:00:00,1698382800000,0.6420000000,0.5502000000,1.1815236884,-0.2083382080,-0.2126077898,0.0128276677,0.3328416324,0
25745,2023-10-27 06:00:00,1698386400000,0.6490000000,0.5507000000,1.1816857820,-0.2162140725,-0.2129964968,0.0123764845,-0.2599749361,0
25746,2023-10-27 07:00:00,1698390000000,0.6420000000,0.5453000000,1.1818093887,-0.2134216276,-0.2133358498,0.0119432601,-0.0071821046,0
25747,2023-10-27 08:00:00,1698393600000,0.6470000000,0.5503000000,1.1818850601,-0.2143796339,-0.2136716492,0.0115216375,-0.0614482658,0
25748,2023-10-27 09:00:00,1698397200000,0.6520000000,0.5517000000,1.1820272265,-0.2189817517,-0.2140715242,0.0110456979,-0.4445375498,0
25749,2023-10-27 10:00:00,1698400800000,0.6490000000,0.5506000000,1.1821333851,-0.2166045669,-0.2144332389,0.0105621235,-0.2055768422,0
25750,2023-10-27 11:00:00,1698404400000,0.6520000000,0.5490000000,1.1823864370,-0.2219159570,-0.2148733954,0.0100001183,-0.7042478216,0
25751,2023-10-27 12:00:00,1698408000000,0.6590000000,0.5530000000,1.1826508209,-0.2263668910,-0.2153256102,0.0095542833,-1.1556367436,0
25752,2023-10-27 13:00:00,1698411600000,0.6610000000,0.5531000000,1.1829072263,-0.2288016766,-0.2157822307,0.0091718410,-1.4195019075,0
25753,2023-10-27 14:00:00,1698415200000,0.6500000000,0.5494000000,1.1830314431,-0.2195704380,-0.2161261907,0.0086967631,-0.3960378347,0
25754,2023-10-27 15:00:00,1698418800000,0.6550000000,0.5547000000,1.1830215320,-0.2201791034,-0.2163898430,0.0084414804,-0.4488857782,0
25755,2023-10-27 16:00:00,1698422400000,0.6460000000,0.5505000000,1.1830181724,-0.2137297393,-0.2166319919,0.0080276441,0.3615322903,0
25756,2023-10-27 17:00:00,1698426000000,0.6460000000,0.5426000000,1.1832149493,-0.2217568572,-0.2169585031,0.0076028188,-0.6311283001,0
25757,2023-10-27 18:00:00,1698429600000,0.6410000000,0.5433000000,1.1831795568,-0.2151180959,-0.2170821286,0.0074770214,0.2626758161,0
25758,2023-10-27 19:00:00,1698433200000,0.6460000000,0.5452000000,1.1831352052,-0.2191053426,-0.2172142170,0.0074030922,-0.2554507582,0
25759,2023-10-27 20:00:00,1698436800000,0.6440000000,0.5458000000,1.1830867662,-0.2161078774,-0.2173249990,0.0073078079,0.1665508429,0
25760,2023-10-27 21:00:00,1698440400000,0.6440000000,0.5462000000,1.1830476350,-0.2156826770,-0.2174361426,0.0072023283,0.2434581735,0
25761,2023-10-27 22:00:00,1698444000000,0.6420000000,0.5456000000,1.1828656008,-0.2137997157,-0.2174330130,0.0072038617,0.5043541101,0
25762,2023-10-27 23:00:00,1698447600000,0.6430000000,0.5430000000,1.1827154983,-0.2174860654,-0.2174759643,0.0071921330,-0.0014044630,0
25763,2023-10-28 00:00:00,1698451200000,0.6450000000,0.5421000000,1.1825752845,-0.2206610585,-0.2175150553,0.0071996427,-0.4369665705,0
25764,2023-10-28 01:00:00,1698454800000,0.6500000000,0.5434000000,1.1824946000,-0.2252214900,-0.2176144640,0.0072425639,-1.0503222408,0
25765,2023-10-28 02:00:00,1698458400000,0.6590000000,0.5450000000,1.1826782091,-0.2343849398,-0.2178902687,0.0073929058,-2.2311485665,1
25766,2023-10-28 03:00:00,1698462000000,0.6590000000,0.5454000000,1.1828742331,-0.2341141196,-0.2181727270,0.0075112959,-2.1223225263,1
25767,2023-10-28 04:00:00,1698465600000,0.6610000000,0.5455000000,1.1830964031,-0.2365267225,-0.2184477295,0.0077145801,-2.3434837186,1
25768,2023-10-28 05:00:00,1698469200000,0.6600000000,0.5448000000,1.1833354730,-0.2362014122,-0.2187176685,0.0078964417,-2.2141293916,1
25769,2023-10-28 06:00:00,1698472800000,0.6620000000,0.5455000000,1.1835354988,-0.2380005002,-0.2189449037,0.0081460829,-2.3392343028,1
25770,2023-10-28 07:00:00,1698476400000,0.6680000000,0.5449000000,1.1837359983,-0.2458356468,-0.2191682981,0.0085914496,-3.1039405525,1
25771,2023-10-28 08:00:00,1698480000000,0.6700000000,0.5461000000,1.1843372097,-0.2474059305,-0.2195668980,0.0090350997,-3.0812092120,1
25772,2023-10-28 09:00:00,1698483600000,0.6700000000,0.5468000000,1.1851122352,-0.2472251976,-0.2200591415,0.0092940634,-2.9229471403,1
25773,2023-10-28 10:00:00,1698487200000,0.6720000000,0.5462000000,1.1857316354,-0.2506116590,-0.2204587691,0.0098005968,-3.0766381248,1
25774,2023-10-28 11:00:00,1698490800000,0.6700000000,0.5470000000,1.1863028626,-0.2478229179,-0.2209262165,0.0100683146,-2.6714204338,1
25775,2023-10-28 12:00:00,1698494400000,0.6620000000,0.5452000000,1.1866654691,-0.2403725405,-0.2212397656,0.0102203784,-1.8720221625,1
25776,2023-10-28 13:00:00,1698498000000,0.6660000000,0.5456000000,1.1870523956,-0.2449768955,-0.2215782664,0.0104847271,-2.2316869799,1
25777,2023-10-28 14:00:00,1698501600000,0.6630000000,0.5451000000,1.1874227623,-0.2421612914,-0.2218853196,0.0106697716,-1.9003192002,1
25778,2023-10-28 15:00:00,1698505200000,0.6730000000,0.5474000000,1.1879542376,-0.2520932019,-0.2222978771,0.0110923404,-2.6861170632,1
25779,2023-10-28 16:00:00,1698508800000,0.6710000000,0.5474000000,1.1885269930,-0.2501016123,-0.2227482822,0.0113704612,-2.4056482512,1
25780,2023-10-28 17:00:00,1698512400000,0.6740000000,0.5466000000,1.1890929379,-0.2548486402,-0.2231765196,0.0118254059,-2.6783115036,1
25781,2023-10-28 18:00:00,1698516000000,0.6740000000,0.5466000000,1.1896917281,-0.2552522247,-0.2236253393,0.0122478299,-2.5822440187,1
25782,2023-10-28 19:00:00,1698519600000,0.6710000000,0.5445000000,1.1902403308,-0.2541512620,-0.2240492867,0.0126205322,-2.3851589545,1
25783,2023-10-28 20:00:00,1698523200000,0.6730000000,0.5463000000,1.1906077851,-0.2549790394,-0.2243710130,0.0130256038,-2.3498355120,1
25784,2023-10-28 21:00:00,1698526800000,0.6760000000,0.5474000000,1.1911435573,-0.2578130448,-0.2247932406,0.0134705274,-2.4512629057,1
25785,2023-10-28 22:00:00,1698530400000,0.6730000000,0.5460000000,1.1915978384,-0.2559453453,-0.2251783232,0.0138480554,-2.2217575791,1
25786,2023-10-28 23:00:00,1698534000000,0.6720000000,0.5446000000,1.1920765576,-0.2564754467,-0.2255828363,0.0142120434,-2.1736923662,1
25787,2023-10-29 00:00:00,1698537600000,0.6710000000,0.5441000000,1.1925334482,-0.2560899438,-0.2259555641,0.0145571867,-2.0700689208,1
25788,2023-10-29 01:00:00,1698541200000,0.6660000000,0.5427000000,1.1928418981,-0.2517327042,-0.2262578427,0.0148012054,-1.7211342481,1
25789,2023-10-29 02:00:00,1698544800000,0.6670000000,0.5434000000,1.1931381526,-0.2524231478,-0.2265493073,0.0150501991,-1.7191693205,1
25790,2023-10-29 03:00:00,1698548400000,0.6610000000,0.5425000000,1.1934434819,-0.2463661415,-0.2268691816,0.0151560322,-1.2864158422,1
25791,2023-10-29 04:00:00,1698552000000,0.6660000000,0.5437000000,1.1938236721,-0.2513865656,-0.2272323218,0.0153397760,-1.5746151559,1
25792,2023-10-29 05:00:00,1698555600000,0.6670000000,0.5448000000,1.1941251641,-0.2516814845,-0.2275400159,0.0155440728,-1.5530980076,1
25793,2023-10-29 06:00:00,1698559200000,0.6730000000,0.5455000000,1.1946198979,-0.2584791913,-0.2279576109,0.0158539008,-1.9251779619,1
25794,2023-10-29 07:00:00,1698562800000,0.6710000000,0.5470000000,1.1950477966,-0.2548770715,-0.2283443104,0.0160727945,-1.6507870614,1
25795,2023-10-29 08:00:00,1698566400000,0.6750000000,0.5488000000,1.1955318340,-0.2581839879,-0.2287695241,0.0163398366,-1.8001687866,1
25796,2023-10-29 09:00:00,1698570000000,0.6730000000,0.5509000000,1.1958962630,-0.2539381850,-0.2291280847,0.0165272375,-1.5011643859,1
25797,2023-10-29 10:00:00,1698573600000,0.6720000000,0.5526000000,1.1962491402,-0.2512794222,-0.2294618553,0.0166620734,-1.3094148835,1
25798,2023-10-29 11:00:00,1698577200000,0.6740000000,0.5552000000,1.1965280431,-0.2512599011,-0.2297580167,0.0168056907,-1.2794406827,1
25799,2023-10-29 12:00:00,1698580800000,0.6760000000,0.5550000000,1.1969055410,-0.2541081457,-0.2301532159,0.0169471077,-1.4135113887,1
25800,2023-10-29 13:00:00,1698584400000,0.6770000000,0.5532000000,1.1974763453,-0.2574914858,-0.2306276712,0.0170957897,-1.5713702090,1
25801,2023-10-29 14:00:00,1698588000000,0.6870000000,0.5560000000,1.1981916033,-0.2671576315,-0.2312109303,0.0174172821,-2.0638525065,1
25802,2023-10-29 15:00:00,1698591600000,0.6850000000,0.5565000000,1.1987471010,-0.2646417642,-0.2317138937,0.0177080572,-1.8594852136,1
25803,2023-10-29 16:00:00,1698595200000,0.6820000000,0.5558000000,1.1992508173,-0.2620890574,-0.2321956709,0.0179260053,-1.6675988836,1
25804,2023-10-29 17:00:00,1698598800000,0.6930000000,0.5586000000,1.1999390309,-0.2729577484,-0.2328118667,0.0183419915,-2.1887417022,1
25805,2023-10-29 18:00:00,1698602400000,0.6960000000,0.5585000000,1.2006467940,-0.2771501686,-0.2334418401,0.0188571544,-2.3178644911,1
25806,2023-10-29 19:00:00,1698606000000,0.6930000000,0.5585000000,1.2011889920,-0.2739239715,-0.2339642428,0.0193052838,-2.0698855849,1
25807,2023-10-29 20:00:00,1698609600000,0.6920000000,0.5582000000,1.2017101054,-0.2733833929,-0.2344715086,0.0197213545,-1.9730837571,1
25808,2023-10-29 21:00:00,1698613200000,0.6870000000,0.5551000000,1.2021297653,-0.2707631488,-0.2349072363,0.0200762305,-1.7859882823,1
25809,2023-10-29 22:00:00,1698616800000,0.6900000000,0.5572000000,1.2025953909,-0.2725908198,-0.2353843258,0.0204452022,-1.8198154116,1
25810,2023-10-29 23:00:00,1698620400000,0.6840000000,0.5561000000,1.2029368037,-0.2667087737,-0.2357620789,0.0207006154,-1.4949649655,1
25811,2023-10-30 00:00:00,1698624000000,0.6870000000,0.5545000000,1.2033799741,-0.2722220422,-0.2362104488,0.0210396792,-1.7116037285,1
25812,2023-10-30 01:00:00,1698627600000,0.6910000000,0.5547000000,1.2038840729,-0.2771838944,-0.2367187578,0.0214589601,-1.8856988540,1
25813,2023-10-30 02:00:00,1698631200000,0.6900000000,0.5542000000,1.2043975872,-0.2768343352,-0.2372210918,0.0218519391,-1.8128022053,1
25814,2023-10-30 03:00:00,1698634800000,0.6850000000,0.5549000000,1.2047640682,-0.2703633868,-0.2376089014,0.0221213690,-1.4806717127,1
25815,2023-10-30 04:00:00,1698638400000,0.6850000000,0.5520000000,1.2052800872,-0.2736168597,-0.2380585065,0.0224295219,-1.5853371010,1
25816,2023-10-30 05:00:00,1698642000000,0.6810000000,0.5512000000,1.2057727807,-0.2699312637,-0.2385024596,0.0226531071,-1.3873948511,1
25817,2023-10-30 06:00:00,1698645600000,0.6800000000,0.5505000000,1.2063884701,-0.2698441596,-0.2390279295,0.0228145182,-1.3507289499,1
25818,2023-10-30 07:00:00,1698649200000,0.6750000000,0.5528000000,1.2068872991,-0.2618489269,-0.2395058925,0.0228271321,-0.9787928831,1
25819,2023-10-30 08:00:00,1698652800000,0.6860000000,0.5555000000,1.2074855565,-0.2728350918,-0.2400485881,0.0230208491,-1.4242091366,1
25820,2023-10-30 09:00:00,1698656400000,0.6890000000,0.5591000000,1.2080826640,-0.2732689555,-0.2406343091,0.0231742710,-1.4082275272,1
25821,2023-10-30 10:00:00,1698660000000,0.6900000000,0.5580000000,1.2087984551,-0.2760709340,-0.2413153061,0.0232860118,-1.4925539076,1
25822,2023-10-30 11:00:00,1698663600000,0.6890000000,0.5626000000,1.2094280872,-0.2706959521,-0.2419869802,0.0232319360,-1.2357546016,1
25823,2023-10-30 12:00:00,1698667200000,0.6870000000,0.5641000000,1.2100736536,-0.2672206000,-0.2426801176,0.0230199072,-1.0660547980,1
25824,2023-10-30 13:00:00,1698670800000,0.6900000000,0.5757000000,1.2104482710,-0.2595093070,-0.2432416390,0.0227898661,-0.7138114790,1
25825,2023-10-30 14:00:00,1698674400000,0.6850000000,0.5820000000,1.2105520399,-0.2472281473,-0.2436729381,0.0224803174,-0.1581476452,1
25826,2023-10-30 15:00:00,1698678000000,0.6870000000,0.5779000000,1.2107063516,-0.2538552635,-0.2441139711,0.0222745735,-0.4373278980,1
25827,2023-10-30 16:00:00,1698681600000,0.6890000000,0.5797000000,1.2108730384,-0.2545915234,-0.2445714926,0.0220492213,-0.4544392176,1
25828,2023-10-30 17:00:00,1698685200000,0.6810000000,0.5787000000,1.2109019286,-0.2459242134,-0.2449371573,0.0217852374,-0.0453084823,1
25829,2023-10-30 18:00:00,1698688800000,0.6800000000,0.5785000000,1.2109078799,-0.2449173583,-0.2452772170,0.0215339313,0.0167112402,0
25830,2023-10-30 19:00:00,1698692400000,0.6830000000,0.5823000000,1.2108235578,-0.2446924899,-0.2455837649,0.0213192956,0.0418060240,0
25831,2023-10-30 20:00:00,1698696000000,0.6890000000,0.5797000000,1.2109869573,-0.2546700136,-0.2460336268,0.0210653638,-0.4099804220,0
25832,2023-10-30 21:00:00,1698699600000,0.6950000000,0.5806000000,1.2114170341,-0.2613348387,-0.2466905032,0.0205791943,-0.7116087853,0
25833,2023-10-30 22:00:00,1698703200000,0.6920000000,0.5783000000,1.2118141587,-0.2602753978,-0.2472998322,0.0201328550,-0.6444970447,0
25834,2023-10-30 23:00:00,1698706800000,0.6920000000,0.5780000000,1.2121222245,-0.2607885794,-0.2478564587,0.0197833803,-0.6536860946,0
25835,2023-10-31 00:00:00,1698710400000,0.6970000000,0.5783000000,1.2124829368,-0.2668006069,-0.2484557656,0.0195081682,-0.9403671915,0
25836,2023-10-31 01:00:00,1698714000000,0.6960000000,0.5794000000,1.2128385275,-0.2647356152,-0.2490687809,0.0191158377,-0.8195735168,0
25837,2023-10-31 02:00:00,1698717600000,0.6910000000,0.5773000000,1.2130196182,-0.2608965562,-0.2495544600,0.0188375212,-0.6021013065,0
25838,2023-10-31 03:00:00,1698721200000,0.6860000000,0.5741000000,1.2131837103,-0.2581440252,-0.2500405730,0.0184682709,-0.4387769832,0
25839,2023-10-31 04:00:00,1698724800000,0.6880000000,0.5730000000,1.2134394885,-0.2618463681,-0.2505565158,0.0181208379,-0.6230314676,0
25840,2023-10-31 05:00:00,1698728400000,0.6890000000,0.5719000000,1.2136789961,-0.2643248283,-0.2510493753,0.0178674751,-0.7429954653,0
25841,2023-10-31 06:00:00,1698732000000,0.6850000000,0.5717000000,1.2138740676,-0.2598037363,-0.2515189315,0.0175165091,-0.4729712259,0
25842,2023-10-31 07:00:00,1698735600000,0.6800000000,0.5682000000,1.2139582463,-0.2572916075,-0.2519034495,0.0172457166,-0.3124345672,0
25843,2023-10-31 08:00:00,1698739200000,0.6870000000,0.5733000000,1.2140171667,-0.2607297935,-0.2522769593,0.0170576576,-0.4955448428,0
25844,2023-10-31 09:00:00,1698742800000,0.6920000000,0.5745000000,1.2141106921,-0.2656645989,-0.2526776432,0.0169326607,-0.7669766709,0
25845,2023-10-31 10:00:00,1698746400000,0.6930000000,0.6005000000,1.2136789405,-0.2405795058,-0.2529060027,0.0166200412,0.7416646417,0
25846,2023-10-31 11:00:00,1698750000000,0.7010000000,0.6041000000,1.2133521785,-0.2464598772,-0.2531916632,0.0162736017,0.4136629494,0
25847,2023-10-31 12:00:00,1698753600000,0.6900000000,0.5995000000,1.2129907861,-0.2374636424,-0.2534496404,0.0158230409,1.0102987283,0
25848,2023-10-31 13:00:00,1698757200000,0.6790000000,0.5958000000,1.2123130239,-0.2273605433,-0.2535105501,0.0157100835,1.6645364656,0
25849,2023-10-31 14:00:00,1698760800000,0.6830000000,0.5948000000,1.2118583652,-0.2328992635,-0.2537038236,0.0153375284,1.3564480299,0
25850,2023-10-31 15:00:00,1698764400000,0.6760000000,0.5951000000,1.2112029865,-0.2236732189,-0.2537534745,0.0152313208,1.9748947504,-1
25851,2023-10-31 16:00:00,1698768000000,0.6870000000,0.6010000000,1.2106733385,-0.2307325835,-0.2539124387,0.0149069719,1.5549673826,-1
25852,2023-10-31 17:00:00,1698771600000,0.6870000000,0.6030000000,1.2101021244,-0.2283401595,-0.2540500200,0.0146056237,1.7602713180,-1
25853,2023-10-31 18:00:00,1698775200000,0.6920000000,0.6024000000,1.2096770127,-0.2346964928,-0.2542771589,0.0141274543,1.3860010223,-1
25854,2023-10-31 19:00:00,1698778800000,0.6950000000,0.5991000000,1.2093230744,-0.2413795367,-0.2545368705,0.0136554101,0.9635253496,-1
25855,2023-10-31 20:00:00,1698782400000,0.7120000000,0.6009000000,1.2092169265,-0.2600624516,-0.2549651465,0.0131912713,-0.3864149998,0
25856,2023-10-31 21:00:00,1698786000000,0.7110000000,0.5967000000,1.2091333885,-0.2629938392,-0.2553757155,0.0128384484,-0.5933835174,0
25857,2023-10-31 22:00:00,1698789600000,0.7170000000,0.5982000000,1.2090039916,-0.2686558620,-0.2557482256,0.0127193403,-1.0148039223,0
25858,2023-10-31 23:00:00,1698793200000,0.7220000000,0.5996000000,1.2089515304,-0.2732630050,-0.2561737569,0.0126422461,-1.3517572698,0
25859,2023-11-01 00:00:00,1698796800000,0.7540000000,0.5941000000,1.2096471588,-0.3179739577,-0.2570590530,0.0140271930,-4.3426296885,1
25860,2023-11-01 01:00:00,1698800400000,0.7580000000,0.5943000000,1.2104191927,-0.3231977480,-0.2580046653,0.0154643781,-4.2156937953,1
25861,2023-11-01 02:00:00,1698804000000,0.7580000000,0.5952000000,1.2111460859,-0.3228487331,-0.2589269287,0.0167360603,-3.8194057077,1
25862,2023-11-01 03:00:00,1698807600000,0.7590000000,0.5924000000,1.2118307142,-0.3273795120,-0.2598132751,0.0181358756,-3.7255569266,1
25863,2023-11-01 04:00:00,1698811200000,0.7590000000,0.5900000000,1.2125572393,-0.3303309446,-0.2607146339,0.0195203086,-3.5663529735,1
25864,2023-11-01 05:00:00,1698814800000,0.7460000000,0.5823000000,1.2132136693,-0.3227573973,-0.2615356361,0.0205100325,-2.9849665633,1
25865,2023-11-01 06:00:00,1698818400000,0.7500000000,0.5913000000,1.2136920462,-0.3189690346,-0.2622786510,0.0213316722,-2.6575686626,1
25866,2023-11-01 07:00:00,1698822000000,0.7610000000,0.5986000000,1.2142741291,-0.3254626122,-0.2631225608,0.0222686854,-2.7994491119,1
25867,2023-11-01 08:00:00,1698825600000,0.7580000000,0.6010000000,1.2148439976,-0.3198517501,-0.2639864652,0.0229088880,-2.4385856212,1
25868,2023-11-01 09:00:00,1698829200000,0.7510000000,0.6038000000,1.2151393670,-0.3087696646,-0.2646798649,0.0232894585,-1.8931225738,1
25869,2023-11-01 10:00:00,1698832800000,0.7410000000,0.6002000000,1.2153621464,-0.3003833505,-0.2653127133,0.0234612388,-1.4948331345,1
25870,2023-11-01 11:00:00,1698836400000,0.7490000000,0.6031000000,1.2155435384,-0.3073421103,-0.2659132450,0.0238234442,-1.7389956258,1
25871,2023-11-01 12:00:00,1698840000000,0.7490000000,0.6054000000,1.2157054625,-0.3051633914,-0.2665117426,0.0241117483,-1.6030214148,1
25872,2023-11-01 13:00:00,1698843600000,0.7460000000,0.6005000000,1.2158515787,-0.3065252777,-0.2670734451,0.0244367947,-1.6144438370,1
25873,2023-11-01 14:00:00,1698847200000,0.7360000000,0.5956000000,1.2159147244,-0.2993132372,-0.2675523692,0.0246335432,-1.2893341274,1
25874,2023-11-01 15:00:00,1698850800000,0.7320000000,0.5970000000,1.2158742336,-0.2930199390,-0.2679748548,0.0247342864,-1.0125654639,1
25875,2023-11-01 16:00:00,1698854400000,0.7340000000,0.5980000000,1.2158524585,-0.2944357045,-0.2684037316,0.0248482850,-1.0476366032,1
25876,2023-11-01 17:00:00,1698858000000,0.7370000000,0.6018000000,1.2157691944,-0.2942218962,-0.2687994800,0.0249674068,-1.0182241369,1
25877,2023-11-01 18:00:00,1698861600000,0.7470000000,0.6087000000,1.2157435372,-0.2994604223,-0.2692724700,0.0251328514,-1.2011351933,1
25878,2023-11-01 19:00:00,1698865200000,0.7560000000,0.6088000000,1.2158831809,-0.3104076848,-0.2698586899,0.0254579606,-1.5927825277,1
25879,2023-11-01 20:00:00,1698868800000,0.7700000000,0.6150000000,1.2161624249,-0.3214450672,-0.2705690717,0.0259760995,-1.9585694715,1
25880,2023-11-01 21:00:00,1698872400000,0.7690000000,0.6108000000,1.2165778451,-0.3247483629,-0.2713627202,0.0265043212,-2.0142241069,1
25881,2023-11-01 22:00:00,1698876000000,0.7570000000,0.6098000000,1.2167735738,-0.3112975953,-0.2720026598,0.0267516054,-1.4688813962,1
25882,2023-11-01 23:00:00,1698879600000,0.7620000000,0.6085000000,1.2171842655,-0.3189944103,-0.2727920975,0.0270566483,-1.7076140512,1
25883,2023-11-02 00:00:00,1698883200000,0.7550000000,0.6102000000,1.2173525550,-0.3089011791,-0.2734172564,0.0272205835,-1.3035695112,1
25884,2023-11-02 01:00:00,1698886800000,0.7590000000,0.6087000000,1.2176398222,-0.3154886251,-0.2741108123,0.0274723992,-1.5061594186,1
25885,2023-11-02 02:00:00,1698890400000,0.7650000000,0.6121000000,1.2178737640,-0.3195734294,-0.2747748801,0.0278265050,-1.6099236811,1
25886,2023-11-02 03:00:00,1698894000000,0.7640000000,0.6115000000,1.2181677698,-0.3191801761,-0.2754738268,0.0281271782,-1.5538831878,1
25887,2023-11-02 04:00:00,1698897600000,0.7570000000,0.6066000000,1.2184052923,-0.3157328062,-0.2760993575,0.0283772506,-1.3966627455,1
25888,2023-11-02 05:00:00,1698901200000,0.7460000000,0.6049000000,1.2185479213,-0.3041367493,-0.2766449940,0.0284290147,-0.9670315878,1
25889,2023-11-02 06:00:00,1698904800000,0.7510000000,0.6055000000,1.2188268870,-0.3098389922,-0.2772815111,0.0285102956,-1.1419552263,1
25890,2023-11-02 07:00:00,1698908400000,0.7550000000,0.6051000000,1.2192120538,-0.3154051006,-0.2779787415,0.0286509350,-1.3062875302,1
25891,2023-11-02 08:00:00,1698912000000,0.7570000000,0.6082000000,1.2195233465,-0.3149791733,-0.2786403831,0.0287961144,-1.2619338042,1
25892,2023-11-02 09:00:00,1698915600000,0.7580000000,0.6070000000,1.2198241310,-0.3176266913,-0.2792940267,0.0289926144,-1.3221527399,1
25893,2023-11-02 10:00:00,1698919200000,0.7640000000,0.6166000000,1.2199011583,-0.3154044849,-0.2798184490,0.0292062381,-1.2184395608,1
25894,2023-11-02 11:00:00,1698922800000,0.7700000000,0.6167000000,1.2201383108,-0.3228064993,-0.2804506744,0.0295021442,-1.4356863207,1
25895,2023-11-02 12:00:00,1698926400000,0.7720000000,0.6200000000,1.2203743186,-0.3221289739,-0.2811032822,0.0297544921,-1.3788066555,1
25896,2023-11-02 13:00:00,1698930000000,0.7590000000,0.6128000000,1.2203908168,-0.3134766299,-0.2815437048,0.0299319467,-1.0668509285,1
25897,2023-11-02 14:00:00,1698933600000,0.7550000000,0.6081000000,1.2203840151,-0.3132899314,-0.2819365283,0.0301102687,-1.0412860615,1
25898,2023-11-02 15:00:00,1698937200000,0.7410000000,0.6039000000,1.2202599545,-0.3003126263,-0.2822233615,0.0301587529,-0.5998014856,1
25899,2023-11-02 16:00:00,1698940800000,0.7460000000,0.6046000000,1.2202261057,-0.3056886748,-0.2825745059,0.0302426481,-0.7642905108,1
