time,timestamp,THETAUSDT,XRPUSDT,spread,z_score
2023-10-14 04:00:00,1697256000000,0.587,0.4849,0.35491205410626214,-0.8620682466623399
2023-10-14 05:00:00,1697259600000,0.588,0.4842,0.3562470954800002,-0.8488802258243068
2023-10-14 06:00:00,1697263200000,0.587,0.4846,0.35505564326643557,-0.8606498210811308
2023-10-14 07:00:00,1697266800000,0.588,0.4838,0.35643854769356487,-0.846988991716027
2023-10-14 08:00:00,1697270400000,0.588,0.4843,0.3561992324266091,-0.8493530343513762
2023-10-14 09:00:00,1697274000000,0.589,0.4852,0.3567684649460886,-0.8437299499464621
2023-10-14 10:00:00,1697277600000,0.59,0.4849,0.35791205410626215,-0.8324331632167077
2023-10-14 11:00:00,1697281200000,0.589,0.4855,0.3566248757859152,-0.8451483755276714
2023-10-14 12:00:00,1697284800000,0.591,0.4867,0.35805051914522124,-0.8310653555554226
2023-10-14 13:00:00,1697288400000,0.59,0.4857,0.35752914967913285,-0.8362156314332673
2023-10-14 14:00:00,1697292000000,0.589,0.4853,0.3567206018926975,-0.8442027584735315
2023-10-14 15:00:00,1697295600000,0.591,0.4875,0.35766761471809194,-0.8348478237719821
2023-10-14 16:00:00,1697299200000,0.592,0.4865,0.35914624525200356,-0.8202413773527386
2023-10-14 17:00:00,1697302800000,0.591,0.4869,0.3579547930384389,-0.8320109726095625
2023-10-14 18:00:00,1697306400000,0.591,0.486,0.35838556051895937,-0.827755695865933
2023-10-14 19:00:00,1697310000000,0.591,0.4861,0.3583376974655682,-0.8282285043930029
2023-10-14 20:00:00,1697313600000,0.59,0.4862,0.357289834412177,-0.8385796740686174
2023-10-14 21:00:00,1697317200000,0.591,0.4868,0.3580026560918301,-0.8315381640824925
2023-10-14 22:00:00,1697320800000,0.59,0.4863,0.3572419713587859,-0.8390524825956869
2023-10-14 23:00:00,1697324400000,0.589,0.4865,0.35614624525200356,-0.8498764607983709
2023-10-15 00:00:00,1697328000000,0.588,0.4854,0.3556727388393063,-0.8545539281491461
2023-10-15 01:00:00,1697331600000,0.592,0.4869,0.3589547930384389,-0.8221326114610183
2023-10-15 02:00:00,1697335200000,0.594,0.4863,0.3612419713587859,-0.7995390380015105
2023-10-15 03:00:00,1697338800000,0.592,0.4858,0.35948128662574164,-0.8169317176632496
2023-10-15 04:00:00,1697342400000,0.591,0.486,0.35838556051895937,-0.827755695865933
2023-10-15 05:00:00,1697346000000,0.592,0.4857,0.35952914967913285,-0.816458909136179
2023-10-15 06:00:00,1697349600000,0.595,0.4863,0.3622419713587859,-0.7896606768529664
2023-10-15 07:00:00,1697353200000,0.595,0.4864,0.3621941083053947,-0.7901334853800364
2023-10-15 08:00:00,1697356800000,0.599,0.4871,0.3658590669316566,-0.7539297004753496
2023-10-15 09:00:00,1697360400000,0.597,0.4877,0.3635718886113096,-0.7765232739348574
2023-10-15 10:00:00,1697364000000,0.595,0.4876,0.36161975166470084,-0.7958071877048751
2023-10-15 11:00:00,1697367600000,0.594,0.4867,0.36105051914522124,-0.8014302721097902
2023-10-15 12:00:00,1697371200000,0.593,0.4866,0.3600983821986124,-0.8108358247312644
2023-10-15 13:00:00,1697374800000,0.592,0.4868,0.3590026560918301,-0.8216598029339484
2023-10-15 14:00:00,1697378400000,0.591,0.4859,0.35843342357235053,-0.827282887338863
2023-10-15 15:00:00,1697382000000,0.595,0.487,0.36190692998504775,-0.792970336542456
2023-10-15 16:00:00,1697385600000,0.597,0.4875,0.36366761471809195,-0.7755776568807176
2023-10-15 17:00:00,1697389200000,0.598,0.4888,0.36404539502400685,-0.7718458065840826
2023-10-15 18:00:00,1697392800000,0.599,0.4898,0.3645667644900953,-0.7666955307062374
2023-10-15 19:00:00,1697396400000,0.597,0.4879,0.3634761625045273,-0.7774688909889973
2023-10-15 20:00:00,1697400000000,0.601,0.4898,0.3665667644900953,-0.7469388084091493
2023-10-15 21:00:00,1697403600000,0.599,0.4887,0.365093258077398,-0.7614946369084686
2023-10-15 22:00:00,1697407200000,0.597,0.4875,0.36366761471809195,-0.7755776568807176
2023-10-15 23:00:00,1697410800000,0.598,0.4874,0.3647154777714831,-0.7652264872051034
2023-10-16 00:00:00,1697414400000,0.599,0.4864,0.3661941083053947,-0.75062004078586
2023-10-16 01:00:00,1697418000000,0.602,0.488,0.3684282994511362,-0.7285498937733462
2023-10-16 02:00:00,1697421600000,0.601,0.4868,0.3680026560918301,-0.7327545525970515
2023-10-16 03:00:00,1697425200000,0.602,0.4878,0.36852402555791847,-0.7276042767192068
2023-10-16 04:00:00,1697428800000,0.601,0.4863,0.3682419713587859,-0.7303905099617017
2023-10-16 05:00:00,1697432400000,0.608,0.4937,0.37170010540784,-0.6962298129250684
2023-10-16 06:00:00,1697436000000,0.607,0.492,0.37151377731548973,-0.6980704291134234
2023-10-16 07:00:00,1697439600000,0.605,0.4933,0.36889155762140463,-0.7239736622624209
2023-10-16 08:00:00,1697443200000,0.605,0.4913,0.3698488186892278,-0.7145174917210225
2023-10-16 09:00:00,1697446800000,0.605,0.4935,0.36879583151462236,-0.7249192793165602
2023-10-16 10:00:00,1697450400000,0.604,0.4939,0.3676043793010577,-0.7366888745733841
2023-10-16 11:00:00,1697454000000,0.603,0.4942,0.3664607901408842,-0.7479856613031386
2023-10-16 12:00:00,1697457600000,0.606,0.4942,0.3694607901408842,-0.7183505778575062
2023-10-16 13:00:00,1697461200000,0.601,0.4964,0.3634078029662786,-0.7781441711957655
2023-10-16 14:00:00,1697464800000,0.601,0.4975,0.3628813093789759,-0.7833450649935343
2023-10-16 15:00:00,1697468400000,0.597,0.4921,0.36146591426209856,-0.7973268491259343
2023-10-16 16:00:00,1697472000000,0.598,0.491,0.36299240784940134,-0.7822475941796209
2023-10-16 17:00:00,1697475600000,0.601,0.4937,0.36470010540784,-0.765378340964877
2023-10-16 18:00:00,1697479200000,0.603,0.4969,0.36516848769932286,-0.7607514915340264
2023-10-16 19:00:00,1697482800000,0.604,0.4964,0.3664078029662786,-0.7485090877501333
2023-10-16 20:00:00,1697486400000,0.603,0.4959,0.3656471182332345,-0.7560234062633271
2023-10-16 21:00:00,1697490000000,0.605,0.497,0.3671206246459317,-0.7414675777640082
2023-10-16 22:00:00,1697493600000,0.609,0.4989,0.37021122663149963,-0.7109374951841607
2023-10-16 23:00:00,1697497200000,0.608,0.4978,0.3697377202188024,-0.7156149625349355
2023-10-17 00:00:00,1697500800000,0.603,0.494,0.3665565162476665,-0.7470400442489987
2023-10-17 01:00:00,1697504400000,0.604,0.4948,0.3671736118205372,-0.7409441513170141
2023-10-17 02:00:00,1697508000000,0.606,0.4951,0.3690300226603638,-0.7226058546011352
2023-10-17 03:00:00,1697511600000,0.604,0.4928,0.36813087288836044,-0.7314879807756153
2023-10-17 04:00:00,1697515200000,0.604,0.4908,0.3690881339561837,-0.7220318102342164
2023-10-17 05:00:00,1697518800000,0.603,0.4915,0.36775309258244554,-0.7352198310722501
2023-10-17 06:00:00,1697522400000,0.602,0.4896,0.3676624905968776,-0.7361148302064653
2023-10-17 07:00:00,1697526000000,0.605,0.4915,0.36975309258244554,-0.7154631087751618
2023-10-17 08:00:00,1697529600000,0.606,0.4921,0.3704659142620986,-0.7084215987890374
2023-10-17 09:00:00,1697533200000,0.606,0.4904,0.3712795861697483,-0.7003838538288484
2023-10-17 10:00:00,1697536800000,0.605,0.49,0.37047103838331297,-0.7083709808691128
2023-10-17 11:00:00,1697540400000,0.606,0.4925,0.3702744620485339,-0.7103128328973172
2023-10-17 12:00:00,1697544000000,0.6,0.4901,0.36542317532992175,-0.7582355951389037
2023-10-17 13:00:00,1697547600000,0.595,0.4892,0.3608539428104422,-0.8033721241379947
2023-10-17 14:00:00,1697551200000,0.596,0.4901,0.36142317532992174,-0.7977490397330801
2023-10-17 15:00:00,1697554800000,0.598,0.4902,0.36337531227653064,-0.7784651259630613
2023-10-17 16:00:00,1697558400000,0.598,0.4909,0.36304027090279245,-0.7817747856525514
2023-10-17 17:00:00,1697562000000,0.595,0.4916,0.35970522952905437,-0.8147195287876728
2023-10-17 18:00:00,1697565600000,0.595,0.4909,0.36004027090279245,-0.8114098690981838
2023-10-17 19:00:00,1697569200000,0.6,0.4931,0.363987283728187,-0.772419850951001
2023-10-17 20:00:00,1697572800000,0.596,0.492,0.3605137773154897,-0.8067324017474085
2023-10-17 21:00:00,1697576400000,0.596,0.4919,0.3605616403688809,-0.8062595932203386
2023-10-17 22:00:00,1697580000000,0.594,0.4912,0.358896681742619,-0.8227066558279371
2023-10-17 23:00:00,1697583600000,0.597,0.4912,0.361896681742619,-0.7930715723823049
2023-10-18 00:00:00,1697587200000,0.595,0.4893,0.36080607975705103,-0.8038449326650647
2023-10-18 01:00:00,1697590800000,0.593,0.4894,0.3587582167036599,-0.8240744634892223
2023-10-18 02:00:00,1697594400000,0.593,0.4898,0.3585667644900953,-0.825965697597502
2023-10-18 03:00:00,1697598000000,0.594,0.4904,0.3592795861697483,-0.8189241876113776
2023-10-18 04:00:00,1697601600000,0.598,0.4909,0.36304027090279245,-0.7817747856525514
2023-10-18 05:00:00,1697605200000,0.598,0.49,0.36347103838331296,-0.7775195089089214
2023-10-18 06:00:00,1697608800000,0.597,0.489,0.3629496689172246,-0.7826697847867661
2023-10-18 07:00:00,1697612400000,0.597,0.4891,0.36290180586383336,-0.7831425933138366
2023-10-18 08:00:00,1697616000000,0.597,0.4873,0.36376334082487427,-0.7746320398265776
2023-10-18 09:00:00,1697619600000,0.594,0.4873,0.36076334082487427,-0.80426712327221
2023-10-18 10:00:00,1697623200000,0.597,0.4895,0.3627103536502687,-0.7850338274221164
2023-10-18 11:00:00,1697626800000,0.596,0.4904,0.3612795861697483,-0.7991674653142894
2023-10-18 12:00:00,1697630400000,0.595,0.4897,0.3606146275434864,-0.8057361667733445
2023-10-18 13:00:00,1697634000000,0.592,0.489,0.3579496689172246,-0.8320615905294866
2023-10-18 14:00:00,1697637600000,0.59,0.4875,0.35666761471809194,-0.8447261849205262
2023-10-18 15:00:00,1697641200000,0.591,0.4873,0.35776334082487427,-0.8339022067178422
2023-10-18 16:00:00,1697644800000,0.591,0.4876,0.35761975166470084,-0.8353206322990515
2023-10-18 17:00:00,1697648400000,0.589,0.491,0.35399240784940134,-0.8711528445165178
2023-10-18 18:00:00,1697652000000,0.588,0.4923,0.35237018815531623,-0.8871777165169712
2023-10-18 19:00:00,1697655600000,0.586,0.4892,0.3518539428104422,-0.8922773744748916
2023-10-18 20:00:00,1697659200000,0.584,0.489,0.34994966891722457,-0.9110884797178395
2023-10-18 21:00:00,1697662800000,0.584,0.4883,0.35028471029096264,-0.9077788200283503
2023-10-18 22:00:00,1697666400000,0.587,0.489,0.35294966891722457,-0.8814533962722071
2023-10-18 23:00:00,1697670000000,0.585,0.4878,0.35152402555791845,-0.8955364162444566
2023-10-19 00:00:00,1697673600000,0.584,0.4874,0.3507154777714831,-0.9035235432847208
2023-10-19 01:00:00,1697677200000,0.578,0.4839,0.34639068464017375,-0.9462454117285375
2023-10-19 02:00:00,1697680800000,0.574,0.4832,0.3427257260139118,-0.9824491966332248
2023-10-19 03:00:00,1697684400000,0.576,0.4834,0.3446299999071295,-0.9636380913902765
2023-10-19 04:00:00,1697688000000,0.578,0.4823,0.3471564934944323,-0.9386804752954189
2023-10-19 05:00:00,1697691600000,0.58,0.4834,0.3486299999071295,-0.9241246467961001
2023-10-19 06:00:00,1697695200000,0.58,0.48,0.350257343722429,-0.908049156875722
2023-10-19 07:00:00,1697698800000,0.581,0.4799,0.3513052067758201,-0.8976979872001085
2023-10-19 08:00:00,1697702400000,0.579,0.4803,0.34911375456225546,-0.9193459436054765
2023-10-19 09:00:00,1697706000000,0.577,0.479,0.3477359742563406,-0.9329561550506549
2023-10-19 10:00:00,1697709600000,0.577,0.4828,0.3459171782274765,-0.9509228790793127
2023-10-19 11:00:00,1697713200000,0.578,0.4822,0.34720435654782345,-0.938207666768349
2023-10-19 12:00:00,1697716800000,0.576,0.4832,0.3447257260139118,-0.9626924743361366
2023-10-19 13:00:00,1697720400000,0.573,0.4829,0.3418693151740853,-0.9909091322005591
2023-10-19 14:00:00,1697724000000,0.573,0.4861,0.3403376974655682,-1.0060390050667967
2023-10-19 15:00:00,1697727600000,0.573,0.4869,0.3399547930384389,-1.0098214732833564
2023-10-19 16:00:00,1697731200000,0.57,0.4859,0.3374334235723505,-1.0347284714582892
2023-10-19 17:00:00,1697734800000,0.568,0.4868,0.33500265609183005,-1.0587404704990069
2023-10-19 18:00:00,1697738400000,0.565,0.488,0.33142829945113617,-1.094049256269478
2023-10-19 19:00:00,1697742000000,0.566,0.4889,0.33199753197061566,-1.0884261718645638
2023-10-19 20:00:00,1697745600000,0.566,0.5033,0.3251052522822886,-1.1565105997626335
2023-10-19 21:00:00,1697749200000,0.563,0.506,0.32081294984072717,-1.1989115134391548
2023-10-19 22:00:00,1697752800000,0.563,0.5086,0.31956851045255696,-1.2112045351429732
2023-10-19 23:00:00,1697756400000,0.565,0.5197,0.3162557115261382,-1.2439295593506472
2023-10-20 00:00:00,1697760000000,0.565,0.5171,0.3175001509143084,-1.2316365376468286
2023-10-20 01:00:00,1697763600000,0.57,0.5156,0.3232180967151758,-1.175152603998059
2023-10-20 02:00:00,1697767200000,0.581,0.5196,0.3323035745795294,-1.085402972446871
2023-10-20 03:00:00,1697770800000,0.583,0.5205,0.33387280709900896,-1.0699015268934124
2023-10-20 04:00:00,1697774400000,0.581,0.5169,0.3335958770210907,-1.072637142215983
2023-10-20 05:00:00,1697778000000,0.581,0.5113,0.3362762080109957,-1.046159864700067
2023-10-20 06:00:00,1697781600000,0.583,0.5126,0.3376539883169106,-1.032549653254888
2023-10-20 07:00:00,1697785200000,0.579,0.5096,0.3350898799186454,-1.0578788420369667
2023-10-20 08:00:00,1697788800000,0.588,0.5143,0.34184031640926094,-0.9911955924723559
2023-10-20 09:00:00,1697792400000,0.59,0.5186,0.34178220511344104,-0.9917696368392748
2023-10-20 10:00:00,1697796000000,0.587,0.5176,0.33926083564735265,-1.0166766350142076
2023-10-20 11:00:00,1697799600000,0.586,0.5158,0.33912237060839345,-1.0180444426754938
2023-10-20 12:00:00,1697803200000,0.583,0.5168,0.33564374007448183,-1.0524076113918255
2023-10-20 13:00:00,1697806800000,0.586,0.5177,0.33821297259396144,-1.0270278046898222
2023-10-20 14:00:00,1697810400000,0.583,0.5178,0.3351651095405702,-1.057135696662525
2023-10-20 15:00:00,1697814000000,0.584,0.524,0.3331976002303183,-1.0765714641923163
2023-10-20 16:00:00,1697817600000,0.585,0.5187,0.3367343420600498,-1.0416342511090657
2023-10-20 17:00:00,1697821200000,0.588,0.5211,0.33858562877866194,-1.023346572313112
2023-10-20 18:00:00,1697824800000,0.586,0.5233,0.33553264160405644,-1.0535050822057386
2023-10-20 19:00:00,1697828400000,0.587,0.5217,0.33729845045831497,-1.0360617846240758
2023-10-20 20:00:00,1697832000000,0.585,0.522,0.33515486129814154,-1.0572369325023734
2023-10-20 21:00:00,1697835600000,0.587,0.5208,0.3377292179388354,-1.0318065078804464
2023-10-20 22:00:00,1697839200000,0.588,0.5202,0.33901639625918245,-1.019091295569482
2023-10-20 23:00:00,1697842800000,0.587,0.5149,0.3405531380889139,-1.0039108047833203
2023-10-21 00:00:00,1697846400000,0.586,0.5143,0.33984031640926093,-1.0109523147694441
2023-10-21 01:00:00,1697850000000,0.588,0.5129,0.34251039915673714,-0.9845762730933773
2023-10-21 02:00:00,1697853600000,0.59,0.5123,0.3447975774770841,-0.9619826996338694
2023-10-21 03:00:00,1697857200000,0.59,0.5139,0.34403176862282553,-0.9695476360669885
2023-10-21 04:00:00,1697860800000,0.593,0.514,0.34698390556943437,-0.9403853611484262
2023-10-21 05:00:00,1697864400000,0.593,0.5127,0.3476061252635194,-0.9342388502965174
2023-10-21 06:00:00,1697868000000,0.595,0.5162,0.3479309183948288,-0.9310304264468767
2023-10-21 07:00:00,1697871600000,0.596,0.5174,0.34835656175413493,-0.9268257676231714
2023-10-21 08:00:00,1697875200000,0.596,0.5168,0.34864374007448184,-0.9239889164607522
2023-10-21 09:00:00,1697878800000,0.598,0.5171,0.3505001509143084,-0.9056506197448734
2023-10-21 10:00:00,1697882400000,0.596,0.5171,0.3485001509143084,-0.9254073420419615
2023-10-21 11:00:00,1697886000000,0.6,0.5178,0.35216510954057023,-0.8892035571372753
2023-10-21 12:00:00,1697889600000,0.598,0.5162,0.3509309183948288,-0.9013953430012444
2023-10-21 13:00:00,1697893200000,0.602,0.5178,0.35416510954057023,-0.869446834840187
2023-10-21 14:00:00,1697896800000,0.606,0.5233,0.35553264160405645,-0.8559378592348564
2023-10-21 15:00:00,1697900400000,0.607,0.5235,0.35643691549727413,-0.8470051151404523
2023-10-21 16:00:00,1697904000000,0.605,0.5221,0.35510699824475034,-0.8601425180585618
2023-10-21 17:00:00,1697907600000,0.609,0.5255,0.35747965442945095,-0.8367045633847624
2023-10-21 18:00:00,1697911200000,0.606,0.525,0.3547189696964067,-0.8639756041950455
2023-10-21 19:00:00,1697914800000,0.605,0.5215,0.35539417656509736,-0.8573056668961416
2023-10-21 20:00:00,1697918400000,0.604,0.5218,0.3542505874049239,-0.8686024536258955
2023-10-21 21:00:00,1697922000000,0.607,0.5232,0.3565805046574476,-0.8455866895592424
2023-10-21 22:00:00,1697925600000,0.607,0.5223,0.35701127213796807,-0.841331412815613
2023-10-21 23:00:00,1697929200000,0.608,0.5208,0.35872921793883544,-0.8243609237610202
2023-10-22 00:00:00,1697932800000,0.608,0.5233,0.35753264160405646,-0.8361811369377683
2023-10-22 01:00:00,1697936400000,0.608,0.5212,0.35853776572527085,-0.8262521578692995
2023-10-22 02:00:00,1697940000000,0.606,0.5179,0.35811724648717913,-0.8304061987730801
2023-10-22 03:00:00,1697943600000,0.606,0.5201,0.3570642593125736,-0.8408079863686189
2023-10-22 04:00:00,1697947200000,0.609,0.5209,0.3596813548854443,-0.8149553711395461
2023-10-22 05:00:00,1697950800000,0.613,0.5229,0.3627240938176211,-0.7848980970867679
2023-10-22 06:00:00,1697954400000,0.611,0.5217,0.361298450458315,-0.7989811170590174
2023-10-22 07:00:00,1697958000000,0.601,0.5164,0.35383519228804655,-0.8727058766097514
2023-10-22 08:00:00,1697961600000,0.6,0.5164,0.35283519228804655,-0.8825842377582955
2023-10-22 09:00:00,1697965200000,0.601,0.5178,0.35316510954057023,-0.8793251959887312
2023-10-22 10:00:00,1697968800000,0.602,0.5169,0.35459587702109074,-0.865191558096557
2023-10-22 11:00:00,1697972400000,0.599,0.5162,0.3519309183948288,-0.8915169818527003
2023-10-22 12:00:00,1697976000000,0.602,0.5165,0.3547873292346554,-0.8633003239882773
2023-10-22 13:00:00,1697979600000,0.606,0.5182,0.35797365732700565,-0.8318246243542899
2023-10-22 14:00:00,1697983200000,0.602,0.5171,0.3545001509143084,-0.8661371751506969
2023-10-22 15:00:00,1697986800000,0.603,0.5184,0.3548779312202234,-0.8624053248540615
2023-10-22 16:00:00,1697990400000,0.605,0.5221,0.35510699824475034,-0.8601425180585618
2023-10-22 17:00:00,1697994000000,0.609,0.5211,0.35958562877866196,-0.815900988193686
2023-10-22 18:00:00,1697997600000,0.608,0.52,0.35911212236596474,-0.8205784555444606
2023-10-22 19:00:00,1698001200000,0.609,0.5204,0.35992067015240015,-0.8125913285041958
2023-10-22 20:00:00,1698004800000,0.61,0.5195,0.36135143763292055,-0.7984576906120228
2023-10-22 21:00:00,1698008400000,0.609,0.5185,0.36083006816683216,-0.8036079664898674
2023-10-22 22:00:00,1698012000000,0.616,0.5221,0.36610699824475035,-0.7514805454245767
2023-10-22 23:00:00,1698015600000,0.619,0.5226,0.3688676829777946,-0.7242095046142936
2023-10-23 00:00:00,1698019200000,0.619,0.5236,0.368389052443883,-0.728937589884993
2023-10-23 01:00:00,1698022800000,0.621,0.5229,0.3707240938176211,-0.7058712078984152
2023-10-23 02:00:00,1698026400000,0.622,0.5245,0.3709582849633626,-0.7035577831829897
2023-10-23 03:00:00,1698030000000,0.625,0.5241,0.3741497371769272,-0.6720314656290781
2023-10-23 04:00:00,1698033600000,0.626,0.525,0.3747189696964067,-0.6664083812241635
2023-10-23 05:00:00,1698037200000,0.622,0.523,0.37167623076422995,-0.696465655276941
2023-10-23 06:00:00,1698040800000,0.617,0.5211,0.36758562877866197,-0.7368740990053332
2023-10-23 07:00:00,1698044400000,0.616,0.5238,0.36529332633710065,-0.7595182903847651
2023-10-23 08:00:00,1698048000000,0.621,0.5309,0.36689504954632823,-0.7436958900640102
2023-10-23 09:00:00,1698051600000,0.614,0.5268,0.3618574347353658,-0.7934592684939517
2023-10-23 10:00:00,1698055200000,0.617,0.5309,0.36289504954632823,-0.7832093346581865
2023-10-23 11:00:00,1698058800000,0.619,0.5314,0.3646557342793725,-0.7658166549964475
2023-10-23 12:00:00,1698062400000,0.619,0.5301,0.3652779539734575,-0.7596701441445387
2023-10-23 13:00:00,1698066000000,0.615,0.5268,0.3628574347353658,-0.7835809073454075
2023-10-23 14:00:00,1698069600000,0.618,0.5292,0.364708721453978,-0.7652932285494534
2023-10-23 15:00:00,1698073200000,0.619,0.5323,0.364224966798852,-0.7700719317400769
2023-10-23 16:00:00,1698076800000,0.624,0.535,0.36793266435729066,-0.7334459562282449
2023-10-23 17:00:00,1698080400000,0.623,0.5322,0.3682728298522432,-0.7300856786188307
2023-10-23 18:00:00,1698084000000,0.625,0.5338,0.3695070209979846,-0.7178938927548615
2023-10-23 19:00:00,1698087600000,0.633,0.5357,0.3765976229835526,-0.6478503655808371
2023-10-23 20:00:00,1698091200000,0.629,0.5361,0.3724061707699879,-0.6892550442832938
2023-10-23 21:00:00,1698094800000,0.631,0.5386,0.3732095944352089,-0.6813185351629536
2023-10-23 22:00:00,1698098400000,0.651,0.5502,0.3876574802418343,-0.538597101332184
2023-10-23 23:00:00,1698102000000,0.651,0.5475,0.38894978268339564,-0.5258312711012955
2023-10-24 00:00:00,1698105600000,0.653,0.5513,0.3891309866545315,-0.5240412728328652
2023-10-24 01:00:00,1698109200000,0.653,0.5521,0.3887480822274022,-0.5278237410494246
2023-10-24 02:00:00,1698112800000,0.663,0.5555,0.39712073841210277,-0.4451156194843612
2023-10-24 03:00:00,1698116400000,0.653,0.5449,0.3921942220715658,-0.4937815271003893
2023-10-24 04:00:00,1698120000000,0.656,0.5453,0.39500276985800115,-0.4660376777630368
2023-10-24 05:00:00,1698123600000,0.65,0.5398,0.39163523779451503,-0.4993033756654545
2023-10-24 06:00:00,1698127200000,0.644,0.5403,0.38539592252755916,-0.5609375851920694
2023-10-24 07:00:00,1698130800000,0.643,0.5404,0.384348059474168,-0.5712887548676834
2023-10-24 08:00:00,1698134400000,0.65,0.5459,0.38871559153765417,-0.5281446958167211
2023-10-24 09:00:00,1698138000000,0.652,0.5485,0.389471152149484,-0.5206809952234508
2023-10-24 10:00:00,1698141600000,0.66,0.5526,0.39550876696044646,-0.4610392556449651
2023-10-24 11:00:00,1698145200000,0.666,0.5521,0.4017480822274022,-0.39940504611835137
2023-10-24 12:00:00,1698148800000,0.671,0.5728,0.396840430175432,-0.4478846054791064
2023-10-24 13:00:00,1698152400000,0.667,0.5771,0.3907823188796121,-0.5077288167372898
2023-10-24 14:00:00,1698156000000,0.676,0.5761,0.40026094941352375,-0.41409548112969347
2023-10-24 15:00:00,1698159600000,0.649,0.5539,0.38388654726636134,-0.5758477391308595
2023-10-24 16:00:00,1698163200000,0.656,0.5558,0.38997714925192933,-0.5156825731053791
2023-10-24 17:00:00,1698166800000,0.656,0.5539,0.39088654726636135,-0.5066992110910508
2023-10-24 18:00:00,1698170400000,0.659,0.5577,0.39206775123749726,-0.4950308516740758
2023-10-24 19:00:00,1698174000000,0.661,0.5601,0.3929190379561094,-0.48662153402666625
2023-10-24 20:00:00,1698177600000,0.654,0.5576,0.3871156142908884,-0.5439498488897263
2023-10-24 21:00:00,1698181200000,0.663,0.5616,0.394201092155242,-0.47395693963562663
2023-10-24 22:00:00,1698184800000,0.662,0.5621,0.39296177688828615,-0.486199343419521
2023-10-24 23:00:00,1698188400000,0.66,0.5588,0.3925412576501945,-0.49035338432330106
2023-10-25 00:00:00,1698192000000,0.667,0.5571,0.4003549295578442,-0.4131671113233039
2023-10-25 01:00:00,1698195600000,0.664,0.5602,0.3958711749027182,-0.45745925910810387
2023-10-25 02:00:00,1698199200000,0.661,0.5554,0.39516860146549393,-0.46439953325437944
2023-10-25 03:00:00,1698202800000,0.658,0.5534,0.39312586253331716,-0.4845784461586129
2023-10-25 04:00:00,1698206400000,0.663,0.557,0.39640279261123534,-0.45220774739041036
2023-10-25 05:00:00,1698210000000,0.658,0.5493,0.39508824772235474,-0.46519329654874575
2023-10-25 06:00:00,1698213600000,0.66,0.5503,0.3966096171884431,-0.450164659522357
2023-10-25 07:00:00,1698217200000,0.647,0.5439,0.3866728526054774,-0.5483236087209544
2023-10-25 08:00:00,1698220800000,0.65,0.5466,0.3883805501639161,-0.5314543555062101
2023-10-25 09:00:00,1698224400000,0.656,0.5485,0.393471152149484,-0.4811675506292744
2023-10-25 10:00:00,1698228000000,0.657,0.5532,0.3922215886400995,-0.4935111902530171
2023-10-25 11:00:00,1698231600000,0.655,0.5518,0.39089167138757575,-0.5066485931711261
2023-10-25 12:00:00,1698235200000,0.656,0.5534,0.39112586253331716,-0.5043351684557011
2023-10-25 13:00:00,1698238800000,0.657,0.5529,0.39236517780027297,-0.4920927646718073
2023-10-25 14:00:00,1698242400000,0.661,0.5582,0.39382843597054146,-0.4776381720123373
2023-10-25 15:00:00,1698246000000,0.664,0.5585,0.396684846810368,-0.44942151414791487
2023-10-25 16:00:00,1698249600000,0.652,0.5508,0.38837030192148736,-0.531555591346059
2023-10-25 17:00:00,1698253200000,0.656,0.5595,0.38820621627645635,-0.5331764886069671
2023-10-25 18:00:00,1698256800000,0.656,0.5599,0.38801476406289176,-0.5350677227152463
2023-10-25 19:00:00,1698260400000,0.657,0.5563,0.39073783398497347,-0.5081682545921854
2023-10-25 20:00:00,1698264000000,0.654,0.5535,0.389077999479926,-0.5245646992798593
2023-10-25 21:00:00,1698267600000,0.653,0.5539,0.38788654726636135,-0.5363342945366831
2023-10-25 22:00:00,1698271200000,0.656,0.5546,0.3905515058926232,-0.5100088707805404
2023-10-25 23:00:00,1698274800000,0.662,0.5552,0.39626432757227625,-0.45357555505169544
2023-10-26 00:00:00,1698278400000,0.663,0.5557,0.3970250123053205,-0.44606123653850055
2023-10-26 01:00:00,1698282000000,0.665,0.5543,0.3996950950527967,-0.41968519486243366
2023-10-26 02:00:00,1698285600000,0.663,0.5541,0.39779082115957903,-0.438496300105382
2023-10-26 03:00:00,1698289200000,0.668,0.557,0.40140279261123535,-0.40281594164768986
2023-10-26 04:00:00,1698292800000,0.665,0.5547,0.39950364283923206,-0.42157642897071346
2023-10-26 05:00:00,1698296400000,0.661,0.5508,0.39737030192148737,-0.44265034100916206
2023-10-26 06:00:00,1698300000000,0.663,0.5532,0.3982215886400995,-0.4342410233617525
2023-10-26 07:00:00,1698303600000,0.67,0.5577,0.4030677512374973,-0.3863688790400907
2023-10-26 08:00:00,1698307200000,0.672,0.5627,0.40267459856793925,-0.39025258309649913
2023-10-26 09:00:00,1698310800000,0.667,0.5601,0.3989190379561094,-0.4273513671354016
2023-10-26 10:00:00,1698314400000,0.66,0.5595,0.39220621627645635,-0.4936630440127907
2023-10-26 11:00:00,1698318000000,0.654,0.5561,0.3878335600917558,-0.5368577209836778
2023-10-26 12:00:00,1698321600000,0.661,0.5595,0.39320621627645636,-0.4837846828642466
2023-10-26 13:00:00,1698325200000,0.654,0.5548,0.38845577978584095,-0.5307112101317679
2023-10-26 14:00:00,1698328800000,0.646,0.5513,0.3821309866545315,-0.5931898008726738
2023-10-26 15:00:00,1698332400000,0.639,0.5475,0.37694978268339563,-0.6443716048838247
2023-10-26 16:00:00,1698336000000,0.635,0.5481,0.37266260436304866,-0.6867219006404207
2023-10-26 17:00:00,1698339600000,0.642,0.5519,0.37784380833418457,-0.6355400966292694
2023-10-26 18:00:00,1698343200000,0.641,0.5509,0.3773224388680962,-0.640690372507114
2023-10-26 19:00:00,1698346800000,0.646,0.551,0.382274575814705,-0.591771375291464
2023-10-26 20:00:00,1698350400000,0.646,0.5517,0.3819395344409669,-0.5950810349809531
2023-10-26 21:00:00,1698354000000,0.646,0.5518,0.38189167138757574,-0.595553843508023
2023-10-26 22:00:00,1698357600000,0.649,0.5539,0.38388654726636134,-0.5758477391308595
2023-10-26 23:00:00,1698361200000,0.651,0.5533,0.3861737255867083,-0.5532541656713517
2023-10-27 00:00:00,1698364800000,0.649,0.554,0.3838386842129702,-0.5763205476579295
2023-10-27 01:00:00,1698368400000,0.635,0.5496,0.37194465856218123,-0.6938140285464699
2023-10-27 02:00:00,1698372000000,0.641,0.5532,0.37622158864009947,-0.6515649686297227
2023-10-27 03:00:00,1698375600000,0.645,0.5525,0.3805566300138376,-0.6087418643460567
2023-10-27 04:00:00,1698379200000,0.646,0.5516,0.38198739749435806,-0.5946082264538831
2023-10-27 05:00:00,1698382800000,0.642,0.5502,0.37865748024183427,-0.6275023516690809
2023-10-27 06:00:00,1698386400000,0.649,0.5507,0.3854181649748785,-0.5607178662646213
2023-10-27 07:00:00,1698390000000,0.642,0.5453,0.38100276985800113,-0.6043347338426542
2023-10-27 08:00:00,1698393600000,0.647,0.5503,0.3836096171884431,-0.5785833544534303
2023-10-27 09:00:00,1698397200000,0.652,0.5517,0.3879395344409669,-0.5358108680896885
2023-10-27 10:00:00,1698400800000,0.649,0.5506,0.3854660280282697,-0.5602450577375514
2023-10-27 11:00:00,1698404400000,0.652,0.549,0.3892318368825282,-0.5230450378588005
2023-10-27 12:00:00,1698408000000,0.659,0.553,0.39431731474688175,-0.4728088509017896
2023-10-27 13:00:00,1698411600000,0.661,0.5531,0.39626945169349065,-0.4535249371317708
2023-10-27 14:00:00,1698415200000,0.65,0.5494,0.38704038466896357,-0.5446929942641685
2023-10-27 15:00:00,1698418800000,0.655,0.5547,0.38950364283923206,-0.5203600404561545
2023-10-27 16:00:00,1698422400000,0.646,0.5505,0.3825138910816608,-0.5894073326561143
2023-10-27 17:00:00,1698426000000,0.646,0.5426,0.3862950722995625,-0.5520554590175893
2023-10-27 18:00:00,1698429600000,0.641,0.5433,0.38096003092582437,-0.6047569244497994
2023-10-27 19:00:00,1698433200000,0.646,0.5452,0.3850506329113923,-0.5643484807214079
2023-10-27 20:00:00,1698436800000,0.644,0.5458,0.3827634545910454,-0.5869420541809152
2023-10-27 21:00:00,1698440400000,0.644,0.5462,0.3825720023774807,-0.5888332882891955
2023-10-27 22:00:00,1698444000000,0.642,0.5456,0.3808591806978277,-0.6057531594238634
2023-10-27 23:00:00,1698447600000,0.643,0.543,0.38310362008599785,-0.5835817765715013
2023-10-28 00:00:00,1698451200000,0.645,0.5421,0.38553438756651826,-0.5595697775307843
2023-10-28 01:00:00,1698454800000,0.65,0.5434,0.3899121678724332,-0.5163244826399724
2023-10-28 02:00:00,1698458400000,0.659,0.545,0.39814635901817463,-0.43498416873619467
2023-10-28 03:00:00,1698462000000,0.659,0.5454,0.39795490680461,-0.4368754028444744
2023-10-28 04:00:00,1698465600000,0.661,0.5455,0.3999070437512189,-0.4175914890744556
2023-10-28 05:00:00,1698469200000,0.66,0.5448,0.399242085124957,-0.4241601905335101
2023-10-28 06:00:00,1698472800000,0.662,0.5455,0.4009070437512189,-0.4077131279259115
2023-10-28 07:00:00,1698476400000,0.668,0.5449,0.4071942220715658,-0.3456061098722278
2023-10-28 08:00:00,1698480000000,0.67,0.5461,0.40861986543087186,-0.3315230898999789
2023-10-28 09:00:00,1698483600000,0.67,0.5468,0.4082848240571338,-0.33483274958946796
2023-10-28 10:00:00,1698487200000,0.672,0.5462,0.4105720023774807,-0.31223917612996066
2023-10-28 11:00:00,1698490800000,0.67,0.547,0.4081890979503514,-0.3357783666436084
2023-10-28 12:00:00,1698494400000,0.662,0.5452,0.4010506329113923,-0.4062947023447022
2023-10-28 13:00:00,1698498000000,0.666,0.5456,0.4048591806978277,-0.3686724918588051
2023-10-28 14:00:00,1698501600000,0.663,0.5451,0.4020984959647835,-0.3959435326690882
2023-10-28 15:00:00,1698505200000,0.673,0.5474,0.4109976457367868,-0.3080345173062553
2023-10-28 16:00:00,1698508800000,0.671,0.5474,0.4089976457367868,-0.32779123960334355
2023-10-28 17:00:00,1698512400000,0.674,0.5466,0.4123805501639161,-0.2943736879411517
2023-10-28 18:00:00,1698516000000,0.674,0.5466,0.4123805501639161,-0.2943736879411517
2023-10-28 19:00:00,1698519600000,0.671,0.5445,0.41038567428513045,-0.31407979231831573
2023-10-28 20:00:00,1698523200000,0.673,0.5463,0.41152413932408954,-0.3028336235084865
2023-10-28 21:00:00,1698526800000,0.676,0.5474,0.4139976457367868,-0.27839943386062305
2023-10-28 22:00:00,1698530400000,0.673,0.546,0.41166772848426303,-0.30141519792727667
2023-10-28 23:00:00,1698534000000,0.672,0.5446,0.4113378112317393,-0.3046742396968416
2023-10-29 00:00:00,1698537600000,0.671,0.5441,0.4105771264986951,-0.31218855821003594
2023-10-29 01:00:00,1698541200000,0.666,0.5427,0.40624720924617136,-0.35496104457377725
2023-10-29 02:00:00,1698544800000,0.667,0.5434,0.40691216787243323,-0.3483923431147228
2023-10-29 03:00:00,1698548400000,0.661,0.5425,0.4013429353529537,-0.4034072332623579
2023-10-29 04:00:00,1698552000000,0.666,0.5437,0.40576857871225974,-0.3596891298444767
2023-10-29 05:00:00,1698555600000,0.667,0.5448,0.406242085124957,-0.3550116624937014
2023-10-29 06:00:00,1698559200000,0.673,0.5455,0.4119070437512189,-0.2990511552919264
2023-10-29 07:00:00,1698562800000,0.671,0.547,0.4091890979503514,-0.3259000054950643
2023-10-29 08:00:00,1698566400000,0.675,0.5488,0.41232756298931056,-0.29489711438814636
2023-10-29 09:00:00,1698570000000,0.673,0.5509,0.4093224388680962,-0.3245828157537028
2023-10-29 10:00:00,1698573600000,0.672,0.5526,0.40750876696044647,-0.3424989218624359
2023-10-29 11:00:00,1698577200000,0.674,0.5552,0.40826432757227626,-0.33503522126916624
2023-10-29 12:00:00,1698580800000,0.676,0.555,0.4103600536790586,-0.3143328819179382
2023-10-29 13:00:00,1698584400000,0.677,0.5532,0.4122215886400995,-0.2959439672821351
2023-10-29 14:00:00,1698588000000,0.687,0.556,0.420881423145147,-0.2103989945546525
2023-10-29 15:00:00,1698591600000,0.685,0.5565,0.4186421078781912,-0.23251975948708986
2023-10-29 16:00:00,1698595200000,0.682,0.5558,0.41597714925192936,-0.2588451832432326
2023-10-29 17:00:00,1698598800000,0.693,0.5586,0.42563698375697673,-0.16342184936720697
2023-10-29 18:00:00,1698602400000,0.696,0.5585,0.4286848468103679,-0.13331395739450475
2023-10-29 19:00:00,1698606000000,0.693,0.5585,0.4256848468103679,-0.16294904084013703
2023-10-29 20:00:00,1698609600000,0.692,0.5582,0.4248284359705414,-0.1714089764074713
2023-10-29 21:00:00,1698613200000,0.687,0.5551,0.42131219062566744,-0.206143717811023
2023-10-29 22:00:00,1698616800000,0.69,0.5572,0.42330706650445293,-0.18643761343386062
2023-10-29 23:00:00,1698620400000,0.684,0.5561,0.4178335600917558,-0.24050688652735475
2023-10-30 00:00:00,1698624000000,0.687,0.5545,0.4215993689460144,-0.20330686664860337
2023-10-30 01:00:00,1698627600000,0.691,0.5547,0.425503642839232,-0.16473903910856794
2023-10-30 02:00:00,1698631200000,0.69,0.5542,0.4247429581061878,-0.17225335762176233
2023-10-30 03:00:00,1698634800000,0.685,0.5549,0.4194079167324498,-0.22495482305397077
2023-10-30 04:00:00,1698638400000,0.685,0.552,0.4207959452807934,-0.21124337576894353
2023-10-30 05:00:00,1698642000000,0.681,0.5512,0.4171788497079227,-0.24697435214656038
2023-10-30 06:00:00,1698645600000,0.68,0.5505,0.4165138910816608,-0.25354305360561485
2023-10-30 07:00:00,1698649200000,0.675,0.5528,0.41041304085366415,-0.3138094554709435
2023-10-30 08:00:00,1698652800000,0.686,0.5555,0.4201207384121028,-0.2179133130678469
2023-10-30 09:00:00,1698656400000,0.689,0.5591,0.4213976684900209,-0.2052993365967331
2023-10-30 10:00:00,1698660000000,0.69,0.558,0.42292416207732364,-0.19022008165042018
2023-10-30 11:00:00,1698663600000,0.689,0.5626,0.4197224616213303,-0.22184763504418056
2023-10-30 12:00:00,1698667200000,0.687,0.5641,0.417004515820463,-0.24869648524731683
2023-10-30 13:00:00,1698670800000,0.69,0.5757,0.41445240162708824,-0.27390719094179794
2023-10-30 14:00:00,1698674400000,0.685,0.582,0.40643702926344527,-0.35308593388992265
2023-10-30 15:00:00,1698678000000,0.687,0.5779,0.41039941445248285,-0.31394406198296737
2023-10-30 16:00:00,1698681600000,0.689,0.5797,0.4115378794914418,-0.3026978931731392
2023-10-30 17:00:00,1698685200000,0.681,0.5787,0.40401651002535355,-0.3769966970907915
2023-10-30 18:00:00,1698688800000,0.68,0.5785,0.40311223613213587,-0.38592944118519573
2023-10-30 19:00:00,1698692400000,0.683,0.5823,0.40429344010327173,-0.37426108176822126
2023-10-30 20:00:00,1698696000000,0.689,0.5797,0.4115378794914418,-0.3026978931731392
2023-10-30 21:00:00,1698699600000,0.695,0.5806,0.4171071120109214,-0.2476830030255041
2023-10-30 22:00:00,1698703200000,0.692,0.5783,0.41520796223891804,-0.26644349034852827
2023-10-30 23:00:00,1698706800000,0.692,0.578,0.4153515513990916,-0.2650250647673179
2023-10-31 00:00:00,1698710400000,0.697,0.5783,0.42020796223891804,-0.21705168460580776
2023-10-31 01:00:00,1698714000000,0.696,0.5794,0.4186814686516153,-0.2321309395521207
2023-10-31 02:00:00,1698717600000,0.691,0.5773,0.41468659277282965,-0.27159376622637293
2023-10-31 03:00:00,1698721200000,0.686,0.5741,0.4112182104813469,-0.3058556991028547
2023-10-31 04:00:00,1698724800000,0.688,0.573,0.4137447040686496,-0.2808980830079977
2023-10-31 05:00:00,1698728400000,0.689,0.5719,0.4152711976559524,-0.26581882806168416
2023-10-31 06:00:00,1698732000000,0.685,0.5717,0.4113669237627348,-0.3043866556017196
2023-10-31 07:00:00,1698735600000,0.68,0.5682,0.40804213063142536,-0.3372301628969932
2023-10-31 08:00:00,1698739200000,0.687,0.5733,0.41260111490847623,-0.2921948697377505
2023-10-31 09:00:00,1698742800000,0.692,0.5745,0.4170267582677822,-0.24847676631987042
2023-10-31 10:00:00,1698746400000,0.693,0.6005,0.4055823643860804,-0.3615286222095088
2023-10-31 11:00:00,1698750000000,0.701,0.6041,0.41185929446399866,-0.2995228399956734
2023-10-31 12:00:00,1698753600000,0.69,0.5995,0.40306099491999203,-0.3864356203844417
2023-10-31 13:00:00,1698757200000,0.679,0.5958,0.39383192789546506,-0.47760367751683835
2023-10-31 14:00:00,1698760800000,0.683,0.5948,0.3983105584293767,-0.4333621476519625
2023-10-31 15:00:00,1698764400000,0.676,0.5951,0.3911669692692032,-0.5039291012729811
2023-10-31 16:00:00,1698768000000,0.687,0.601,0.3993430491191247,-0.42316283173612207
2023-10-31 17:00:00,1698771600000,0.687,0.603,0.39838578805130154,-0.43261900227752037
2023-10-31 18:00:00,1698775200000,0.692,0.6024,0.40367296637164835,-0.38039034537238187
2023-10-31 19:00:00,1698778800000,0.695,0.5991,0.4082524471335567,-0.33515258053344144
2023-10-31 20:00:00,1698782400000,0.712,0.6009,0.4243909121725158,-0.1757309944954507
2023-10-31 21:00:00,1698786000000,0.711,0.5967,0.4254011604149445,-0.16575139750705772
2023-10-31 22:00:00,1698789600000,0.717,0.5982,0.43068321461407716,-0.11357335852184172
2023-10-31 23:00:00,1698793200000,0.722,0.5996,0.4350131318666009,-0.07080087215810044
2023-11-01 00:00:00,1698796800000,0.754,0.5941,0.46964559980311477,0.27131115358415714
2023-11-01 01:00:00,1698800400000,0.758,0.5943,0.4735498736963324,0.3098789811241931
2023-11-01 02:00:00,1698804000000,0.758,0.5952,0.473119106215812,0.30562370438056413
2023-11-01 03:00:00,1698807600000,0.759,0.5924,0.47545927171076446,0.3287407042870661
2023-11-01 04:00:00,1698811200000,0.759,0.59,0.47660798499215234,0.34008810893674474
2023-11-01 05:00:00,1698814800000,0.746,0.5823,0.4672934401032717,0.24807567059005597
2023-11-01 06:00:00,1698818400000,0.75,0.5913,0.46698576529806723,0.2450363477479386
2023-11-01 07:00:00,1698822000000,0.761,0.5986,0.47449176240051255,0.3191832979058189
2023-11-01 08:00:00,1698825600000,0.758,0.601,0.47034304911912467,0.278200809810508
2023-11-01 09:00:00,1698829200000,0.751,0.6038,0.4620028836241722,0.1958136430127414
2023-11-01 10:00:00,1698832800000,0.741,0.6002,0.45372595354625395,0.11405113850181782
2023-11-01 11:00:00,1698836400000,0.749,0.6031,0.4603379249979103,0.1793665804051428
2023-11-01 12:00:00,1698840000000,0.749,0.6054,0.4592370747699136,0.16849198428253412
2023-11-01 13:00:00,1698843600000,0.746,0.6005,0.45858236438608047,0.16202451866332848
2023-11-01 14:00:00,1698847200000,0.736,0.5956,0.4509276540022473,0.08640852500431416
2023-11-01 15:00:00,1698850800000,0.732,0.597,0.4462575712547711,0.040275761031159096
2023-11-01 16:00:00,1698854400000,0.734,0.598,0.4477789407208595,0.05530439805754787
2023-11-01 17:00:00,1698858000000,0.737,0.6018,0.44896014469199536,0.06697275747452232
2023-11-01 18:00:00,1698861600000,0.747,0.6087,0.4556575940080053,0.13313258059213834
2023-11-01 19:00:00,1698865200000,0.756,0.6088,0.46460973095461416,0.2215650224019653
2023-11-01 20:00:00,1698868800000,0.77,0.615,0.4756422216443622,0.33054794980324675
2023-11-01 21:00:00,1698872400000,0.769,0.6108,0.47665246988679094,0.3405275467916397
2023-11-01 22:00:00,1698876000000,0.757,0.6098,0.46513110042070255,0.22671529827980996
2023-11-01 23:00:00,1698879600000,0.762,0.6085,0.4707533201147876,0.2822536148744392
2023-11-02 00:00:00,1698883200000,0.755,0.6102,0.4629396482071379,0.20506734187444198
2023-11-02 01:00:00,1698886800000,0.759,0.6087,0.46765759400800533,0.25167291437466754
2023-11-02 02:00:00,1698890400000,0.765,0.6121,0.4720302501927059,0.2948675913455546
2023-11-02 03:00:00,1698894000000,0.764,0.6115,0.4713174285130528,0.2878260813594296
2023-11-02 04:00:00,1698897600000,0.757,0.6066,0.46666271812921967,0.2418451711460476
2023-11-02 05:00:00,1698901200000,0.746,0.6049,0.4564763900368694,0.14122094347225153
2023-11-02 06:00:00,1698904800000,0.751,0.6055,0.46118921171652244,0.18777589805255238
2023-11-02 07:00:00,1698908400000,0.755,0.6051,0.4653806639300871,0.22918057675500855
2023-11-02 08:00:00,1698912000000,0.757,0.6082,0.46589690927496114,0.23428023471292905
2023-11-02 09:00:00,1698915600000,0.758,0.607,0.4674712659156551,0.24983229818631247
2023-11-02 10:00:00,1698919200000,0.764,0.6166,0.4688764127901036,0.26371284647886306
2023-11-02 11:00:00,1698922800000,0.77,0.6167,0.47482854973671246,0.3225102048430577
2023-11-02 12:00:00,1698926400000,0.772,0.62,0.4752490689748042,0.32666424574683833
2023-11-02 13:00:00,1698930000000,0.759,0.6128,0.4656952088189677,0.23228776476479987
2023-11-02 14:00:00,1698933600000,0.755,0.6081,0.4639447723283523,0.2149963209429108
2023-11-02 15:00:00,1698937200000,0.741,0.6039,0.451955020570781,0.09655722300023047
2023-11-02 16:00:00,1698940800000,0.745,0.6006,0.4575345013326893,0.15167334898771445
2023-11-02 17:00:00,1698944400000,0.758,0.6042,0.46881143141060755,0.26307093694427036
2023-11-02 18:00:00,1698948000000,0.761,0.6079,0.4700404984351346,0.27521210488831527
2023-11-02 19:00:00,1698951600000,0.766,0.6098,0.47413110042070256,0.31562054861670685
2023-11-02 20:00:00,1698955200000,0.763,0.607,0.4724712659156551,0.299224103929033
2023-11-02 21:00:00,1698958800000,0.763,0.6073,0.4723276767554816,0.2978056783478231
2023-11-02 22:00:00,1698962400000,0.757,0.6038,0.4680028836241722,0.25508380990400603
2023-11-02 23:00:00,1698966000000,0.769,0.6054,0.4792370747699136,0.3660592072534161
2023-11-03 00:00:00,1698969600000,0.75,0.5979,0.4638268037742507,0.2138309849613234
2023-11-03 01:00:00,1698973200000,0.743,0.5953,0.4580712431624208,0.15697547862533268
2023-11-03 02:00:00,1698976800000,0.748,0.5986,0.46149176240051254,0.19076460297474562
2023-11-03 03:00:00,1698980400000,0.752,0.601,0.46434304911912466,0.21893064291924338
2023-11-03 04:00:00,1698984000000,0.74,0.5939,0.4557413259098971,0.13395971455867958
2023-11-03 05:00:00,1698987600000,0.748,0.5992,0.46120458408016557,0.18792775181232596
2023-11-03 06:00:00,1698991200000,0.752,0.596,0.4667362017886827,0.24257106927274
2023-11-03 07:00:00,1698994800000,0.748,0.5962,0.4626404756819004,0.20211200762442424
2023-11-03 08:00:00,1698998400000,0.747,0.5994,0.46010885797338325,0.17710377360964197
2023-11-03 09:00:00,1699002000000,0.737,0.6015,0.44910373385216884,0.06839118305573215
2023-11-03 10:00:00,1699005600000,0.736,0.6052,0.4463328008766959,0.0410189064056007
2023-11-03 11:00:00,1699009200000,0.74,0.6024,0.4516729663716484,0.09377098975773496
2023-11-03 12:00:00,1699012800000,0.744,0.6069,0.45351912896904617,0.11200805063376447
2023-11-03 13:00:00,1699016400000,0.749,0.6097,0.4571789634740937,0.1481612176185271
2023-11-03 14:00:00,1699020000000,0.759,0.6088,0.46760973095461417,0.2512001058475976
2023-11-03 15:00:00,1699023600000,0.758,0.6115,0.4653174285130528,0.22855591446816503
2023-11-03 16:00:00,1699027200000,0.749,0.6096,0.45722682652748486,0.14863402614559704
2023-11-03 17:00:00,1699030800000,0.743,0.6057,0.4530934856097401,0.10780339181005968
2023-11-03 18:00:00,1699034400000,0.746,0.6106,0.45374819599357324,0.11427085742926531
2023-11-03 19:00:00,1699038000000,0.747,0.6103,0.45489178515374673,0.12556764415901925
2023-11-03 20:00:00,1699041600000,0.749,0.6136,0.4553123043918384,0.12972168506279932
2023-11-03 21:00:00,1699045200000,0.75,0.6125,0.4568387979791412,0.14480094000911278
2023-11-03 22:00:00,1699048800000,0.756,0.6128,0.4626952088189677,0.20265268131916755
2023-11-03 23:00:00,1699052400000,0.752,0.6121,0.4590302501927059,0.16644889641448132
2023-11-04 00:00:00,1699056000000,0.753,0.6113,0.4604131546198352,0.18010972577958495
2023-11-04 01:00:00,1699059600000,0.756,0.6104,0.4638439221003556,0.2140000859688462
2023-11-04 02:00:00,1699063200000,0.758,0.6098,0.46613110042070255,0.23659365942835406
2023-11-04 03:00:00,1699066800000,0.756,0.6113,0.4634131546198352,0.20974480922521727
2023-11-04 04:00:00,1699070400000,0.754,0.6128,0.4606952088189677,0.18289595902207936
2023-11-04 05:00:00,1699074000000,0.755,0.612,0.462078113246097,0.19655678838718302
2023-11-04 06:00:00,1699077600000,0.761,0.6134,0.4674080304986208,0.24920763589946895
2023-11-04 07:00:00,1699081200000,0.76,0.6141,0.46607298912488265,0.23601961506143526
2023-11-04 08:00:00,1699084800000,0.759,0.6166,0.4638764127901036,0.21432104073614255
2023-11-04 09:00:00,1699088400000,0.758,0.6139,0.464168715231665,0.21720850981848694
2023-11-04 10:00:00,1699092000000,0.758,0.6133,0.46445589355201194,0.2200453609809066
2023-11-04 11:00:00,1699095600000,0.758,0.6142,0.4640251260714915,0.2157900842372771
2023-11-04 12:00:00,1699099200000,0.758,0.6147,0.4637858108045357,0.21342604160192738
2023-11-04 13:00:00,1699102800000,0.753,0.6123,0.45993452408592356,0.17538164050888552
2023-11-04 14:00:00,1699106400000,0.75,0.611,0.4575567437800086,0.15189306791516194
2023-11-04 15:00:00,1699110000000,0.752,0.6101,0.45998751126052906,0.17590506695587962
2023-11-04 16:00:00,1699113600000,0.754,0.611,0.4615567437800086,0.19140651250933835
2023-11-04 17:00:00,1699117200000,0.756,0.613,0.46259948271218543,0.2017070642650282
2023-11-04 18:00:00,1699120800000,0.759,0.6129,0.4656473457655766,0.23181495623773046
2023-11-04 19:00:00,1699124400000,0.758,0.6122,0.4649823871393147,0.22524625477867596
2023-11-04 20:00:00,1699128000000,0.757,0.6133,0.46345589355201194,0.2101669998323625
2023-11-04 21:00:00,1699131600000,0.76,0.6144,0.46592939996470917,0.23460118948022543
2023-11-04 22:00:00,1699135200000,0.769,0.6164,0.473972138896886,0.314050269275724
2023-11-04 23:00:00,1699138800000,0.775,0.6149,0.4806900846977534,0.3804125640730372
2023-11-05 00:00:00,1699142400000,0.776,0.6225,0.47805249264002514,0.3543574771642662
2023-11-05 01:00:00,1699146000000,0.777,0.6215,0.47953112317393676,0.3689639235835097
2023-11-05 02:00:00,1699149600000,0.775,0.6206,0.4779618906544572,0.353462478030051
2023-11-05 03:00:00,1699153200000,0.784,0.6249,0.4849037793586373,0.42203696170294086
2023-11-05 04:00:00,1699156800000,0.782,0.6235,0.48357386210611353,0.4088995587848313
2023-11-05 05:00:00,1699160400000,0.78,0.623,0.4818131773730694,0.3915068791230934
2023-11-05 06:00:00,1699164000000,0.787,0.62,0.4902490689748042,0.47483966297499985
2023-11-05 07:00:00,1699167600000,0.794,0.6222,0.4961960818001987,0.5335864034192703
2023-11-05 08:00:00,1699171200000,0.784,0.6211,0.4867225753875014,0.44000368573159815
2023-11-05 09:00:00,1699174800000,0.794,0.6278,0.49351575081029364,0.5071091259033536
2023-11-05 10:00:00,1699178400000,0.795,0.6389,0.4892029518838748,0.464505740547135
2023-11-05 11:00:00,1699182000000,0.787,0.6455,0.47804399036005824,0.35427348857216706
2023-11-05 12:00:00,1699185600000,0.79,0.6406,0.4833892799762251,0.407076189844226
2023-11-05 13:00:00,1699189200000,0.771,0.6327,0.46817046119412675,0.25673920166041253
2023-11-05 14:00:00,1699192800000,0.785,0.6472,0.4752303184524085,0.3264790213148898
2023-11-05 15:00:00,1699196400000,0.785,0.6442,0.47666621005414334,0.34066327712698813
2023-11-05 16:00:00,1699200000000,0.791,0.6483,0.48070382486510577,0.3805482944083856
2023-11-05 17:00:00,1699203600000,0.788,0.6482,0.47775168791849687,0.3513860194898227
2023-11-05 18:00:00,1699207200000,0.789,0.6526,0.47664571356928587,0.34046080544729035
2023-11-05 19:00:00,1699210800000,0.786,0.6542,0.4728799047150273,0.30326078556853897
2023-11-05 20:00:00,1699214400000,0.787,0.6521,0.4748850288362416,0.32306812578555133
2023-11-05 21:00:00,1699218000000,0.778,0.6501,0.46684228990406484,0.2436190459900533
2023-11-05 22:00:00,1699221600000,0.791,0.6519,0.47898075494302395,0.36352718743386764
2023-11-05 23:00:00,1699225200000,0.794,0.6607,0.47776880624460183,0.351555120497346
2023-11-06 00:00:00,1699228800000,0.792,0.6846,0.46432953648411446,0.2187971602305441
2023-11-06 01:00:00,1699232400000,0.801,0.6794,0.47581841526045476,0.33228845397507695
2023-11-06 02:00:00,1699236000000,0.804,0.6835,0.4768560300714172,0.34253838781084217
2023-11-06 03:00:00,1699239600000,0.799,0.6813,0.47290901724602274,0.3035483696636604
2023-11-06 04:00:00,1699243200000,0.791,0.6788,0.4661055935808018,0.23634169365205618
2023-11-06 05:00:00,1699246800000,0.788,0.6747,0.46506797876983935,0.226091759816291
2023-11-06 06:00:00,1699250400000,0.792,0.6721,0.4703124181580095,0.2778982261142854
2023-11-06 07:00:00,1699254000000,0.796,0.6813,0.46990901724602274,0.2739132862180281
2023-11-06 08:00:00,1699257600000,0.8,0.6803,0.47438764777993436,0.3181548160829039
2023-11-06 09:00:00,1699261200000,0.805,0.6919,0.4738355335865597,0.31270083268551213
2023-11-06 10:00:00,1699264800000,0.806,0.6978,0.47201161343648124,0.2946834907369301
2023-11-06 11:00:00,1699268400000,0.808,0.7025,0.4717620499270967,0.2922182122617315
2023-11-06 12:00:00,1699272000000,0.81,0.7125,0.46897574458798064,0.26469408185182647
2023-11-06 13:00:00,1699275600000,0.806,0.7199,0.4614338786370348,0.19019280625447538
2023-11-06 14:00:00,1699279200000,0.826,0.7238,0.4795672195547794,0.3693204966696285
2023-11-06 15:00:00,1699282800000,0.819,0.717,0.4758219071853783,0.33232294847057536
2023-11-06 16:00:00,1699286400000,0.824,0.7135,0.4824971140540689,0.39826305266074336
2023-11-06 17:00:00,1699290000000,0.821,0.7106,0.48088514260241255,0.38233941650013886
2023-11-06 18:00:00,1699293600000,0.82,0.7119,0.4792629229083275,0.36631454449968603
2023-11-06 19:00:00,1699297200000,0.824,0.7157,0.4814441268794634,0.38786126506520513
2023-11-06 20:00:00,1699300800000,0.82,0.7157,0.4774441268794634,0.34834782047102875
2023-11-06 21:00:00,1699304400000,0.815,0.724,0.46847149344799704,0.2597129069815035
2023-11-06 22:00:00,1699308000000,0.82,0.7216,0.47462020672938493,0.32045211737390267
2023-11-06 23:00:00,1699311600000,0.82,0.7148,0.4778748943599838,0.3526030972146577
2023-11-07 00:00:00,1699315200000,0.812,0.6898,0.4818406577077741,0.3917783397937896
2023-11-07 01:00:00,1699318800000,0.813,0.6888,0.48331928824168563,0.40638478621303203
2023-11-07 02:00:00,1699322400000,0.802,0.68,0.4765312369401078,0.3393299639612014
2023-11-07 03:00:00,1699326000000,0.81,0.6902,0.4796492054942094,0.3701303833884211
2023-11-07 04:00:00,1699329600000,0.808,0.6847,0.4802816734307233,0.3763781300801798
2023-11-07 05:00:00,1699333200000,0.816,0.694,0.4838304094653453,0.41143382625102787
2023-11-07 06:00:00,1699336800000,0.827,0.6931,0.4952611769458657,0.5243510756286419
2023-11-07 07:00:00,1699340400000,0.826,0.6942,0.4937346833585629,0.5092718206823285
2023-11-07 08:00:00,1699344000000,0.819,0.6926,0.4875004922128215,0.4476882290756388
2023-11-07 09:00:00,1699347600000,0.804,0.683,0.477095345338373,0.34490243044619184
2023-11-07 10:00:00,1699351200000,0.802,0.6786,0.47720131968758406,0.3459492833401806
2023-11-07 11:00:00,1699354800000,0.809,0.6829,0.4821432083917642,0.39476704471598284
2023-11-07 12:00:00,1699358400000,0.816,0.687,0.48718082320272643,0.4445304231459222
2023-11-07 13:00:00,1699362000000,0.815,0.6847,0.4872816734307232,0.4455266581199874
2023-11-07 14:00:00,1699365600000,0.813,0.6814,0.4868611541926315,0.44137261721620674
2023-11-07 15:00:00,1699369200000,0.803,0.6718,0.481456007318183,0.3879786243294803
2023-11-07 16:00:00,1699372800000,0.799,0.6613,0.48248162792425486,0.39811007507764684
2023-11-07 17:00:00,1699376400000,0.816,0.6729,0.4939295137308801,0.5111964254627831
2023-11-07 18:00:00,1699380000000,0.825,0.6855,0.4968987690035939,0.5405278013888688
2023-11-07 19:00:00,1699383600000,0.821,0.6889,0.4912714251882945,0.4849388668743149
2023-11-07 20:00:00,1699387200000,0.824,0.6934,0.4921175877856922,0.49329756660179974
2023-11-07 21:00:00,1699390800000,0.822,0.688,0.49270219266881493,0.4990725047664885
2023-11-07 22:00:00,1699394400000,0.815,0.6822,0.4884782497655022,0.4573468712967354
2023-11-07 23:00:00,1699398000000,0.829,0.685,0.5011380842705497,0.5824052886183949
2023-11-08 00:00:00,1699401600000,0.827,0.6829,0.5001432083917641,0.572577545389775
2023-11-08 01:00:00,1699405200000,0.821,0.6882,0.49160646656203255,0.48824852656380396
2023-11-08 02:00:00,1699408800000,0.821,0.6863,0.4925158645764646,0.4972318885781329
2023-11-08 03:00:00,1699412400000,0.819,0.6848,0.49123381037733205,0.4845672941870938
2023-11-08 04:00:00,1699416000000,0.82,0.683,0.4930953453383729,0.5029562088228964
2023-11-08 05:00:00,1699419600000,0.816,0.6783,0.49134490884775744,0.48566476500100675
2023-11-08 06:00:00,1699423200000,0.821,0.6789,0.49605773052741053,0.5322197195813081
2023-11-08 07:00:00,1699426800000,0.82,0.674,0.49740302014357735,0.5455089762591901
2023-11-08 08:00:00,1699430400000,0.827,0.6774,0.5027756763282779,0.5985820143786214
2023-11-08 09:00:00,1699434000000,0.834,0.6808,0.5081483325129785,0.6516550524980531
2023-11-08 10:00:00,1699437600000,0.842,0.6948,0.509447505038216,0.6644887478966149
2023-11-08 11:00:00,1699441200000,0.841,0.6925,0.5095483552662127,0.6654849828706789
2023-11-08 12:00:00,1699444800000,0.845,0.6903,0.5146013424408182,0.7154002150603941
2023-11-08 13:00:00,1699448400000,0.846,0.6902,0.5156492054942093,0.7257513847360076
2023-11-08 14:00:00,1699452000000,0.846,0.6828,0.5191910714451553,0.7607392157391835
2023-11-08 15:00:00,1699455600000,0.85,0.6842,0.5225209886976789,0.7936333409543795
2023-11-08 16:00:00,1699459200000,0.857,0.6895,0.5269842468679475,0.8377230170594828
2023-11-08 17:00:00,1699462800000,0.872,0.6884,0.5425107404552503,0.9910993280854132
2023-11-08 18:00:00,1699466400000,0.881,0.6919,0.5498355335865597,1.0634562799748626
2023-11-08 19:00:00,1699470000000,0.891,0.6897,0.5608885207611652,1.1726416790558425
2023-11-08 20:00:00,1699473600000,0.893,0.692,0.5617876705331686,1.1815238052303225
2023-11-08 21:00:00,1699477200000,0.89,0.6896,0.5599363838145563,1.1632361264343676
2023-11-08 22:00:00,1699480800000,0.885,0.6874,0.5559893709891619,1.124246108287186
2023-11-08 23:00:00,1699484400000,0.883,0.6869,0.5542286862561177,1.106853428625447
2023-11-09 00:00:00,1699488000000,0.89,0.6858,0.5617551798434205,1.1812028504630254
2023-11-09 01:00:00,1699491600000,0.885,0.6849,0.5571859473239409,1.136066321463934
2023-11-09 02:00:00,1699495200000,0.883,0.6906,0.5524577532806447,1.0893595131238596
2023-11-09 03:00:00,1699498800000,0.89,0.6912,0.5591705749602978,1.1556711900012486
2023-11-09 04:00:00,1699502400000,0.895,0.696,0.5618731483975221,1.182368186444613
2023-11-09 05:00:00,1699506000000,0.897,0.6972,0.5632987917568282,1.1964512064168618
2023-11-09 06:00:00,1699509600000,0.908,0.7001,0.5729107632084846,1.291401731765819
2023-11-09 07:00:00,1699513200000,0.905,0.695,0.5723517789314337,1.2858798832007534
2023-11-09 08:00:00,1699516800000,0.913,0.6986,0.5786287090093519,1.347885665414588
2023-11-09 09:00:00,1699520400000,0.916,0.7022,0.5799056390872701,1.3604996418857025
2023-11-09 10:00:00,1699524000000,0.933,0.697,0.5993945178636105,1.5530178248185893
2023-11-09 11:00:00,1699527600000,0.923,0.6947,0.5904953680916072,1.4651088094557565
2023-11-09 12:00:00,1699531200000,0.913,0.6852,0.5850423581637674,1.4112420080419583
2023-11-09 13:00:00,1699534800000,0.908,0.6854,0.5799466320569852,1.3609045852450992
2023-11-09 14:00:00,1699538400000,0.932,0.6986,0.5976287090093519,1.5355745272369261
2023-11-09 15:00:00,1699542000000,0.917,0.6863,0.5885158645764648,1.4455545588383671
2023-11-09 16:00:00,1699545600000,0.886,0.6547,0.5726405894480715,1.2887328577875987
2023-11-09 17:00:00,1699549200000,0.929,0.663,0.6116679560166052,1.6742592794281903
2023-11-09 18:00:00,1699552800000,0.902,0.6525,0.589693576622677,1.457188423759842
2023-11-09 19:00:00,1699556400000,0.905,0.6578,0.5901568347929455,1.461764655270768
2023-11-09 20:00:00,1699560000000,0.895,0.6544,0.5817841786082449,1.379056533705705
2023-11-09 21:00:00,1699563600000,0.906,0.6568,0.5916354653268571,1.4763711016900114
2023-11-09 22:00:00,1699567200000,0.916,0.6635,0.5984286407496493,1.5434765418617669
2023-11-09 23:00:00,1699570800000,0.931,0.6665,0.6119927491479145,1.67746770327783
2023-11-10 00:00:00,1699574400000,0.924,0.6596,0.6082952998319047,1.640942963605848
2023-11-10 01:00:00,1699578000000,0.922,0.6661,0.6031842013614792,1.5904536870492139
2023-11-10 02:00:00,1699581600000,0.93,0.6691,0.6097483097597443,1.6552963204254674
2023-11-10 03:00:00,1699585200000,0.923,0.6659,0.6042799274682614,1.6012776652518967
2023-11-10 04:00:00,1699588800000,0.936,0.6644,0.6179978732691289,1.7367884880890199
2023-11-10 05:00:00,1699592400000,0.953,0.6654,0.6345192427352172,1.899992542343569
2023-11-10 06:00:00,1699596000000,0.96,0.6593,0.644438888992078,1.9979823905346437
2023-11-10 07:00:00,1699599600000,0.966,0.6533,0.6533106721955476,2.0856210690501036
2023-11-10 08:00:00,1699603200000,0.984,0.6523,0.6717893027294592,2.268159654994597
2023-11-10 09:00:00,1699606800000,0.975,0.6552,0.6614012741811156,2.165542957372672
2023-11-10 10:00:00,1699610400000,0.982,0.6582,0.6669653825793808,2.2205072296003827
2023-11-10 11:00:00,1699614000000,0.976,0.6608,0.6597209431912106,2.1489440410053
2023-11-10 12:00:00,1699617600000,0.967,0.6572,0.6524440131132924,2.0770598976429206
2023-11-10 13:00:00,1699621200000,0.954,0.6486,0.6435602357049321,1.9893027360398614
2023-11-10 14:00:00,1699624800000,0.954,0.643,0.6462405666948372,2.015780013555778
2023-11-10 15:00:00,1699628400000,0.956,0.647,0.6463260445591907,2.016624394770069
2023-11-10 16:00:00,1699632000000,0.975,0.6571,0.6604918761666836,2.156559595358344
2023-11-10 17:00:00,1699635600000,0.985,0.6582,0.6699653825793808,2.250142313046015
2023-11-10 18:00:00,1699639200000,0.999,0.6591,0.6835346150988604,2.3841840923820037
2023-11-10 19:00:00,1699642800000,1.005,0.659,0.6895824781522514,2.4439270678003364
2023-11-10 20:00:00,1699646400000,1.003,0.6607,0.6867688062446017,2.41613260054306
2023-11-10 21:00:00,1699650000000,1.005,0.6632,0.6875722299098226,2.4240691096633986
2023-11-10 22:00:00,1699653600000,1.016,0.6613,0.6994816279242548,2.5417144443117143
2023-11-10 23:00:00,1699657200000,1.03,0.6595,0.7143431628852958,2.688522053878591
2023-11-11 00:00:00,1699660800000,1.036,0.6634,0.7184765038030405,2.7293526882141284
2023-11-11 01:00:00,1699664400000,1.027,0.6534,0.7142628091421565,2.6877282905842232
2023-11-11 02:00:00,1699668000000,1.035,0.6547,0.7216405894480713,2.7606086689206664
2023-11-11 03:00:00,1699671600000,1.024,0.6491,0.7133209204379765,2.6784239738025994
2023-11-11 04:00:00,1699675200000,1.028,0.6483,0.7177038248651058,2.721719886613335
2023-11-11 05:00:00,1699678800000,1.023,0.6525,0.710693576622677,2.652470122733677
2023-11-11 06:00:00,1699682400000,1.02,0.6535,0.7072149460887653,2.618106954017345
2023-11-11 07:00:00,1699686000000,1.014,0.6603,0.6979602584581664,2.5266858072853258
2023-11-11 08:00:00,1699689600000,1.014,0.6682,0.6941790772402647,2.4893339336468006
2023-11-11 09:00:00,1699693200000,1.018,0.6712,0.69674318563853,2.51466312242888
2023-11-11 10:00:00,1699696800000,1.021,0.6724,0.699168828997836,2.5386245035496717
2023-11-11 11:00:00,1699700400000,1.009,0.6673,0.689609844720785,2.444197404647708
2023-11-11 12:00:00,1699704000000,1.023,0.6709,0.7018867747987032,2.5654733537528074
2023-11-11 13:00:00,1699707600000,1.018,0.6746,0.6951158418232305,2.4985876325085017
2023-11-11 14:00:00,1699711200000,1.033,0.676,0.7094457590757541,2.640143730357683
2023-11-11 15:00:00,1699714800000,1.032,0.6729,0.7099295137308802,2.6449224335483077
2023-11-11 16:00:00,1699718400000,1.044,0.6773,0.7198235393816692,2.7426591921397607
2023-11-11 17:00:00,1699722000000,1.036,0.6738,0.7134987462503598,2.680180601398855
2023-11-11 18:00:00,1699725600000,1.042,0.6754,0.7187329373961012,2.7318858318570007
2023-11-11 19:00:00,1699729200000,1.043,0.674,0.7204030201435774,2.748383512384523
2023-11-11 20:00:00,1699732800000,1.035,0.6675,0.7155141186140028,2.700089177455716
2023-11-11 21:00:00,1699736400000,1.032,0.6648,0.7138064210555642,2.6832199242409724
2023-11-11 22:00:00,1699740000000,1.028,0.6655,0.7094713796818262,2.640396819957307
2023-11-11 23:00:00,1699743600000,1.028,0.6626,0.7108594082301698,2.654108267242335
2023-11-12 00:00:00,1699747200000,1.0,0.6537,0.6871192199819831,2.4195941139923245
2023-11-12 01:00:00,1699750800000,1.017,0.6578,0.7021568347929453,2.568141103907705
2023-11-12 02:00:00,1699754400000,1.007,0.658,0.692061108686163,2.468411875368124
2023-11-12 03:00:00,1699758000000,1.016,0.6605,0.6998645323513841,2.545496912528274
2023-11-12 04:00:00,1699761600000,1.008,0.6597,0.6922474367785134,2.4702524915564807
2023-11-12 05:00:00,1699765200000,1.008,0.6622,0.6910508604437344,2.4584322783797328
2023-11-12 06:00:00,1699768800000,1.02,0.6643,0.7020457363225201,2.567043633093794
2023-11-12 07:00:00,1699772400000,1.016,0.6676,0.6964662555606117,2.5119275071063085
2023-11-12 08:00:00,1699776000000,1.008,0.6679,0.6883226664004383,2.4314821923367465
2023-11-12 09:00:00,1699779600000,1.007,0.6665,0.6879927491479143,2.428223150567179
2023-11-12 10:00:00,1699783200000,1.005,0.6678,0.6853705294538293,2.4023199174181826
2023-11-12 11:00:00,1699786800000,0.999,0.6649,0.680758558002173,2.356761197811947
2023-11-12 12:00:00,1699790400000,0.996,0.6614,0.6794337648708637,2.343674412813763
2023-11-12 13:00:00,1699794000000,0.995,0.6623,0.6780029973903432,2.329540774921589
2023-11-12 14:00:00,1699797600000,0.999,0.6647,0.6808542841089553,2.3577068148660865
2023-11-12 15:00:00,1699801200000,0.991,0.6643,0.67304573632252,2.2805711597860134
2023-11-12 16:00:00,1699804800000,0.987,0.6615,0.6703859018174725,2.2542963539497958
2023-11-12 17:00:00,1699808400000,0.988,0.662,0.6711465865505166,2.2618106724629894
2023-11-12 18:00:00,1699812000000,0.992,0.6621,0.6750987234971255,2.3008513085300963
2023-11-12 19:00:00,1699815600000,0.987,0.6609,0.6706730801378195,2.2571332051122153
2023-11-12 20:00:00,1699819200000,1.001,0.6631,0.6836200929632138,2.385028473596293
2023-11-12 21:00:00,1699822800000,1.007,0.6653,0.6885671057886082,2.4338968528920186
2023-11-12 22:00:00,1699826400000,1.0,0.6649,0.681758558002173,2.366639558960491
2023-11-12 23:00:00,1699830000000,0.993,0.6613,0.6764816279242548,2.3145121378952003
2023-11-13 00:00:00,1699833600000,0.986,0.6639,0.6682371885360846,2.233070588151573
2023-11-13 01:00:00,1699837200000,0.994,0.6649,0.675758558002173,2.3073693920692264
2023-11-13 02:00:00,1699840800000,0.992,0.6649,0.673758558002173,2.287612669772138
2023-11-13 03:00:00,1699844400000,0.98,0.6613,0.6634816279242548,2.1860934429641268
