date,close,volume,complete,spread,mean_spread,std_spread,zscore,trading_signal
2023-08-22 16:00:00,0.5153,258953.2,True,0.4517404746176947,0.4517404746176947,,,0
2023-08-22 17:00:00,0.5,913942.6,True,0.4364404746176947,0.4440904746176947,0.010818733752154164,-0.7071067811865475,0
2023-08-22 18:00:00,0.5184,810163.8,True,0.45484047461769467,0.447673807951028,0.009851057472846914,0.7275022693168308,0
2023-08-22 19:00:00,0.499,169365.7,True,0.4354404746176947,0.4446154746176947,0.01010490804840234,-0.9079746155088094,0
2023-08-22 20:00:00,0.5213,120610.9,True,0.4577404746176947,0.44724047461769467,0.010537314648429162,0.9964588085604225,0
2023-08-22 21:00:00,0.5174,198051.3,True,0.45715400437696174,0.4488927295775725,0.010257079443713277,0.8054217425850909,0
2023-08-22 22:00:00,0.5201,281885.9,True,0.4598540043769618,0.45045862597748526,0.010239008074142526,0.9176063082910833,0
2023-08-22 23:00:00,0.5188,57148.7,True,0.4585540043769618,0.45147054827741984,0.009902142448956675,0.7153458088545588,0
2023-08-23 00:00:00,0.5188,240180.2,True,0.4585540043769618,0.4522575989551468,0.009558813256272669,0.6587015828228693,0
2023-08-23 01:00:00,0.4986,262099.0,True,0.4383540043769618,0.4508672394973282,0.010027441431289285,-1.2478990983004423,0
2023-08-23 02:00:00,0.4986,16072.4,True,0.4383540043769618,0.4497296726682041,0.010233731708917537,-1.111585550100913,0
2023-08-23 03:00:00,0.5236,786377.9,True,0.4633540043769617,0.4508650336439339,0.010520311639303802,1.1871293514128567,0
2023-08-23 04:00:00,0.5237,36888.6,True,0.4634540043769618,0.4518334160080129,0.010660432190058576,1.0900672844939379,0
2023-08-23 05:00:00,0.5244,219645.1,True,0.46666425419458835,0.4528927615927683,0.010982435459584682,1.2539561604981948,0
2023-08-23 06:00:00,0.5245,205624.0,True,0.46676425419458833,0.4538175277662229,0.011172577947751349,1.1587949073983541,0
2023-08-23 07:00:00,0.4963,318854.9,True,0.4385642541945884,0.4528641981679958,0.01144753810349791,-1.249171991752349,0
2023-08-23 08:00:00,0.518,74788.4,True,0.4602642541945884,0.45329949558132476,0.01122840019051966,0.6202805827266553,0
2023-08-23 09:00:00,0.5228,67224.0,True,0.4650642541945884,0.4539530932820617,0.01124055593000421,0.9884885571244667,0
2023-08-23 10:00:00,0.524,460011.6,True,0.4662642541945884,0.45460104911956306,0.011283073000194271,1.0336904737587458,0
2023-08-23 11:00:00,0.5234,321347.8,True,0.46566425419458835,0.45515420937331436,0.01125731115671826,0.9336194651599099,0
2023-08-23 12:00:00,0.4963,772880.4,True,0.42802120496055673,0.4538621615441354,0.012467872360824864,-2.0726035554208257,1
2023-08-23 13:00:00,0.52,77754.7,True,0.45172120496055673,0.45376484533579087,0.01217595634149969,-0.1678422883522284,0
2023-08-23 14:00:00,0.5254,2245443.0,True,0.4571212049605567,0.4539107740151286,0.011916580370978095,0.26940874357268346,0
2023-08-23 15:00:00,0.5264,1946782.0,True,0.4581212049605567,0.4540862086378547,0.011686291864769638,0.3452760182095219,0
2023-08-23 16:00:00,0.4947,724900.0,True,0.4264212049605567,0.45297960849076285,0.012707994424350371,-2.089897323161898,1
2023-08-23 17:00:00,0.537,1564576.4,True,0.46872120496055675,0.4535850545088318,0.012828253361172479,1.1799073518097036,0
2023-08-23 18:00:00,0.4986,847531.2,True,0.43403637469064404,0.45286102933038036,0.013129677560193688,-1.433748433914977,0
2023-08-23 19:00:00,0.5389,363788.5,True,0.4743363746906441,0.45362800595038977,0.013508322022403438,1.5330082230723905,0
2023-08-23 20:00:00,0.5342,535562.2,True,0.46963637469064407,0.45418001866557095,0.013593918901578829,1.1370051665732668,0
2023-08-23 21:00:00,0.5234,492703.7,True,0.45883637469064403,0.4543352305330734,0.013384510605860643,0.33629501220610414,0
2023-08-23 22:00:00,0.5317,343462.5,True,0.467136374690644,0.45474817066718864,0.01335888192196629,0.9273383877347684,0
2023-08-23 23:00:00,0.5334,277299.8,True,0.46883637469064404,0.4551884270429216,0.013375551670399922,1.0203652143877784,0
2023-08-24 00:00:00,0.53,228044.9,True,0.4654363746906441,0.4554989709110344,0.013285218349261099,0.7480045504982135,0
2023-08-24 01:00:00,0.5237,254553.3,True,0.4591363746906441,0.45560595337514054,0.013097242849613748,0.2695545433524346,0
2023-08-24 02:00:00,0.5314,52319.3,True,0.46683637469064404,0.4559268225555835,0.013042087172235222,0.8364882085963566,0
2023-08-24 03:00:00,0.5324,131963.7,True,0.46783637469064404,0.4562576434482241,0.013006770532377863,0.890208004638576,0
2023-08-24 04:00:00,0.5246,100208.5,True,0.460036374690644,0.4563597713196409,0.01283988543226368,0.28634238135526185,0
2023-08-24 05:00:00,0.5339,108261.1,True,0.4693363746906441,0.4567012608820356,0.012838936288065775,0.9841246599496918,0
2023-08-24 06:00:00,0.5302,269814.6,True,0.46563637469064406,0.4569303663643077,0.012749412494769644,0.6828556476549733,0
2023-08-24 07:00:00,0.5258,274857.0,True,0.4612363746906441,0.45703801657246607,0.01260330022465806,0.33311577470510834,0
2023-08-24 08:00:00,0.522,1514709.9,True,0.4574363746906441,0.45704773262412896,0.012444917340308084,0.031228979340532946,0
2023-08-24 09:00:00,0.5271,408495.7,True,0.46253637469064407,0.4571784145780936,0.012321354286457397,0.4348515583582793,0
2023-08-24 10:00:00,0.5281,415017.6,True,0.4703642541945884,0.45748506201103534,0.012338740377239666,1.043801213883251,0
2023-08-24 11:00:00,0.5305,325159.0,True,0.47276425419458834,0.4578323163788434,0.012410064875896663,1.2032119062283344,0
2023-08-24 12:00:00,0.537,314260.0,True,0.4792642541945884,0.4583085816636377,0.012677412098080819,1.652992927012533,0
2023-08-24 13:00:00,0.519,368289.9,True,0.4612642541945884,0.4583728354143105,0.012543333153747224,0.23051438918483066,0
2023-08-24 14:00:00,0.47,708422.3,True,0.41226425419458834,0.45739180177133776,0.014112014223129075,-3.19781052252534,1
2023-08-24 15:00:00,0.5128,310497.5,True,0.4550642541945884,0.45734331119682214,0.013965120763818404,-0.16319636906674284,0
2023-08-24 16:00:00,0.5191,584937.9,True,0.4613642541945884,0.45742537125800103,0.013830818642407788,0.2847902961079985,0
2023-08-24 17:00:00,0.5191,918614.3,True,0.4613642541945884,0.4575041489167328,0.013700289457788815,0.281753556357238,0
2023-08-24 18:00:00,0.5135,411603.1,True,0.4557642541945883,0.45747003333394565,0.013564782715734506,-0.12575056859397377,0
2023-08-24 19:00:00,0.5143,528153.5,True,0.45656425419458835,0.4574526145043426,0.01343172361626574,-0.06613896586425107,0
2023-08-24 20:00:00,0.5187,420085.7,True,0.4609642541945884,0.45751887185698875,0.013310688378615767,0.2588432874091495,0
2023-08-24 21:00:00,0.5194,1309709.8,True,0.46166425419458834,0.4575956381965739,0.013196580513886363,0.30830835258672995,0
2023-08-24 22:00:00,0.5194,4894.1,True,0.46166425419458834,0.4576696130329015,0.013085324502188819,0.3052764309374717,0
2023-08-24 23:00:00,0.5141,1017710.8,True,0.45636425419458837,0.45764630305364584,0.012966994653909738,-0.09887016176650582,0
2023-08-25 00:00:00,0.5221,1972498.1,True,0.4643642541945884,0.4577641618455922,0.012881466037507052,0.51237121068197,0
2023-08-25 01:00:00,0.5236,632837.8,True,0.4658642541945883,0.4579038186102301,0.012812193774378419,0.6213171393237389,0
2023-08-25 02:00:00,0.5222,13433.3,True,0.46446425419458837,0.4580150124336938,0.012729948035986326,0.5066196454740572,0
2023-08-25 03:00:00,0.5209,296341.3,True,0.4631642541945884,0.4581008331297087,0.012639100110866061,0.40061563089658664,0
2023-08-25 04:00:00,0.47,38995.5,True,0.41226425419458834,0.45734941380290345,0.013839324238274917,-3.257757303179928,1
2023-08-25 05:00:00,0.5131,138243.4,True,0.45536425419458837,0.45731739509954356,0.013727733696378652,-0.14227701004066104,0
2023-08-25 06:00:00,0.5087,586732.0,True,0.4509642541945884,0.4572165515931157,0.01364008132195546,-0.4583768418201004,0
2023-08-25 07:00:00,0.5087,516578.8,True,0.4509642541945884,0.4571188594462637,0.013553944641963338,-0.4540822184429222,0
2023-08-25 08:00:00,0.5138,217743.4,True,0.4560642541945884,0.4571026347500841,0.013448273732797273,-0.077212925326121,0
2023-08-25 09:00:00,0.515,815789.6,True,0.4572642541945884,0.45710508352954626,0.013344439334089773,0.011927864562694707,0
2023-08-25 10:00:00,0.5153,377224.7,True,0.45756425419458835,0.45711193682305434,0.013243078046174438,0.03415500308590779,0
2023-08-25 11:00:00,0.5352,693666.7,True,0.4774642541945884,0.45741123560792984,0.013373591187390678,1.4994490489260333,0
2023-08-25 12:00:00,0.5182,362762.3,True,0.46046425419458836,0.4574554822541133,0.013279978793965993,0.22656451393146382,0
2023-08-25 13:00:00,0.5352,149713.0,True,0.4774642541945884,0.45774132185326294,0.013398553109993955,1.47201956654664,0
2023-08-25 14:00:00,0.5164,660322.7,True,0.45866425419458834,0.45775432090032386,0.013302955827461486,0.06840083557866793,0
2023-08-25 15:00:00,0.5201,253615.7,True,0.4623642541945884,0.4578183477516331,0.013220108823027734,0.34386301231022287,0
2023-08-25 16:00:00,0.5295,295003.4,True,0.47176425419458834,0.4580093875659202,0.01322906352764001,1.0397460560930527,0
2023-08-25 17:00:00,0.5224,577865.8,True,0.46466425419458834,0.45809931819603733,0.013160897637921162,0.4988212946535752,0
2023-08-25 18:00:00,0.5299,822329.5,True,0.4721642541945884,0.458286850676018,0.013172174981361582,1.0535392627418574,0
2023-08-25 19:00:00,0.528,408146.4,True,0.4702642541945884,0.458444448090736,0.013156001887071972,0.8984345096109633,0
2023-08-25 20:00:00,0.5281,130413.7,True,0.4703642541945884,0.4585992507674094,0.013139567346283368,0.895387429214462,0
2023-08-25 21:00:00,0.5354,213805.2,True,0.47766425419458836,0.4588436738882707,0.01323124986078814,1.4224340485092006,0
2023-08-25 22:00:00,0.5288,46146.1,True,0.4710642541945884,0.45899836477822403,0.013217864796260083,0.9128470900820801,0
2023-08-25 23:00:00,0.5354,432227.9,True,0.47766425419458836,0.45923168839592865,0.013298706664578634,1.386041986154579,0
2023-08-26 00:00:00,0.5272,331791.5,True,0.46946425419458837,0.45935801636875156,0.013264145779421647,0.7619214982932332,0
2023-08-26 01:00:00,0.535,34440.3,True,0.4772642541945884,0.45957638512272514,0.01332950326973732,1.3269713592419434,0
2023-08-26 02:00:00,0.535,43312.6,True,0.4772642541945884,0.45978949197901275,0.013389484205162382,1.3051109324165127,0
2023-08-26 03:00:00,0.5281,171990.3,True,0.4703642541945884,0.4599153820053886,0.01335850160046806,0.7821889386780965,0
2023-08-26 04:00:00,0.5206,81641.4,True,0.4628642541945883,0.45995007461937926,0.013282600254122923,0.21939827439318604,0
2023-08-26 05:00:00,0.5195,358636.3,True,0.46176425419458833,0.45997116973071883,0.013205685235632144,0.1357812511713759,0
2023-08-26 06:00:00,0.524,107220.1,True,0.4662642541945884,0.46004350403490124,0.01314600837919479,0.4732044876475408,0
2023-08-26 07:00:00,0.5253,767931.3,True,0.46756425419458836,0.46012896710489765,0.01309480332956158,0.5678044108463635,0
2023-08-26 08:00:00,0.5237,830979.3,True,0.4659642541945884,0.46019453212837735,0.013034872389947556,0.4426374032369244,0
2023-08-26 09:00:00,0.5257,57731.7,True,0.4679642541945883,0.4602808623735575,0.012987285425563717,0.5916087595878288,0
2023-08-26 10:00:00,0.5158,1121840.0,True,0.4580642541945884,0.4602565040419205,0.012917022455948179,-0.16971789395028578,0
2023-08-26 11:00:00,0.5158,138327.2,True,0.4580642541945884,0.4602326752392321,0.012847886875543885,-0.16877647395629908,0
2023-08-26 12:00:00,0.5264,175880.8,True,0.46866425419458835,0.460323337378537,0.012807747757438159,0.6512399349219962,0
2023-08-26 13:00:00,0.5211,5546762.5,True,0.4633642541945884,0.4603556875574311,0.012742563440280399,0.23610372051567816,0
2023-08-26 14:00:00,0.5202,138111.5,True,0.46246425419458836,0.46037788299571697,0.012676448716759993,0.16458641102795044,0
2023-08-26 15:00:00,0.5346,62000.7,True,0.47686425419458833,0.46054961602903854,0.012721324937295875,1.2824637564063142,0
2023-08-26 16:00:00,0.5286,55440.0,True,0.4708642541945883,0.4606559525049721,0.012698156531821861,0.8039199756306357,0
2023-08-26 17:00:00,0.5271,110369.6,True,0.4693642541945884,0.46074481272629475,0.012663123631416511,0.680672614370539,0
2023-08-26 18:00:00,0.53,521844.4,True,0.4722642541945884,0.4608611707209239,0.012651434968531926,0.9013272804253044,0
2023-08-26 19:00:00,0.53,449615.2,True,0.4722642541945884,0.4609752015556606,0.012638922195590785,0.8931974154304171,0
2023-08-26 20:00:00,0.5267,44580.7,True,0.4689642541945883,0.46105430108673906,0.012600669071165863,0.6277407225898517,0
2023-08-26 21:00:00,0.527,45358.4,True,0.4692642541945884,0.4611347908230905,0.012564458996432179,0.6470205660113456,0
2023-08-26 22:00:00,0.527,255206.4,True,0.4692642541945884,0.46121371765194,0.012528350265838229,0.6425855257735112,0
2023-08-26 23:00:00,0.53,85883.9,True,0.4722642541945884,0.4613199728110039,0.012514386028670568,0.8745360226631217,0
2023-08-27 00:00:00,0.5271,330584.5,True,0.4693642541945884,0.4613965850146571,0.012478793362424351,0.6384967639518123,0
2023-08-27 01:00:00,0.5323,7090.7,True,0.47456425419458836,0.46152080830880743,0.01248490947913377,1.0447369208067272,0
2023-08-27 02:00:00,0.5333,43286.7,True,0.47556425419458837,0.4616520554666184,0.012499825094518106,1.1129914717023721,0
2023-08-27 03:00:00,0.5198,627354.7,True,0.4620642541945884,0.4616558721215071,0.012441340808187993,0.032824603021286584,0
2023-08-27 04:00:00,0.5231,221727.6,True,0.4653642541945884,0.4616898939753885,0.012388701083474505,0.29658962585683485,0
2023-08-27 05:00:00,0.529,117940.5,True,0.4712642541945884,0.46177693361374494,0.012365483847235254,0.7672421635943246,0
2023-08-27 06:00:00,0.5297,23129.1,True,0.4719642541945883,0.4618687112766354,0.012347068966414135,0.8176469205294206,0
2023-08-27 07:00:00,0.5268,587007.6,True,0.4690642541945884,0.46193295719554567,0.012310116648319134,0.5793037712617027,0
2023-08-27 08:00:00,0.5262,547899.0,True,0.46846425419458837,0.4619907562840328,0.012270429836547225,0.527568960239224,0
2023-08-27 09:00:00,0.5279,76656.5,True,0.4701642541945884,0.4620624536341254,0.012239977394492637,0.6619130329528548,0
2023-08-27 10:00:00,0.5324,92312.3,True,0.47466425419458835,0.4621720345085642,0.012242703064403563,1.020380844026682,0
2023-08-27 11:00:00,0.522,398188.5,True,0.4642642541945884,0.46219007088516784,0.012190905511180909,0.17014185759361447,0
2023-08-27 12:00:00,0.5237,104857.7,True,0.4659642541945884,0.46222232886217146,0.012143258768482849,0.3081483647642362,0
2023-08-27 13:00:00,0.5308,112188.6,True,0.4730642541945884,0.46231420958532754,0.012132376782913148,0.8860625417107798,0
2023-08-27 14:00:00,0.5252,808054.0,True,0.46746425419458837,0.46235748727111964,0.012090080100450208,0.42239314223224755,0
2023-08-27 15:00:00,0.5299,300898.9,True,0.4721642541945884,0.46243921032881524,0.01207241302213954,0.8055592405543492,0
2023-08-27 16:00:00,0.526,122042.5,True,0.4682642541945884,0.46248735118721,0.012033663302898836,0.48006187824673097,0
2023-08-27 17:00:00,0.5279,90065.2,True,0.4701642541945884,0.46255027662169673,0.012003972505631757,0.6342881549686585,0
2023-08-27 18:00:00,0.526,70349.1,True,0.4682642541945884,0.4625967317239154,0.011965771594571985,0.4736445473557201,0
2023-08-27 19:00:00,0.522,425388.9,True,0.4642642541945884,0.4626101794857756,0.011917971798062546,0.13878827176631578,0
2023-08-27 20:00:00,0.5185,388302.4,True,0.46076425419458833,0.4625954120834461,0.011870966394584223,-0.1542551657540876,0
2023-08-27 21:00:00,0.5251,675145.5,True,0.4673642541945884,0.4626332600367092,0.0118310175094773,0.39988058120017234,0
2023-08-27 22:00:00,0.5268,63529.4,True,0.4690642541945884,0.46268389778598384,0.011797784950992745,0.5408096888617795,0
2023-08-27 23:00:00,0.527,578585.1,True,0.4692642541945884,0.462735306820426,0.011765630163452348,0.554916930369211,0
2023-08-28 00:00:00,0.5237,36607.5,True,0.4659642541945884,0.4627603374202257,0.011723028228339977,0.2733011225390865,0
2023-08-28 01:00:00,0.5254,19141.1,True,0.46766425419458835,0.4627980598569516,0.011685419736476218,0.4164329949096173,0
2023-08-28 02:00:00,0.5236,25965.3,True,0.4658642541945883,0.4628214659205977,0.01164347133674567,0.26132999223246084,0
2023-08-28 03:00:00,0.4701,348994.3,True,0.4123642541945884,0.4624392143166128,0.012402535472466598,-4.037477678107826,1
2023-08-28 04:00:00,0.5271,291018.0,True,0.4693642541945884,0.4624912822856201,0.012370049879143148,0.5556139204059841,0
2023-08-28 05:00:00,0.5197,160091.7,True,0.4619642541945884,0.46248734924016466,0.012323542289135845,-0.04244680898586985,0
2023-08-28 06:00:00,0.5185,34191.5,True,0.46076425419458833,0.46247458557316035,0.012278368443486478,-0.1392963068704235,0
2023-08-28 07:00:00,0.5193,188418.8,True,0.46156425419458835,0.46246789196008264,0.01223305753511979,-0.07386851266742146,0
2023-08-28 08:00:00,0.5206,219892.9,True,0.4628642541945883,0.46247078511507905,0.0121880471234818,0.032283193158254224,0
2023-08-28 09:00:00,0.5176,1424767.1,True,0.4598642541945883,0.46245189720985813,0.012145510653165499,-0.21305345564827224,0
2023-08-28 10:00:00,0.5181,359050.7,True,0.4603642541945884,0.4624368781953597,0.012102720581562495,-0.17125273501966354,0
2023-08-28 11:00:00,0.5136,971118.2,True,0.4558642541945883,0.4623899308810685,0.012071894195157808,-0.5405677502622347,0
2023-08-28 12:00:00,0.5238,854967.2,True,0.4660642541945884,0.4624159899116609,0.012032682398166796,0.3031962585070265,0
2023-08-28 13:00:00,0.5152,135379.4,True,0.45746425419458836,0.46238111853337166,0.011997136008728987,-0.4098365089139477,0
2023-08-28 14:00:00,0.5233,155296.3,True,0.46556425419458836,0.4624033782233101,0.011957781044777894,0.2643363312509075,0
2023-08-28 15:00:00,0.5233,100056.9,True,0.461849084464501,0.4623995289610962,0.011915986797745273,-0.04619378201219114,0
2023-08-28 16:00:00,0.5171,751390.0,True,0.45564908446450103,0.4623529741714646,0.011887765142047136,-0.5639318767538435,0
2023-08-28 17:00:00,0.5163,146265.6,True,0.454849084464501,0.4623015776666224,0.011862968442105425,-0.6282148720610371,0
2023-08-28 18:00:00,0.5232,548842.3,True,0.461749084464501,0.46229781920946506,0.011822359854617602,-0.04641499258286442,0
2023-08-28 19:00:00,0.5243,665056.0,True,0.462849084464501,0.46230154397470175,0.011782166262402752,0.046471971079417536,0
2023-08-28 20:00:00,0.5256,247465.1,True,0.464149084464501,0.4623139435753045,0.011743269621254776,0.1562717154918241,0
2023-08-28 21:00:00,0.5285,20622.5,True,0.467049084464501,0.4623455111812324,0.011710180429781256,0.4016653126288724,0
2023-08-28 22:00:00,0.515,634629.0,True,0.45354908446450104,0.46228725669966464,0.011693013646535995,-0.7472985578659822,0
2023-08-28 23:00:00,0.5268,254327.6,True,0.4653490844645011,0.4623074003033807,0.011656876529415557,0.26093474984013454,0
2023-08-29 00:00:00,0.5242,67952.9,True,0.462749084464501,0.4623102871279632,0.011618523137294666,0.037767049336015386,0
2023-08-29 01:00:00,0.524,14665.2,True,0.46254908446450105,0.4623118377600186,0.011580507850469596,0.02048672714062541,0
2023-08-29 02:00:00,0.5159,440476.1,True,0.45444908446450105,0.46226111031940237,0.011560111902762949,-0.6757742416865521,0
2023-08-29 03:00:00,0.52,186577.4,True,0.45874990444991115,0.46223860258946975,0.011526189636134925,-0.30267575406025193,0
2023-08-29 04:00:00,0.5187,22987.3,True,0.4574499044499112,0.46220810132743434,0.01149554203878042,-0.41391670453392226,0
2023-08-29 05:00:00,0.5205,47972.2,True,0.4592499044499111,0.46218937856238673,0.011461290008245641,-0.2564697438386848,0
2023-08-29 06:00:00,0.5207,652809.5,True,0.4594499044499112,0.46217214916545296,0.011427027974866567,-0.23822858590433835,0
2023-08-29 07:00:00,0.5134,842736.4,True,0.4521499044499111,0.4621095101359808,0.011418560032942678,-0.8722295681185812,0
2023-08-29 08:00:00,0.4667,681889.6,True,0.40544990444991114,0.46175758711929715,0.012227364214146986,-4.605054833014491,1
2023-08-29 09:00:00,0.5192,366190.2,True,0.4579499044499111,0.46173408290528856,0.012193002435412699,-0.31035657340532186,0
2023-08-29 10:00:00,0.5176,461534.8,True,0.4563499044499111,0.4617010511356237,0.012162624944984846,-0.43996643075959735,0
2023-08-29 11:00:00,0.5186,200589.0,True,0.4573499044499111,0.4616745197533937,0.01213001833788697,-0.3565217448991875,0
2023-08-29 12:00:00,0.5257,39665.8,True,0.4644499044499111,0.461691340266706,0.01209491005921618,0.22807645279702496,0
2023-08-29 13:00:00,0.5153,228353.2,True,0.4540499044499111,0.4616453075208216,0.012072780071216998,-0.6291345511228918,0
2023-08-29 14:00:00,0.5451,917029.5,True,0.48384990444991116,0.46177826917907966,0.012158386178596825,1.8153425089988995,-1
2023-08-29 15:00:00,0.5412,493166.4,True,0.47994990444991115,0.46188643367473936,0.012202732992283787,1.4802807524014454,0
2023-08-29 16:00:00,0.542,1761093.8,True,0.48074990444991117,0.4619980518450067,0.01225258540936486,1.5304404726346257,0
2023-08-29 17:00:00,0.542,728699.8,True,0.48074990444991117,0.46210835686032964,0.012300648518200072,1.5154930703043379,0
2023-08-29 18:00:00,0.5461,295212.2,True,0.48484990444991116,0.46224134836670144,0.01238710424659935,1.825168791117301,-1
2023-08-29 19:00:00,0.542,325124.3,True,0.48074990444991117,0.4623489562509062,0.012431198903491286,1.4802231338955625,0
2023-08-29 20:00:00,0.542,137205.8,True,0.48074990444991117,0.4624553201133282,0.012473710133988888,1.4666513924139648,0
2023-08-29 21:00:00,0.542,433760.9,True,0.48074990444991117,0.46256046140261886,0.012514694427698566,1.453446838225144,0
2023-08-29 22:00:00,0.5444,341049.6,True,0.4831499044499111,0.4626781153628891,0.012575368985357537,1.6279275074042667,0
2023-08-29 23:00:00,0.545,83700.9,True,0.48374990444991117,0.46279784143724717,0.012639584293176305,1.6576544391555132,0
2023-08-30 00:00:00,0.5348,175559.3,True,0.4735499044499112,0.4628585875559628,0.012629509693252824,0.8465345966407615,0
2023-08-30 01:00:00,0.5366,18304.3,True,0.4753499044499111,0.46292876349356926,0.012628537109041655,0.9835771830965814,0
2023-08-30 02:00:00,0.5351,265388.9,True,0.47384990444991115,0.4629897754542192,0.012619441943452573,0.8605871039587906,0
2023-08-30 03:00:00,0.5353,91972.3,True,0.47404990444991113,0.4630512206153064,0.012611115724150251,0.8721420114750259,0
2023-08-30 04:00:00,0.5355,434580.9,True,0.4742499044499111,0.463113091796713,0.012603553416363761,0.8836248227217157,0
2023-08-30 05:00:00,0.5378,517343.7,True,0.4765499044499111,0.46318692043766463,0.012608090992083836,1.0598736970280895,0
2023-08-30 06:00:00,0.5275,570667.2,True,0.4662499044499111,0.4632036580552179,0.012575444213880552,0.2422376770858563,0
2023-08-30 07:00:00,0.5353,37717.7,True,0.47404990444991113,0.4632626050464934,0.01256650261377131,0.8584169943669283,0
2023-08-30 08:00:00,0.5416,539875.8,True,0.4803499044499111,0.4633549688270524,0.012595117745169367,1.349327252567909,0
2023-08-30 09:00:00,0.5325,56370.9,True,0.4712499044499111,0.46339741471749796,0.01257436286014024,0.6244841046622676,0
2023-08-30 10:00:00,0.5336,846191.2,True,0.4723499044499111,0.4634452889941419,0.012557591998737494,0.7091021476621036,0
2023-08-30 11:00:00,0.5327,182134.9,True,0.4714499044499111,0.46348786673592784,0.012537569802686109,0.6350543079151921,0
2023-08-30 12:00:00,0.5341,356240.6,True,0.47284990444991115,0.4635374013270071,0.012522710599285414,0.7436491523995971,0
2023-08-30 13:00:00,0.5244,597625.8,True,0.4631499044499111,0.46353536186975924,0.012489569435476024,-0.030862346523592786,0
2023-08-30 14:00:00,0.5307,802679.1,True,0.4694499044499111,0.4635663280612784,0.01246400814308526,0.4720452940250006,0
2023-08-30 15:00:00,0.5284,436732.0,True,0.4671499044499111,0.4635849925216358,0.01243402693727495,0.2867061448603056,0
2023-08-30 16:00:00,0.5282,108160.8,True,0.46996220423106305,0.4636180350693531,0.012410097126506115,0.5112102747495615,0
2023-08-30 17:00:00,0.5246,22068.2,True,0.466362204231063,0.46363218027121755,0.012379472751106485,0.22052829023767914,0
2023-08-30 18:00:00,0.5246,232487.4,True,0.466362204231063,0.46364618039408856,0.012349073280072462,0.21993746213792886,0
2023-08-30 19:00:00,0.5331,152209.5,True,0.47486220423106307,0.46370340500550167,0.012343394759778378,0.9040300049321077,0
2023-08-30 20:00:00,0.5277,1335626.2,True,0.469462204231063,0.46373263748888016,0.012318701000934643,0.4651112760792004,0
2023-08-30 21:00:00,0.5235,322212.7,True,0.465262204231063,0.46374036257343665,0.01228787629383286,0.12384903796518201,0
2023-08-30 22:00:00,0.5235,10208.7,True,0.465262204231063,0.4637480100189524,0.012257281780268789,0.12353425818668146,0
2023-08-30 23:00:00,0.5315,23826.6,True,0.473262204231063,0.46379558099001295,0.012244940849870423,0.7731048567009005,0
2023-08-31 00:00:00,0.5282,410270.1,True,0.46423883464687443,0.4637977862320869,0.012214330150129184,0.03610909557597576,0
2023-08-31 01:00:00,0.5319,18191.7,True,0.46793883464687447,0.46381828647176404,0.012187391656415393,0.33809926613307684,0
2023-08-31 02:00:00,0.529,12748.4,True,0.46503883464687445,0.4638242990243508,0.012157489235645568,0.09990020134771421,0
2023-08-31 03:00:00,0.5267,422227.7,True,0.4627388346468744,0.4638189781205396,0.012127745831846668,-0.08906382840155384,0
2023-08-31 04:00:00,0.5301,305771.2,True,0.46613883464687444,0.4638302944938388,0.012099069387969716,0.19080311708362305,0
2023-08-31 05:00:00,0.5288,262270.3,True,0.4648388346468745,0.46383519031982445,0.012069727934938473,0.08315384840985152,0
2023-08-31 06:00:00,0.5294,60651.3,True,0.4654388346468744,0.46384293739386817,0.012040912739646777,0.13253955804791057,0
2023-08-31 07:00:00,0.5295,11459.2,True,0.471262204231063,0.46387860694597005,0.012022804072369863,0.6141327131880606,0
2023-08-31 08:00:00,0.5224,275479.4,True,0.4584388346468744,0.4638525793273141,0.011999769191531083,-0.45115406755160664,0
2023-08-31 09:00:00,0.5225,423119.2,True,0.4585388346468744,0.4638272757812168,0.011976641788174404,-0.4415629379150463,0
2023-08-31 10:00:00,0.5225,92043.6,True,0.4585388346468744,0.4638022120791583,0.011953637482426636,-0.44031596574864523,0
2023-08-31 11:00:00,0.5301,185038.4,True,0.46583760466875923,0.46381181298759977,0.011926096993517415,0.16986208331699856,0
2023-08-31 12:00:00,0.5223,128950.2,True,0.4580376046687592,0.46378470402835636,0.011904512489359496,-0.48276646059500894,0
2023-08-31 13:00:00,0.5267,106822.7,True,0.46243760466875916,0.46377840917153584,0.011876891740608391,-0.1128918686858385,0
2023-08-31 14:00:00,0.5192,134226.1,True,0.44690480525235415,0.463699927292842,0.0119048590109578,-1.410778743790985,0
2023-08-31 15:00:00,0.5219,398825.7,True,0.4636622042310631,0.46369975264903746,0.011877141301890137,-0.003161401975440017,0
2023-08-31 16:00:00,0.5051,593088.3,True,0.44736425419458836,0.4636244738543165,0.011901391370711226,-1.3662452694181433,0
2023-08-31 17:00:00,0.5094,1376596.8,True,0.45166425419458833,0.46356961046138195,0.011901536099747086,-1.000320981007369,0
2023-08-31 18:00:00,0.5138,348196.2,True,0.4560642541945884,0.46353533942820024,0.011885033570748667,-0.628612884358998,0
2023-08-31 19:00:00,0.5158,139649.4,True,0.4580642541945884,0.4635104708589566,0.01186360339446163,-0.45906934708477115,0
2023-08-31 20:00:00,0.5171,18180.0,True,0.4593642541945884,0.4634917096975793,0.011839895394486617,-0.348605740631199,0
2023-08-31 21:00:00,0.5127,80964.8,True,0.4549642541945884,0.46345329773585414,0.011826933942203249,-0.7177721278186405,0
2023-08-31 22:00:00,0.5138,385172.1,True,0.4560642541945884,0.46342016301145383,0.011810636167104146,-0.6228207111614911,0
2023-08-31 23:00:00,0.5141,94865.5,True,0.45636425419458837,0.4633886634185214,0.011793551805109492,-0.5956143950535546,0
2023-09-01 00:00:00,0.5144,78189.9,True,0.45666425419458834,0.46335877715530394,0.01177573367900113,-0.5685015594954809,0
2023-09-01 01:00:00,0.5121,123097.2,True,0.45436425419458837,0.46331897838114144,0.011764759788140436,-0.7611480682826997,0
2023-09-01 02:00:00,0.5136,50257.8,True,0.4558642541945883,0.46328613818648706,0.01174912574312034,-0.6316967027308058,0
2023-09-01 03:00:00,0.5136,248332.8,True,0.4558642541945883,0.46325358606371553,0.011733517778745662,-0.6297627027516337,0
2023-09-01 04:00:00,0.5046,46275.2,True,0.4468642541945884,0.4631820169289159,0.011757745112018131,-1.3878309640892255,0
2023-09-01 05:00:00,0.5136,199000.0,True,0.4558642541945883,0.4631502005692014,0.011741963490469713,-0.6205049419994106,0
2023-09-01 06:00:00,0.5023,338708.1,True,0.44456425419458834,0.46306974192688705,0.011780053298887967,-1.570917148061259,0
2023-09-01 07:00:00,0.51,413181.0,True,0.4522642541945884,0.4630231665487306,0.01177591571647707,-0.9136370039646398,0
2023-09-01 08:00:00,0.49,1626809.9,True,0.43226425419458836,0.4628911540493566,0.011922039544407936,-2.568931242065362,1
2023-09-01 09:00:00,0.4996,283971.5,True,0.44186425419458836,0.46280129550296867,0.011975577313004523,-1.7483116480442535,0
2023-09-01 10:00:00,0.5021,877965.5,True,0.44436425419458836,0.4627228400080394,0.012010331257180689,-1.5285661502862304,0
2023-09-01 11:00:00,0.5038,171345.7,True,0.4460642541945884,0.4626522527800163,0.012033707607541981,-1.3784611631274466,0
2023-09-01 12:00:00,0.5103,165681.8,True,0.44804580452286047,0.4625906221966528,0.01204561000998019,-1.2074787131362774,0
2023-09-01 13:00:00,0.5096,336881.8,True,0.44734580452286055,0.4625265683408805,0.012060720849752975,-1.2586945678566883,0
2023-09-01 14:00:00,0.505,407638.0,True,0.4427458045228605,0.4624438036387131,0.012103179574901616,-1.6275061436500868,0
2023-09-01 15:00:00,0.5055,429346.4,True,0.44324580452286044,0.4623638119757304,0.012141240445868196,-1.5746337895298033,0
2023-09-01 16:00:00,0.5087,671195.8,True,0.44644580452286053,0.46229776215227447,0.012159230813730193,-1.3036974025950656,0
2023-09-01 17:00:00,0.4965,276414.1,True,0.43424580452286055,0.46218184497198767,0.012267237880727597,-2.277288556783915,1
2023-09-01 18:00:00,0.4796,224976.3,True,0.4173458045228605,0.46199733451746455,0.012575213877474303,-3.5507571027946736,1
2023-09-01 19:00:00,0.4867,272001.8,True,0.4244458045228605,0.4618434348043719,0.012777496167393576,-2.9268355702539774,1
2023-09-01 20:00:00,0.489,57872.3,True,0.4267458045228605,0.46170017917056977,0.01294693883322216,-2.6998177019277723,1
2023-09-01 21:00:00,0.4993,203397.2,True,0.43704580452286057,0.4615999581354165,0.0130157572069495,-1.8864944407111193,1
2023-09-01 22:00:00,0.4993,52628.1,True,0.43704580452286057,0.4615005486066207,0.013082897012350847,-1.8692147511880397,1
2023-09-01 23:00:00,0.4993,224975.2,True,0.43704580452286057,0.4614019407675733,0.013148409004712446,-1.8524017800163792,1
2023-09-02 00:00:00,0.4993,24265.8,True,0.43704580452286057,0.46130412495936163,0.013212341771011308,-1.8360348874508612,1
2023-09-02 01:00:00,0.4993,160729.0,True,0.43704580452286057,0.4612070916776156,0.013274741855969259,-1.8200946893660612,1
2023-09-02 02:00:00,0.4917,565864.2,True,0.4294458045228605,0.46108055268496717,0.013398990168629568,-2.360980026403155,1
2023-09-02 03:00:00,0.511,32791.9,True,0.4487458045228605,0.46103160527162546,0.013394828139558267,-0.9172048062701096,0
2023-09-02 04:00:00,0.5005,77773.4,True,0.43824580452286044,0.46094154281807304,0.013444760178019644,-1.6880731225178003,0
2023-09-02 05:00:00,0.4989,46972.8,True,0.4366458045228605,0.4608458903050998,0.013504482664417903,-1.7920039133377963,0
2023-09-02 06:00:00,0.4983,32985.0,True,0.43604580452286057,0.4607486350667381,0.013567055466086142,-1.8207952790955784,1
2023-09-02 07:00:00,0.4931,25593.6,True,0.4308458045228605,0.46063182713492606,0.013668798714775682,-2.17912511798623,1
2023-09-02 08:00:00,0.4996,61182.0,True,0.43734580452286054,0.46054122004305026,0.013719187612338103,-1.6907280646362286,0
2023-09-02 09:00:00,0.5,330476.6,True,0.4377458045228605,0.46045286571932864,0.01376582085692661,-1.6495246765500755,0
2023-09-02 10:00:00,0.5004,488332.7,True,0.43814580452286045,0.4603667380699214,0.013808859146273854,-1.6091795355199194,0
2023-09-02 11:00:00,0.5007,827275.4,True,0.4384458045228605,0.46028242678704806,0.013849062748395,-1.5767581287562749,0
2023-09-02 12:00:00,0.5008,127341.5,True,0.4385458045228605,0.46019914470940754,0.013887733115085536,-1.559170240895982,0
2023-09-02 13:00:00,0.503,212105.6,True,0.44526425419458837,0.460142141310496,0.01389177844660393,-1.0709850558799252,0
2023-09-02 14:00:00,0.503,530653.5,True,0.44526425419458837,0.4600855713975078,0.013895559670137107,-1.0666225438023802,0
2023-09-02 15:00:00,0.503,123357.4,True,0.44526425419458837,0.4600294300444664,0.013899082626122912,-1.0623129775577642,0
2023-09-02 16:00:00,0.503,159345.5,True,0.44526425419458837,0.4599737123997499,0.013902353009775992,-1.0580552942957187,0
2023-09-02 17:00:00,0.5012,232496.1,True,0.44346425419458835,0.45991164676739965,0.013912970494007762,-1.1821625424919218,0
2023-09-02 18:00:00,0.499,128509.1,True,0.44126425419458837,0.45984180634577865,0.013933606142981239,-1.3332910346793698,0
2023-09-02 19:00:00,0.5,168374.3,True,0.44226425419458837,0.45977621846461747,0.013948875162323517,-1.2554391709899042,0
2023-09-02 20:00:00,0.4999,19556.4,True,0.4421642541945884,0.45971074647848353,0.013964175483684635,-1.256536220444666,0
2023-09-02 21:00:00,0.4999,15037.4,True,0.4421642541945884,0.45964575947002473,0.013979041119520589,-1.2505511018938813,0
2023-09-02 22:00:00,0.4999,37081.7,True,0.4421642541945884,0.45958125207048434,0.013993481447705533,-1.2446507998016296,0
2023-09-02 23:00:00,0.4999,30143.3,True,0.4421642541945884,0.45951721899005826,0.014007505601188873,-1.2388333290401874,0
2023-09-03 00:00:00,0.4999,650720.8,True,0.4421642541945884,0.4594536550164484,0.014021122475958452,-1.2330967689288492,0
2023-09-03 01:00:00,0.4999,90079.3,True,0.4421642541945884,0.459390555013449,0.014034340738685402,-1.227439260568659,0
2023-09-03 02:00:00,0.4999,31656.7,True,0.4421642541945884,0.4593279139195622,0.014047168834066039,-1.2218590043105273,0
2023-09-03 03:00:00,0.5097,693505.3,True,0.4519642541945884,0.4593012339930224,0.0140286092020945,-0.5230012250493499,0
2023-09-03 04:00:00,0.4924,246159.7,True,0.4346642541945884,0.45921229182768514,0.014081196405130026,-1.7433204485489233,0
2023-09-03 05:00:00,0.5087,592281.1,True,0.4509642541945884,0.45918262262756604,0.014064458477728636,-0.5843359306006405,0
2023-09-03 06:00:00,0.5009,53172.1,True,0.4431642541945884,0.45912520912063787,0.01407185559338535,-1.134246640048817,0
2023-09-03 07:00:00,0.5069,62658.0,True,0.4491642541945884,0.45908963428161625,0.014059222611093894,-0.705969338531984,0
2023-09-03 08:00:00,0.5069,205013.8,True,0.4491642541945884,0.45905431264429586,0.014046579167781417,-0.7040901796497371,0
2023-09-03 09:00:00,0.4985,296252.6,True,0.44076425419458837,0.458989454280999,0.014063800752783004,-1.2958943607619138,0
2023-09-03 10:00:00,0.5078,131536.1,True,0.4500642541945884,0.4589579164715064,0.014048864301143816,-0.6330520450819586,0
2023-09-03 11:00:00,0.5064,181179.9,True,0.44866425419458833,0.458921671181799,0.014037316778870372,-0.730724906247796,0
2023-09-03 12:00:00,0.5003,95902.7,True,0.44256425419458834,0.4588642767362298,0.014046040807353841,-1.1604709658188919,0
2023-09-03 13:00:00,0.5042,47520.8,True,0.44646425419458835,0.4588209200140562,0.014040535483049014,-0.8800708373541692,0
2023-09-03 14:00:00,0.4987,185652.9,True,0.44096425419458835,0.45875870166625315,0.014055545523243776,-1.2660090241419644,0
2023-09-03 15:00:00,0.5086,83237.1,True,0.4508642541945884,0.45873129039030996,0.014038746389159711,-0.5603802488943193,0
2023-09-03 16:00:00,0.51,109408.4,True,0.4522642541945884,0.45870891310243544,0.014019514511258628,-0.459692017342795,0
2023-09-03 17:00:00,0.5085,1996630.2,True,0.4507642541945883,0.4586815177268911,0.014003011867334368,-0.5653971879272502,0
2023-09-03 18:00:00,0.48,279591.3,True,0.42226425419458835,0.458556372491385,0.014140920602164427,-2.5664607926050946,1
2023-09-03 19:00:00,0.5034,282151.1,True,0.4456642541945883,0.4585122214013274,0.014136748898542766,-0.9088346478350104,0
2023-09-03 20:00:00,0.5106,242280.6,True,0.4528642541945884,0.45849294506273786,0.014116378137535404,-0.3987347755429392,0
2023-09-03 21:00:00,0.5064,140751.0,True,0.44866425419458833,0.45845951414141767,0.014103921591117901,-0.6945061260832597,0
2023-09-03 22:00:00,0.508,123200.7,True,0.4502642541945884,0.45843173359922496,0.014087997455934318,-0.5797473651016436,0
2023-09-03 23:00:00,0.5073,45254.3,True,0.44956425419458834,0.45840177589853365,0.014073540289579222,-0.627952989944475,0
2023-09-04 00:00:00,0.5095,60333.4,True,0.4517642541945883,0.4583794273406079,0.01405502537791354,-0.4706624832150661,0
2023-09-04 01:00:00,0.5205,161676.1,True,0.46276425419458833,0.4583941415246816,0.014033642687877572,0.31140258927082975,0
2023-09-04 02:00:00,0.5089,334812.3,True,0.4511642541945884,0.4583699612994974,0.014016314223714542,-0.5140942896897618,0
2023-09-04 03:00:00,0.5189,66571.2,True,0.4611642541945884,0.4583792756091477,0.013993785916934494,0.19901537739479527,0
2023-09-04 04:00:00,0.5145,291141.1,True,0.4567642541945883,0.45837391008949807,0.013970753603051103,-0.11521611078719539,0
2023-09-04 05:00:00,0.5119,265509.5,True,0.4541642541945884,0.4583599708315679,0.013949630485398132,-0.3007761848151734,0
2023-09-04 06:00:00,0.5113,453587.2,True,0.45356425419458835,0.4583441433839211,0.013929240813156357,-0.34315504006636766,0
2023-09-04 07:00:00,0.52,1067505.7,True,0.4622642541945884,0.458357038485272,0.013908053690185706,0.2809318828035264,0
2023-09-04 08:00:00,0.5157,671052.0,True,0.4579642541945884,0.4583557506679254,0.01388517797404303,-0.028195279460503563,0
2023-09-04 09:00:00,0.5073,549006.8,True,0.44956425419458834,0.4583270202872936,0.013871504073889436,-0.6317098741440422,0
2023-09-04 10:00:00,0.5061,951457.9,True,0.44836425419458836,0.458294568280477,0.01386048765333485,-0.7164476701149386,0
2023-09-04 11:00:00,0.5052,324799.9,True,0.44746425419458835,0.4582594049230552,0.01385164873092056,-0.7793404913863596,0
2023-09-04 12:00:00,0.5067,198931.3,True,0.4489642541945884,0.45822932352911205,0.013839249800600273,-0.6694777150508386,0
2023-09-04 13:00:00,0.5002,98849.2,True,0.44246425419458835,0.4581784684667426,0.013845820566331485,-1.134942793521829,0
2023-09-04 14:00:00,0.4992,74170.4,True,0.44146425419458835,0.4581247250124913,0.013855923567317316,-1.2024078176355466,0
2023-09-04 15:00:00,0.5067,111309.9,True,0.4489642541945884,0.45809536452910055,0.013843346901664996,-0.6596027968795539,0
2023-09-04 16:00:00,0.5008,222889.7,True,0.4430642541945884,0.4580473418123769,0.013847233045709636,-1.0820275479100703,0
2023-09-04 17:00:00,0.5078,95592.5,True,0.4500642541945884,0.4580219179664603,0.013832433524893606,-0.5752902233400113,0
2023-09-04 18:00:00,0.5137,456277.5,True,0.4559642541945884,0.45801538570051786,0.013810876417422678,-0.14851566576483938,0
2023-09-04 19:00:00,0.5253,297267.4,True,0.46756425419458836,0.45804560363879027,0.013799395992238025,0.6897874777383158,0
2023-09-04 20:00:00,0.53,165465.7,True,0.4722642541945884,0.45809045742603255,0.013800669715763885,1.0270368801280532,0
2023-09-04 21:00:00,0.5078,511264.0,True,0.4500642541945884,0.45806521779322923,0.013786233989640698,-0.5803589003822903,0
2023-09-04 22:00:00,0.5096,397429.6,True,0.4518642541945884,0.45804577903586674,0.013768918363810832,-0.4489477443286587,0
2023-09-04 23:00:00,0.5046,47104.3,True,0.4468642541945884,0.45801083677073773,0.01376152303655576,-0.8099817546749595,0
2023-09-05 00:00:00,0.54,198995.6,True,0.4822642541945884,0.45808639258825756,0.013806527154877499,1.751190674896794,0
2023-09-05 01:00:00,0.5089,192417.7,True,0.4511642541945884,0.4580648952640536,0.013790401268909005,-0.5003945088257119,0
2023-09-05 02:00:00,0.54,86385.0,True,0.4822642541945884,0.45813981587993763,0.013834651854073381,1.7437690929351244,0
2023-09-05 03:00:00,0.55,896178.1,True,0.4922642541945884,0.45824513822041496,0.01394270760756646,2.439921780738763,-1
2023-09-05 04:00:00,0.522,131112.8,True,0.4642642541945884,0.45826365857725854,0.013925177715120867,0.43091698648944443,0
2023-09-05 05:00:00,0.55,234458.0,True,0.4922642541945884,0.45836795488283316,0.014030682912342492,2.415869528484419,-1
2023-09-05 06:00:00,0.522,793654.2,True,0.4642642541945884,0.45838598637919936,0.014012941049702169,0.41948851383442903,0
2023-09-05 07:00:00,0.4979,1437161.1,True,0.4401642541945884,0.45833043231766096,0.01402762670946465,-1.2950286245367217,0
2023-09-05 08:00:00,0.47,438478.1,True,0.41226425419458834,0.45819041353917134,0.014234623964488104,-3.2263696926000645,1
2023-09-05 09:00:00,0.5014,23731.7,True,0.4436642541945883,0.4581463948744908,0.014235450872714103,-1.0173292584403661,0
2023-09-05 10:00:00,0.5022,208966.5,True,0.44446425419458835,0.45810505910204397,0.014233746462832209,-0.9583425518415052,0
2023-09-05 11:00:00,0.509,121494.0,True,0.4512642541945884,0.4580844542679854,0.014217187092412016,-0.4797151524465117,0
2023-09-05 12:00:00,0.5446,164427.7,True,0.48686425419458834,0.4581708800935908,0.014283098623252805,2.0089040101063844,-1
2023-09-05 13:00:00,0.5003,96612.9,True,0.44256425419458834,0.4581241536687435,0.01428718008431192,-1.089081217030416,0
2023-09-05 14:00:00,0.4981,405932.9,True,0.44036425419458836,0.4580711390434475,0.014298737739034407,-1.2383530051411988,0
2023-09-05 15:00:00,0.4937,151150.2,True,0.4359642541945884,0.45800534474330207,0.014328227308173324,-1.538298498108043,0
2023-09-05 16:00:00,0.4985,927731.0,True,0.44076425419458837,0.45795418423722284,0.01433768302303681,-1.1989336083811355,0
2023-09-05 17:00:00,0.5044,240335.4,True,0.44666425419458833,0.4579207820773334,0.014329559135803747,-0.7855460015248877,0
2023-09-05 18:00:00,0.5075,295608.3,True,0.4497642541945883,0.45789672152310695,0.014315202124498156,-0.5681000699669639,0
2023-09-05 19:00:00,0.506,331904.9,True,0.4482642541945884,0.4578683907368466,0.014303615231059807,-0.6714481889447902,0
2023-09-05 20:00:00,0.5546,199621.9,True,0.49686425419458835,0.45798274810769046,0.014437836672347286,2.6930285311626663,-1
2023-09-05 21:00:00,0.5015,68905.7,True,0.4437642541945883,0.45794117356408487,0.014437138274004519,-0.9819757281831598,0
2023-09-05 22:00:00,0.5001,5795.5,True,0.44236425419458836,0.4578957598049901,0.014440530487154475,-1.0755495183655288,0
2023-09-05 23:00:00,0.5034,47124.2,True,0.4456642541945883,0.45786020310263426,0.014434537634355218,-0.844914414093785,0
2023-09-06 00:00:00,0.4972,121047.3,True,0.43946425419458834,0.4578068815115965,0.01444752893383197,-1.2696030858297829,0
2023-09-06 01:00:00,0.5014,8240.3,True,0.4436642541945883,0.4577660068661716,0.014446596468097527,-0.9761297550412106,0
2023-09-06 02:00:00,0.46,126240.1,True,0.4022642541945884,0.45760605945213245,0.014730183981978876,-3.757034217987368,1
2023-09-06 03:00:00,0.5028,100.0,True,0.4450642541945884,0.45757001978185213,0.014724300489890015,-0.8493283328366218,0
2023-09-06 04:00:00,0.5028,198.8,True,0.4450642541945884,0.4575341866426336,0.014718360737892499,-0.8472365007294135,0
2023-09-06 05:00:00,0.5028,59814.3,True,0.4450642541945884,0.45749855826421065,0.014712365871651147,-0.8451600631807001,0
2023-09-06 06:00:00,0.5061,190564.1,True,0.44836425419458836,0.45747253460589266,0.014699421021907225,-0.6196353174543271,0
2023-09-06 07:00:00,0.5028,240335.7,True,0.4450642541945884,0.4574372838092696,0.014693358622776253,-0.8420831432986147,0
2023-09-06 08:00:00,0.5039,408932.1,True,0.4461642541945884,0.4574053488811827,0.014684735392330272,-0.7654952156962586,0
2023-09-06 09:00:00,0.5518,140460.0,True,0.4940642541945883,0.4575089051108816,0.014792796532679285,2.4711587834626823,-1
2023-09-06 10:00:00,0.5518,3050.7,True,0.4940642541945883,0.4576118779252019,0.014898754362226093,2.4466727474752386,-1
2023-09-06 11:00:00,0.5504,10216.8,True,0.49266425419458837,0.45771033965629565,0.01499329595084819,2.331302913840991,-1
2023-09-06 12:00:00,0.5504,77568.1,True,0.49266425419458837,0.45780824978105283,0.01508607993988892,2.3104745932953197,-1
2023-09-06 13:00:00,0.5119,106554.8,True,0.4541642541945884,0.4577980710224314,0.015066167158217696,-0.2411905290630602,0
2023-09-06 14:00:00,0.5039,646480.6,True,0.4461642541945884,0.4577656648474234,0.015057634334786475,-0.7704670199111696,0
2023-09-06 15:00:00,0.48,502489.5,True,0.42226425419458835,0.4576670498178323,0.01515261554922965,-2.3364148260888067,1
2023-09-06 16:00:00,0.5044,27431.2,True,0.44666425419458833,0.45763657115959616,0.01514263272252008,-0.7245977080781888,0
2023-09-06 17:00:00,0.5387,458769.4,True,0.4809642541945883,0.45770101227295246,0.015171269210194915,1.5333748020240288,0
2023-09-06 18:00:00,0.4949,203883.7,True,0.4371642541945884,0.4576444371818275,0.015188596275984224,-1.348392084107326,0
2023-09-06 19:00:00,0.54,15037.1,True,0.4822642541945884,0.4577120740417527,0.015222455281086652,1.6128922502627363,0
2023-09-06 20:00:00,0.54,116696.5,True,0.4822642541945884,0.45777934028874673,0.015255755495975106,1.6049623968017501,0
2023-09-06 21:00:00,0.4998,242060.1,True,0.4420642541945884,0.4577364028950468,0.015256972243139214,-1.0272122443891771,0
2023-09-06 22:00:00,0.5399,32017.0,True,0.4821642541945884,0.4578029637977704,0.01528938010654016,1.5933471616941002,0
2023-09-06 23:00:00,0.5399,9093.8,True,0.4821642541945884,0.4578691629564574,0.015321255781616545,1.5857114837337198,0
2023-09-07 00:00:00,0.5399,83631.8,True,0.4821642541945884,0.4579350033121163,0.01535260868227214,1.578184618907793,0
2023-09-07 01:00:00,0.5399,43158.9,True,0.4821642541945884,0.45800048777396085,0.015383448000702803,1.570764006841875,0
2023-09-07 02:00:00,0.5399,555330.7,True,0.4821642541945884,0.4580656192198385,0.015413782714305675,1.5634471707184332,0
2023-09-07 03:00:00,0.5399,22483.7,True,0.4821642541945884,0.4581304004966524,0.015443621592313628,1.5562317138033097,0
2023-09-07 04:00:00,0.5399,51462.1,True,0.4821642541945884,0.45819483442077547,0.015472973202168387,1.549115316147117,0
2023-09-07 05:00:00,0.5399,60209.2,True,0.4821642541945884,0.4582589237784595,0.015501845915644883,1.5420957314511172,0
2023-09-07 06:00:00,0.4949,91983.9,True,0.4371642541945884,0.4582026713262358,0.015519385329109469,-1.3556218036667995,0
2023-09-07 07:00:00,0.5095,19293.3,True,0.4517642541945883,0.45818554787641763,0.015502235281298148,-0.41421727675465875,0
2023-09-07 08:00:00,0.4981,285007.6,True,0.44036425419458836,0.4581382765403916,0.015508790668769859,-1.1460611420589273,0
2023-09-07 09:00:00,0.5006,589284.4,True,0.4428642541945884,0.4580978690738683,0.015508119860405853,-0.982299273954748,0
2023-09-07 10:00:00,0.4948,49676.2,True,0.4370642541945884,0.4580423714092791,0.015525232687753776,-1.351227233536935,0
2023-09-07 11:00:00,0.5006,1046333.3,True,0.4428642541945884,0.45800242899555627,0.015524275508561529,-0.9751292285826321,0
2023-09-07 12:00:00,0.5021,459608.4,True,0.44436425419458836,0.45796663326117054,0.015519571507779273,-0.8764661485508097,0
2023-09-07 13:00:00,0.54,348343.2,True,0.4822642541945884,0.45803023959869255,0.015548968184338471,1.5585609481345075,0
2023-09-07 14:00:00,0.4947,692329.4,True,0.43696425419458834,0.45797523702583587,0.015565866122960006,-1.3498113542333408,0
2023-09-07 15:00:00,0.5041,21779.4,True,0.44636425419458836,0.45794500009137956,0.015556819776600513,-0.7444160222393367,0
2023-09-07 16:00:00,0.55,276353.8,True,0.4922642541945884,0.45803414101112816,0.01563469363227417,2.189368975724615,-1
2023-09-07 17:00:00,0.47,1872494.8,True,0.41226425419458834,0.4579155661748159,0.015787206315684876,-2.8916650018611674,1
2023-09-07 18:00:00,0.5506,137872.6,True,0.49286425419458835,0.45800587286220545,0.015866514887679595,2.196977822738537,-1
2023-09-07 19:00:00,0.4989,16634.7,True,0.4411642541945884,0.45796246662852597,0.015869052230520472,-1.0585517137331042,0
2023-09-07 20:00:00,0.4989,159081.2,True,0.4411642541945884,0.45791928356314315,0.01587145799251991,-1.055670460549452,0
2023-09-07 21:00:00,0.4989,332491.3,True,0.4411642541945884,0.4578763219493776,0.0158737341509906,-1.0528126271880591,0
2023-09-07 22:00:00,0.5559,4141.0,True,0.4981642541945883,0.45797936013926305,0.015983758652076383,2.514107909787853,-1
2023-09-07 23:00:00,0.51,5718.8,True,0.4522642541945884,0.4579647807873634,0.015965915578859863,-0.3570435133906748,0
2023-09-08 00:00:00,0.5559,3074.9,True,0.4981642541945883,0.4580670695237685,0.016073958187822045,2.4945432980657016,-1
2023-09-08 01:00:00,0.51,478526.1,True,0.4522642541945884,0.45805234156608027,0.016056156451422582,-0.36049021999776687,0
2023-09-08 02:00:00,0.5555,20385.1,True,0.49776425419458836,0.4581528780537473,0.016159775403138732,2.4512330866397605,-1
2023-09-08 03:00:00,0.5555,52658.3,True,0.49776425419458836,0.45825290678137576,0.016261596075127813,2.4297336639449183,-1
2023-09-08 04:00:00,0.5555,196632.9,True,0.49776425419458836,0.458352431585943,0.016361665242495944,2.408790427167616,-1
2023-09-08 05:00:00,0.5555,207451.7,True,0.49726220423106304,0.4584501948337951,0.01645702639144325,2.358385316647972,-1
2023-09-08 06:00:00,0.4998,30331.1,True,0.44156220423106307,0.4584078690428108,0.016458068795618005,-1.023550516220524,0
2023-09-08 07:00:00,0.4998,280.1,True,0.4302158750553909,0.4583373890578422,0.016497761440706447,-1.7045654408036552,0
2023-09-08 08:00:00,0.5324,41516.2,True,0.46281587505539085,0.4583485573521005,0.016478644036222345,0.2710974090750766,0
2023-09-08 09:00:00,0.4992,649.6,True,0.42961587505539084,0.4582770830180291,0.016520356753440584,-1.7349024836687736,0
2023-09-08 10:00:00,0.5027,605655.3,True,0.4331158750553909,0.4582146482588166,0.016547332422720242,-1.516786667618034,0
2023-09-08 11:00:00,0.5027,445666.8,True,0.4331158750553909,0.4581525225825705,0.016573896609983048,-1.5106071985569849,0
2023-09-08 12:00:00,0.4949,41861.8,True,0.42531587505539087,0.45807144444052805,0.016633593942571807,-1.969241854660345,1
2023-09-08 13:00:00,0.4949,1121.0,True,0.42531587505539087,0.45799076569820013,0.016692392694473125,-1.9574719598843349,1
2023-09-08 14:00:00,0.501,19470.1,True,0.43141587505539086,0.4579254711265962,0.016723781703439855,-1.5851436320621597,0
2023-09-08 15:00:00,0.4949,63796.1,True,0.42531587505539087,0.45784554564602953,0.016781061518200833,-1.9384751408816896,1
2023-09-08 16:00:00,0.4949,131474.5,True,0.42531587505539087,0.45776601099910863,0.01683748958714545,-1.9272549969974002,1
2023-09-08 17:00:00,0.54,237529.3,True,0.4704158750553909,0.45779686432607514,0.016828493378014862,0.7498598030053916,0
2023-09-08 18:00:00,0.5036,551454.8,True,0.4453622042310631,0.457766609678642,0.01681914588615782,-0.7375169661729236,0
2023-09-08 19:00:00,0.5553,8699.7,True,0.49706220423106307,0.4578619873353227,0.01690985832686536,2.3181871863149466,-1
2023-09-08 20:00:00,0.5555,20306.4,True,0.49726220423106304,0.4579573873762324,0.01700023687427577,2.3120158351620055,-1
2023-09-08 21:00:00,0.5033,6792.3,True,0.445062204231063,0.45792623959085765,0.016991466470217605,-0.7570879995757005,0
2023-09-08 22:00:00,0.5554,249421.9,True,0.49716220423106305,0.4580207840839665,0.017079874420194575,2.291669082813469,-1
2023-09-08 23:00:00,0.4912,165962.9,True,0.4329622042310631,0.4579605471131663,0.017103468019926057,-1.461594973193706,0
2023-09-09 00:00:00,0.5002,2068.8,True,0.43061587505539084,0.4578949723600302,0.017135301124707437,-1.5919823705523062,0
2023-09-09 01:00:00,0.5099,10798.5,True,0.4403158750553909,0.4578529171033205,0.01713632740332993,-1.0233839279075523,0
2023-09-09 02:00:00,0.5041,9753.0,True,0.43451587505539085,0.45779722010559276,0.017153745923216494,-1.3572163861126159,0
2023-09-09 03:00:00,0.4912,799617.8,True,0.4216158750553909,0.4577110740459494,0.017223983564179146,-2.0956359402029383,1
2023-09-09 04:00:00,0.4999,479.8,True,0.441561794238358,0.45767271471148957,0.01722146157428262,-0.935514120194684,0
2023-09-09 05:00:00,0.4959,153954.4,True,0.437561794238358,0.4576250585018376,0.017228832996883228,-1.1645167300135262,0
2023-09-09 06:00:00,0.551,54907.5,True,0.49266179423835804,0.4577078876643353,0.01729252309296275,2.021330628625696,-1
2023-09-09 07:00:00,0.5004,359.7,True,0.44206179423835795,0.4576709865005948,0.017288776245269394,-0.9028511932131617,0
2023-09-09 08:00:00,0.5282,53520.4,True,0.469861794238358,0.4576996707540954,0.01727849852390663,0.7038877520193676,0
2023-09-09 09:00:00,0.5544,41973.0,True,0.496061794238358,0.45778972268715706,0.017357955877273148,2.20487203803247,-1
2023-09-09 10:00:00,0.53,867848.1,True,0.471661794238358,0.4578222099741622,0.01735056265435235,0.797644695443016,0
2023-09-09 11:00:00,0.53,378422.4,True,0.471661794238358,0.457854545451415,0.01734314035963877,0.7961216077726876,0
2023-09-09 12:00:00,0.53,147920.8,True,0.471661794238358,0.45788673018052206,0.017335689560318075,0.7946072182422732,0
2023-09-09 13:00:00,0.5,168085.6,True,0.441661794238358,0.4578489977713543,0.017333141992666938,-0.9338874359792675,0
2023-09-09 14:00:00,0.5,14272.8,True,0.441661794238358,0.45781144045457234,0.01733052413184174,-0.931861384765753,0
2023-09-09 15:00:00,0.5034,7639.1,True,0.44506179423835796,0.4577819273846274,0.017321272670947654,-0.7343648118653824,0
2023-09-09 16:00:00,0.5554,235673.6,True,0.497061794238358,0.45787264301246516,0.017403886892517068,2.251747064774508,-1
2023-09-09 17:00:00,0.5554,184272.7,True,0.497061794238358,0.45796294059593495,0.017485263435770698,2.236103206911717,-1
2023-09-09 18:00:00,0.5034,11070.9,True,0.44506179423835796,0.4579332827882164,0.017476057905238453,-0.7365212806945547,0
2023-09-09 19:00:00,0.5034,3417.6,True,0.44506179423835796,0.45790376102548735,0.01746683975444226,-0.7352198203950066,0
2023-09-09 20:00:00,0.5545,1300.9,True,0.496161794238358,0.4579913080122445,0.017542523128154065,2.175883477380372,-1
2023-09-09 21:00:00,0.5034,58367.9,True,0.44506179423835796,0.45796178857440456,0.01753332766146554,-0.7357413598331366,0
2023-09-09 22:00:00,0.5034,99.0,True,0.44506179423835796,0.4579324036214751,0.017524119892086184,-0.7344511143711951,0
2023-09-09 23:00:00,0.5034,0.0,True,0.44506179423835796,0.4579031522365134,0.017514900188641293,-0.7331676378312039,0
2023-09-10 00:00:00,0.5034,0.0,True,0.44506179423835796,0.45787403351089406,0.01750566891392796,-0.7318908712104318,0
2023-09-10 01:00:00,0.5034,116150.3,True,0.44506179423835796,0.4578450465442141,0.017496426425011247,-0.7306207562238197,0
2023-09-10 02:00:00,0.5034,0.0,True,0.44506179423835796,0.45781619044420085,0.0174871730733186,-0.7293572352928314,0
2023-09-10 03:00:00,0.5034,259.7,True,0.44506179423835796,0.45778746432662015,0.017477909204732488,-0.7281002515344611,0
2023-09-10 04:00:00,0.5033,1779858.8,True,0.44496179423835797,0.4577586425960847,0.01746879950701401,-0.7325545383120668,0
2023-09-10 05:00:00,0.5493,225768.2,True,0.490961794238358,0.4578330891244306,0.017519847748275537,1.8909242585848518,-1
2023-09-10 06:00:00,0.4958,82800.1,True,0.437461794238358,0.45778751575779514,0.017526700658670305,-1.159700386015446,0
2023-09-10 07:00:00,0.4922,12872.4,True,0.433861794238358,0.4577341101294035,0.017543539804671264,-1.360746813746738,0
2023-09-10 08:00:00,0.5,2406.4,True,0.441661794238358,0.4576983143256373,0.017540356633063203,-0.9142641978584855,0
2023-09-10 09:00:00,0.5018,234328.5,True,0.443461794238358,0.45766667761433216,0.017533661533012793,-0.8101492862303091,0
2023-09-10 10:00:00,0.5,432.2,True,0.441661794238358,0.45763119006804404,0.017530376054183987,-0.9109556908720513,0
2023-09-10 11:00:00,0.509,659939.8,True,0.450661794238358,0.4576157710507217,0.017513998397955248,-0.39705249791364483,0
2023-09-10 12:00:00,0.509,100349.3,True,0.450661794238358,0.457600420108531,0.01749766445419387,-0.3965458297784399,0
2023-09-10 13:00:00,0.51,21275.3,True,0.451661794238358,0.4575873394348082,0.01748056276131651,-0.3389790865064776,0
2023-09-10 14:00:00,0.5008,351708.8,True,0.442461794238358,0.4575540964783325,0.01747569256009506,-0.8636168316692102,0
2023-09-10 15:00:00,0.5035,863604.1,True,0.44516179423835794,0.45752692037692905,0.017466121392532327,-0.707949169748576,0
2023-09-10 16:00:00,0.5456,371234.6,True,0.48726179423835797,0.45759198574642884,0.01750231710348671,1.6951931745093616,0
2023-09-10 17:00:00,0.544,159326.3,True,0.48566179423835804,0.457653273537896,0.017532288264767656,1.5975393672226526,0
2023-09-10 18:00:00,0.4993,270318.9,True,0.440961794238358,0.45761690865924776,0.017530458567183608,-0.9500672419412644,0
2023-09-10 19:00:00,0.5239,113723.2,True,0.46556179423835803,0.4576341801496371,0.017515269386789562,0.452611599265504,0
2023-09-10 20:00:00,0.5389,1933837.6,True,0.48056179423835804,0.45768391467043695,0.017528777265228817,1.3051611770607119,0
2023-09-10 21:00:00,0.5389,218878.6,True,0.48056179423835804,0.4577334338902809,0.01754207581324919,1.301348859228809,0
2023-09-10 22:00:00,0.5389,419735.8,True,0.48056179423835804,0.4577827392042077,0.017555167704402876,1.2975697764731295,0
2023-09-10 23:00:00,0.5375,9000.1,True,0.479161794238358,0.45782881475385023,0.01756426317380854,1.214567287759559,0
2023-09-11 00:00:00,0.5375,916361.4,True,0.479161794238358,0.4578746921290857,0.0175731944749317,1.2113393577723435,0
2023-09-11 01:00:00,0.5389,639174.1,True,0.48056179423835804,0.4579233768975605,0.017585720270545526,1.2873181759131471,0
2023-09-11 02:00:00,0.5375,381358.9,True,0.479161794238358,0.4579688553072839,0.017594311695899457,1.204533561606354,0
2023-09-11 03:00:00,0.5417,590382.7,True,0.48336179423835796,0.4580231137238033,0.017614616537132196,1.438503101168277,0
2023-09-11 04:00:00,0.519,2971129.4,True,0.460661794238358,0.45802873990826926,0.01759620928756172,0.14963758881579067,0
2023-09-11 05:00:00,0.519,25539.7,True,0.460661794238358,0.45803434215152483,0.017577859587965698,0.14947508675242863,0
2023-09-11 06:00:00,0.5131,411133.5,True,0.454761794238358,0.45802739406678344,0.01755979723508323,-0.1859702469628186,0
2023-09-11 07:00:00,0.4881,2229309.6,True,0.429761794238358,0.45796750932138425,0.017589328973820567,-1.6035697055303713,0
2023-09-11 08:00:00,0.4871,135175.0,True,0.42685400437696175,0.4579017302411635,0.01762882967938093,-1.7611904152954547,0
2023-09-11 09:00:00,0.4884,25186.4,True,0.4281540043769618,0.4578389713258382,0.01766311240780126,-1.6806192625352596,0
2023-09-11 10:00:00,0.4794,2024432.7,True,0.4191540043769618,0.45775752929015634,0.017733525454562003,-2.1768669186568115,1
2023-09-11 11:00:00,0.4701,176192.9,True,0.40985400437696184,0.4576568916327756,0.017850399569353192,-2.6779729534953995,1
2023-09-11 12:00:00,0.4806,707956.9,True,0.4203540043769618,0.45757868851483896,0.01791325101451365,-2.0780529512882406,1
2023-09-11 13:00:00,0.4806,579390.2,True,0.4203540043769618,0.45750081260660075,0.017975281751027625,-2.0665494284959016,1
2023-09-11 14:00:00,0.4738,1587504.1,True,0.41355400437696177,0.4574090656165597,0.018068391668470185,-2.427170167897464,1
2023-09-11 15:00:00,0.477,461790.7,True,0.41675400437696175,0.45732436757231054,0.018144658239455786,-2.235939782383337,1
2023-09-11 16:00:00,0.4757,265272.5,True,0.4154540043769618,0.45723731900017883,0.018226011220056793,-2.2925100900429958,1
2023-09-11 17:00:00,0.4735,337659.7,True,0.4132540043769618,0.4571460673100892,0.01831694347637809,-2.396254756680968,1
2023-09-11 18:00:00,0.4763,98181.7,True,0.41605400437696183,0.45706099057523797,0.0183932138886446,-2.229462803321859,1
2023-09-11 19:00:00,0.4729,115636.3,True,0.41215195441343644,0.45696820331044086,0.018487208235542642,-2.424176129029736,1
2023-09-11 20:00:00,0.4755,219329.4,True,0.4147519544134365,0.4568811594982821,0.01856732024361416,-2.2689976007353616,1
2023-09-11 21:00:00,0.4739,365563.3,True,0.41315195441343644,0.4567911817100417,0.018653933176822367,-2.339411580546845,1
2023-09-11 22:00:00,0.4733,64700.4,True,0.4125519544134365,0.4567003414075846,0.01874225017701881,-2.3555542465376713,1
2023-09-11 23:00:00,0.4851,100452.8,True,0.4243519544134364,0.4566340537293179,0.018780174215004504,-1.7189456789005486,0
2023-09-12 00:00:00,0.477,654649.9,True,0.41625195441343643,0.45655147274912183,0.01884958889073573,-2.137952109687229,1
2023-09-12 01:00:00,0.4747,483782.5,True,0.41395195441343646,0.4564645349566,0.018928389003071026,-2.2459692970313587,1
2023-09-12 02:00:00,0.4725,455742.4,True,0.4117519544134365,0.4563734706377748,0.019016425512910797,-2.3464723269913934,1
2023-09-12 03:00:00,0.4759,55803.1,True,0.41515195441343644,0.4562896870682132,0.019087734781104166,-2.155191966283025,1
2023-09-12 04:00:00,0.4794,29032.0,True,0.4186519544134365,0.45621334278290937,0.01914352405195223,-1.9620937225318456,1
2023-09-12 05:00:00,0.48,215756.1,True,0.41925195441343643,0.45613852215867967,0.01919626607617932,-1.9215490970411087,1
2023-09-12 06:00:00,0.4758,76203.0,True,0.41505195441343645,0.45605551899151753,0.01926553923253749,-2.1283372390029096,1
2023-09-12 07:00:00,0.4773,332285.4,True,0.4165519544134365,0.45597587470809403,0.0193276334507885,-2.0397696590758327,1
2023-09-12 08:00:00,0.4735,31966.3,True,0.4127519544134365,0.45588890504955343,0.019405242705197986,-2.222953419931309,1
2023-09-12 09:00:00,0.4758,1087580.4,True,0.41756220423106305,0.45581194380292994,0.01946164027504212,-1.965391356088258,1
2023-09-12 10:00:00,0.4765,130157.0,True,0.41826220423106303,0.45573669382382803,0.01951462288173744,-1.9203286591735842,1
2023-09-12 11:00:00,0.4721,48622.3,True,0.41386220423106307,0.45565294484464247,0.019584797283265724,-2.1338357507170933,1
2023-09-12 12:00:00,0.4836,139083.0,True,0.425362204231063,0.4555924842845356,0.0196119491943282,-1.5414214953307748,0
2023-09-12 13:00:00,0.4827,30122.1,True,0.42446220423106307,0.45553047177446887,0.019641570618130856,-1.5817608554545595,0
2023-09-12 14:00:00,0.483,437089.0,True,0.42476220423106303,0.4554693022564899,0.019669897505661747,-1.5611214047550679,0
2023-09-12 15:00:00,0.4793,82241.2,True,0.42106220423106305,0.4554010342048522,0.01971001214762657,-1.742202374944965,0
2023-09-12 16:00:00,0.4864,298440.3,True,0.42816220423106305,0.45534709592767636,0.019727721401237037,-1.378004643501741,0
2023-09-12 17:00:00,0.4565,1155013.3,True,0.39826220423106307,0.4552342799361811,0.019870893813603484,-2.867111879291274,1
2023-09-12 18:00:00,0.4879,708917.8,True,0.42966220423106305,0.45518384191703887,0.01988370903635834,-1.2835451192384806,0
2023-09-12 19:00:00,0.4731,17837.3,True,0.41486220423106307,0.4551044686145074,0.019944486458913824,-2.0177137409050085,1
2023-09-12 20:00:00,0.49,549988.0,True,0.43176220423106304,0.455058609548921,0.019951690606232135,-1.1676406665298371,0
2023-09-12 21:00:00,0.49,14134.1,True,0.43176220423106304,0.4550129303228076,0.019958758904977284,-1.1649384714971593,0
2023-09-12 22:00:00,0.4854,953321.2,True,0.42716220423106305,0.45495842792341085,0.01997720966399445,-1.391396704538062,0
2023-09-12 23:00:00,0.4846,114733.2,True,0.426362204231063,0.45490257592401173,0.01999762651730456,-1.4271879549431452,0
2023-09-13 00:00:00,0.4814,33061.9,True,0.42316220423106304,0.4548407038544348,0.0200271776401149,-1.5817755348571436,0
2023-09-13 01:00:00,0.4834,690310.0,True,0.42516220423106305,0.454782963582794,0.02005042745702182,-1.4773131104173816,0
2023-09-13 02:00:00,0.484,106942.9,True,0.42626425419458835,0.4547275874480597,0.020070295406970015,-1.4181820783557866,0
2023-09-13 03:00:00,0.4848,46711.8,True,0.4270642541945884,0.4546739763371033,0.020087748786011776,-1.3744557658815977,0
2023-09-13 04:00:00,0.4831,75885.2,True,0.42536425419458834,0.45461728441806554,0.020109631143621895,-1.4546776126600054,0
2023-09-13 05:00:00,0.4776,17967.0,True,0.4198642541945884,0.45455019362612836,0.02014811835666244,-1.7215473334794198,0
2023-09-13 06:00:00,0.475,111931.3,True,0.41726425419458835,0.454478351738977,0.020195090609614413,-1.8427299121238843,1
2023-09-13 07:00:00,0.4786,500361.3,True,0.4208642541945884,0.45441370924369934,0.020229403395645097,-1.6584500488201908,0
2023-09-13 08:00:00,0.4727,790856.8,True,0.4149642541945884,0.4543379905199966,0.020283708875421545,-1.941150731714491,1
2023-09-13 09:00:00,0.4828,224459.4,True,0.4250642541945884,0.4542819105653503,0.020304699575849575,-1.4389602890511812,0
2023-09-13 10:00:00,0.4785,850809.3,True,0.42076425419458835,0.45421782326827426,0.02033811866563154,-1.6448703847036534,0
2023-09-13 11:00:00,0.4846,286122.4,True,0.42686425419458834,0.45416562180057635,0.020353772879363848,-1.3413418616687098,0
2023-09-13 12:00:00,0.4755,164619.2,True,0.41776425419458835,0.45409628586227924,0.02039630824966012,-1.7813043038460805,0
2023-09-13 13:00:00,0.4838,109685.7,True,0.4260642541945884,0.4540429930264091,0.02041349793248137,-1.3705999297308946,0
2023-09-13 14:00:00,0.4857,67514.5,True,0.4279642541945884,0.45399350775348346,0.020425699138745555,-1.2743384391440546,0
2023-09-13 15:00:00,0.4803,739091.5,True,0.4225642541945884,0.45393398265204615,0.020452098829446055,-1.5338146328675564,0
2023-09-13 16:00:00,0.4877,29260.7,True,0.4299642541945884,0.45388867125609633,0.02045928238254843,-1.1693673616781026,0
2023-09-13 17:00:00,0.4783,207575.7,True,0.42056425419458837,0.4538257949974897,0.02049112684815514,-1.6232167732589067,0
2023-09-13 18:00:00,0.4857,34673.8,True,0.4279642541945884,0.4537770915308176,0.020502526379315975,-1.2590076392863727,0
2023-09-13 19:00:00,0.4843,305759.1,True,0.4265642541945884,0.45372593958093743,0.020517162359435577,-1.323851949431874,0
2023-09-13 20:00:00,0.4865,32157.6,True,0.42876425419458836,0.453679107150569,0.02052636599231469,-1.2137975599435906,0
2023-09-13 21:00:00,0.4868,839721.1,True,0.4290642541945884,0.4536330119203144,0.020534747068546428,-1.1964480323869484,0
2023-09-13 22:00:00,0.4882,13661.6,True,0.4304642541945884,0.45358970583110747,0.020539949618542788,-1.1258767458534653,0
2023-09-13 23:00:00,0.4874,53941.8,True,0.42966425419458837,0.45354506879447215,0.020546749451728918,-1.162267280086696,0
2023-09-14 00:00:00,0.4889,3877.9,True,0.43116425419458837,0.45350339129987277,0.020550281281351113,-1.0870477537237717,0
2023-09-14 01:00:00,0.4859,738443.9,True,0.42816425419458837,0.4534562925320191,0.020560181680517188,-1.2301466363693385,0
2023-09-14 02:00:00,0.4859,7975.9,True,0.42816425419458837,0.45340936852768243,0.020569933095545626,-1.227282277284647,0
2023-09-14 03:00:00,0.4818,1127101.0,True,0.4240642541945884,0.4533550257233619,0.020589604903941704,-1.4225999802048679,0
2023-09-14 04:00:00,0.4859,31713.8,True,0.42816425419458837,0.4533084623748799,0.020599022739659644,-1.220650537555888,0
2023-09-14 05:00:00,0.4859,314723.4,True,0.42816425419458837,0.453262070846872,0.020608296660039067,-1.2178501244574007,0
2023-09-14 06:00:00,0.4985,432923.9,True,0.44076425419458837,0.4532390546099433,0.02059626085269347,-0.6056827743917186,0
2023-09-14 07:00:00,0.4795,65707.0,True,0.42176425419458835,0.45318119652094446,0.02062148894886411,-1.5235050390523157,0
2023-09-14 08:00:00,0.4815,68080.0,True,0.42376425419458835,0.45312722047997867,0.02064102504000456,-1.4225536875461213,0
2023-09-14 09:00:00,0.4787,1130060.0,True,0.4209642541945884,0.4530683139483204,0.020667964990809497,-1.5533246629751827,0
2023-09-14 10:00:00,0.4842,647268.9,True,0.4264642541945884,0.45301967764164086,0.020680337207097395,-1.2840904469361736,0
2023-09-14 11:00:00,0.4863,165728.2,True,0.4285642541945884,0.4529750509565185,0.02068781896292049,-1.1799598984157043,0
2023-09-14 12:00:00,0.4871,49954.0,True,0.42936425419458835,0.45293204404074083,0.020693484117166733,-1.1388990714522216,0
2023-09-14 13:00:00,0.486,292241.4,True,0.42826425419458836,0.45288719351374784,0.02070136825822939,-1.1894353557703201,0
2023-09-14 14:00:00,0.4964,101928.9,True,0.4386642541945884,0.45286138055672576,0.020691413875349243,-0.6861361165391967,0
2023-09-14 15:00:00,0.4992,437975.5,True,0.44146425419458835,0.45284073358867843,0.02067831981706713,-0.5501645924201423,0
2023-09-14 16:00:00,0.4914,74081.4,True,0.43366425419458837,0.45280605641075056,0.02067566859395616,-0.9258129733109405,0
2023-09-14 17:00:00,0.4501,760720.6,True,0.39236425419458837,0.4526969556847287,0.020815967200757075,-2.8983856915351986,1
2023-09-14 18:00:00,0.5132,482731.0,True,0.45546425419458836,0.4527019418081698,0.02079750346857678,0.1328194218403265,0
2023-09-14 19:00:00,0.53,89714.8,True,0.4722642541945884,0.4527371258232533,0.02079531405880117,0.9390157953912045,0
2023-09-14 20:00:00,0.4885,450234.1,True,0.43076425419458836,0.4526976772206884,0.02079745433823962,-1.0546205641029696,0
2023-09-14 21:00:00,0.53,3373.2,True,0.4722642541945884,0.4527327427708208,0.02079528017014059,0.9392280971435228,0
2023-09-14 22:00:00,0.5399,403500.0,True,0.4821642541945884,0.4527853930595932,0.02081389598948302,1.4115022555046859,0
2023-09-14 23:00:00,0.4501,197265.3,True,0.39236425419458837,0.45267749816876285,0.020951429795809835,-2.8787173267877297,1
2023-09-15 00:00:00,0.5399,212080.1,True,0.4821642541945884,0.45273005923119747,0.020969702054772138,1.4036534656768058,0
2023-09-15 01:00:00,0.5399,220295.7,True,0.4821642541945884,0.45278243324358786,0.020987762185616793,1.3999501562456398,0
2023-09-15 02:00:00,0.5399,28145.8,True,0.4821642541945884,0.4528346212026482,0.021005612479127904,1.3962760200914588,0
2023-09-15 03:00:00,0.5399,7218.1,True,0.4821642541945884,0.45288662409802405,0.021023255194671426,1.392630676146913,0
2023-09-15 04:00:00,0.5399,609881.0,True,0.4821642541945884,0.45293844291235424,0.02104069256074942,1.3890137502771067,0
2023-09-15 05:00:00,0.4982,536178.9,True,0.44046425419458834,0.4529164037096727,0.021028602087905773,-0.5921529858727967,0
2023-09-15 06:00:00,0.54,65442.1,True,0.4822642541945884,0.45296816358707104,0.021046136726469114,1.3919937415721777,0
2023-09-15 07:00:00,0.5382,514453.4,True,0.4804642541945884,0.4530165721972956,0.0210591956060752,1.3033585190392858,0
2023-09-15 08:00:00,0.4967,221476.2,True,0.43896425419458834,0.4529918756805949,0.02104889477196747,-0.6664303108535792,0
2023-09-15 09:00:00,0.5444,278849.4,True,0.48666425419458836,0.4530509500288651,0.021077630030296005,1.5947383134351005,0
2023-09-15 10:00:00,0.4926,38762.5,True,0.43486425419458835,0.4530190994232008,0.021072881390087533,-0.8615264753092707,0
2023-09-15 11:00:00,0.49,36404.4,True,0.43226425419458836,0.4529828147287452,0.021072297310595633,-0.9832131840574906,0
2023-09-15 12:00:00,0.4859,37625.8,True,0.42816425419458837,0.4529395013595756,0.021079383119961218,-1.1753307496710477,0
2023-09-15 13:00:00,0.4874,22173.5,True,0.42966425419458837,0.45289895214848686,0.02108337549978624,-1.1020388056046366,0
2023-09-15 14:00:00,0.4859,51899.9,True,0.42816425419458837,0.45285593528248,0.021090242440824462,-1.170763264441943,0
2023-09-15 15:00:00,0.4879,167045.6,True,0.43016425419458837,0.4528165400028136,0.02109309624092339,-1.0739194260289193,0
2023-09-15 16:00:00,0.5159,633417.7,True,0.4581642541945884,0.45282580813832785,0.02107595416711641,0.25329558101762323,0
2023-09-15 17:00:00,0.5444,352409.9,True,0.48666425419458836,0.45288435216264666,0.021104668821023957,1.6005890600989192,0
2023-09-15 18:00:00,0.5444,54727.2,True,0.48666425419458836,0.4529426939623565,0.021133083681705786,1.5956762742307942,0
2023-09-15 19:00:00,0.5,163220.7,True,0.44226425419458837,0.4529242828593086,0.02111948118192941,-0.504748604991363,0
2023-09-15 20:00:00,0.5,152115.6,True,0.44226425419458837,0.45290593513355176,0.021105900860892663,-0.5042040616556421,0
2023-09-15 21:00:00,0.5444,20563.1,True,0.48666425419458836,0.45296393911819266,0.021134106492556988,1.5945937950234275,0
2023-09-15 22:00:00,0.5005,85126.9,True,0.4427642541945883,0.4529464439467971,0.021120167182730396,-0.4821074409171632,0
2023-09-15 23:00:00,0.5444,200775.6,True,0.48666425419458836,0.4530041799232488,0.0211481223404171,1.5916341758157087,0
2023-09-16 00:00:00,0.5005,13149.4,True,0.4427642541945883,0.45298667577670415,0.021134249276862305,-0.4836898367290153,0
2023-09-16 01:00:00,0.5005,315505.7,True,0.4427642541945883,0.4529692313712739,0.021120400119110507,-0.4831810533481193,0
2023-09-16 02:00:00,0.5137,257983.9,True,0.4559642541945884,0.452974333624806,0.02110273367913606,0.14168404033542395,0
2023-09-16 03:00:00,0.5528,202396.3,True,0.4950642541945883,0.45304591512237363,0.02115607671557726,1.9861120583513725,-1
2023-09-16 04:00:00,0.5528,212.1,True,0.4950642541945883,0.453117253558829,0.02120886406297979,1.9778051531283145,-1
2023-09-16 05:00:00,0.5528,11273.0,True,0.4950642541945883,0.45318835017007597,0.021261103221292,1.969601651835997,-1
2023-09-16 06:00:00,0.54,25265.4,True,0.4822642541945884,0.4532375479772241,0.021276720158862134,1.3642472148262084,0
2023-09-16 07:00:00,0.4965,555217.8,True,0.43876425419458837,0.4532130998458345,0.021267032652776286,-0.6794011128468336,0
2023-09-16 08:00:00,0.4968,76971.9,True,0.4390642541945884,0.4531892400723923,0.02125700515922492,-0.6644861668895107,0
2023-09-16 09:00:00,0.5528,3621.2,True,0.4950642541945883,0.45325973672916364,0.021308456689838336,1.9618744836344997,-1
2023-09-16 10:00:00,0.5528,21079.1,True,0.4950642541945883,0.4533299964223828,0.02135937977999248,1.9539077539741283,-1
2023-09-16 11:00:00,0.55,17090.2,True,0.4922642541945884,0.45339532235824226,0.021400928949267595,1.8162263857091292,-1
2023-09-16 12:00:00,0.4986,133034.2,True,0.44086425419458836,0.4533743322943165,0.021389117135600526,-0.5848805268781335,0
2023-09-16 13:00:00,0.4986,28972.4,True,0.44086425419458836,0.45335341243127353,0.021377317857885193,-0.5842247525958195,0
2023-09-16 14:00:00,0.4986,130650.0,True,0.44086425419458836,0.4533325624175228,0.021365531143967643,-0.5835711800899807,0
2023-09-16 15:00:00,0.5306,88524.0,True,0.47286425419458833,0.45336511523715123,0.021362575984687156,0.9127709584936864,0
2023-09-16 16:00:00,0.4982,142548.5,True,0.44046425419458834,0.4533436495781786,0.021351252393336472,-0.6032149845978014,0
2023-09-16 17:00:00,0.54,137281.7,True,0.4822642541945884,0.4533916904496344,0.02136602023611221,1.351330918247211,0
2023-09-16 18:00:00,0.536,49266.4,True,0.4782642541945884,0.4534329384823789,0.021372282238352365,1.1618467057135298,0
2023-09-16 19:00:00,0.536,139625.3,True,0.4782642541945884,0.45347404993223356,0.02137844232482525,1.1595888926653817,0
2023-09-16 20:00:00,0.536,440004.6,True,0.4782642541945884,0.4535150254764689,0.021384501473126,1.157344198517884,0
2023-09-16 21:00:00,0.536,260042.0,True,0.4782642541945884,0.4535558657878849,0.02139046064983819,1.1551124966955952,0
2023-09-16 22:00:00,0.54,53767.9,True,0.4822642541945884,0.4536031613206802,0.0214045450629726,1.3390190162690547,0
2023-09-16 23:00:00,0.536,7324.0,True,0.4782642541945884,0.45364372232869643,0.02141027891105183,1.1499398007927413,0
2023-09-17 00:00:00,0.536,10719.2,True,0.4782642541945884,0.45368415013143193,0.021415915801462272,1.1477493790612563,0
2023-09-17 01:00:00,0.493,250113.9,True,0.43526425419458836,0.45365395358071575,0.021411318528025493,-0.8588774839838529,0
2023-09-17 02:00:00,0.54,31318.1,True,0.4822642541945884,0.45370077894996924,0.021425048437248198,1.3331813614460988,0
2023-09-17 03:00:00,0.54,8084.3,True,0.4822642541945884,0.4537474512951402,0.021438622714594305,1.3301602103401646,0
2023-09-17 04:00:00,0.5,27331.0,True,0.44226425419458837,0.4537287185103106,0.021426120787544866,-0.5350695270226702,0
2023-09-17 05:00:00,0.4952,295614.6,True,0.43746425419458834,0.45370222915474756,0.02141869702771622,-0.7581215112733962,0
2023-09-17 06:00:00,0.4945,10620.4,True,0.43676425419458836,0.453674687732048,0.021412144012706764,-0.7897590043960265,0
2023-09-17 07:00:00,0.4966,44547.5,True,0.43886425419458835,0.45365064482046125,0.02140304888034399,-0.6908544062361289,0
2023-09-17 08:00:00,0.4983,59765.3,True,0.4405642541945884,0.4536294351111811,0.021392157593468075,-0.6107462914625335,0
2023-09-17 09:00:00,0.4983,19718.7,True,0.4405642541945884,0.4536082940417368,0.02138127511828161,-0.61006837875611,0
2023-09-17 10:00:00,0.5,84738.3,True,0.44226425419458837,0.45358996764456855,0.021368834355234068,-0.5300108214468922,0
2023-09-17 11:00:00,0.4971,192817.3,True,0.43936425419458836,0.45356702294545564,0.02135920881747381,-0.6649482605951261,0
2023-09-17 12:00:00,0.4986,17220.1,True,0.44086425419458836,0.45354656760125134,0.02134806335192968,-0.5940732514041659,0
2023-09-17 13:00:00,0.5,87541.7,True,0.44226425419458837,0.4535284288337165,0.021335664405135065,-0.5279504975911177,0
2023-09-17 14:00:00,0.4976,345734.8,True,0.43986425419458836,0.4535064959691272,0.02132553446693935,-0.6397139445995214,0
2023-09-17 15:00:00,0.5478,352891.0,True,0.48052530488760725,0.45354979534239404,0.021335846277572422,1.2643280793398401,0
2023-09-17 16:00:00,0.4976,75555.4,True,0.43032530488760734,0.4535126361576664,0.021338974271189897,-1.086618830660697,0
2023-09-17 17:00:00,0.5478,212418.2,True,0.48052530488760725,0.45355578738566943,0.021349212862705916,1.263255824717069,0
2023-09-17 18:00:00,0.4942,808583.0,True,0.43646425419458834,0.4535285281620792,0.021343071346779995,-0.7995228845104972,0
2023-09-17 19:00:00,0.5134,158598.9,True,0.45566425419458834,0.4535319289997106,0.021326214852080853,0.09998610675488244,0
2023-09-17 20:00:00,0.5134,185272.8,True,0.45566425419458834,0.4535353190238678,0.02130939822900632,0.09990592638240924,0
2023-09-17 21:00:00,0.4955,372567.1,True,0.43776425419458836,0.4535102855876309,0.021301721348749553,-0.7391905628305881,0
2023-09-17 22:00:00,0.4959,4880.9,True,0.4381642541945884,0.45348596541109676,0.02129357394507884,-0.7195462469581995,0
2023-09-17 23:00:00,0.4953,56472.7,True,0.4375642541945884,0.453460772830058,0.021286118306057977,-0.7468021368154043,0
2023-09-18 00:00:00,0.4777,54242.8,True,0.4199642541945884,0.4534078557390066,0.02131089961342627,-1.569319087935083,0
2023-09-18 01:00:00,0.4982,165211.9,True,0.44046425419458834,0.4533874399637,0.02130026367020688,-0.6067148261261947,0
2023-09-18 02:00:00,0.5001,279653.4,True,0.4328253048876073,0.45335505864861947,0.02129909491760447,-0.9638791620222135,0
2023-09-18 03:00:00,0.5344,25912.6,True,0.47415400437696176,0.4533877613934754,0.021298291368117502,0.9750191987030652,0
2023-09-18 04:00:00,0.5001,12060.1,True,0.43985400437696176,0.4533665153071073,0.021288295374608805,-0.6347389817910142,0
2023-09-18 05:00:00,0.4973,248559.1,True,0.43705400437696185,0.45334094710815714,0.02128138047273473,-0.7653142028103768,0
2023-09-18 06:00:00,0.4945,263359.3,True,0.4342540043769618,0.45331107708823354,0.021278097002230437,-0.8956192233391028,0
2023-09-18 07:00:00,0.4938,539607.5,True,0.4335540043769618,0.45328020666212215,0.021275779204031998,-0.9271670896745361,0
2023-09-18 08:00:00,0.4923,628099.2,True,0.43115031444261626,0.4532456826492992,0.02127711244686583,-1.0384570867809486,0
2023-09-18 09:00:00,0.4923,85155.5,True,0.43115031444261626,0.4532112661879181,0.02127838560630534,-1.0367775146797151,0
2023-09-18 10:00:00,0.4998,350661.6,True,0.43865031444261626,0.45318862085083367,0.021269560007828096,-0.6835264294544267,0
2023-09-18 11:00:00,0.4975,1096891.9,True,0.43635031444261624,0.45316247441231156,0.021263369364562062,-0.790663026233029,0
2023-09-18 12:00:00,0.5455,531858.2,True,0.4835470345009757,0.4532095822574103,0.021280511302717006,1.4255979009156616,0
2023-09-18 13:00:00,0.545,311367.6,True,0.48304703450097575,0.45325577026397934,0.02129638901241421,1.3988880565447182,0
2023-09-18 14:00:00,0.545,360849.0,True,0.48395072443532133,0.45330321223333225,0.021314087961847663,1.4378993019475335,0
2023-09-18 15:00:00,0.5044,123487.4,True,0.44335072443532125,0.4532878534558662,0.021301198435284104,-0.46650563116132987,0
2023-09-18 16:00:00,0.5003,583918.4,True,0.43925072443532126,0.453266224597591,0.021291886815789626,-0.6582554323873335,0
2023-09-18 17:00:00,0.545,28803.8,True,0.48395072443532133,0.4533134315204183,0.02130949171949597,1.437729877286237,0
2023-09-18 18:00:00,0.545,114612.8,True,0.48395072443532133,0.4533604934142968,0.021326923818133524,1.4343480232725714,0
2023-09-18 19:00:00,0.545,72224.4,True,0.48324785448638585,0.4534063329251436,0.021342657429793292,1.3982102116105266,0
2023-09-18 20:00:00,0.545,53000.6,True,0.48324785448638585,0.45345203203932616,0.0213582331617343,1.3950509024520947,0
2023-09-18 21:00:00,0.545,111021.1,True,0.48324785448638585,0.4534975914008661,0.02137365247960958,1.3919129224123694,0
2023-09-18 22:00:00,0.5033,272433.7,True,0.44225072443532126,0.45348042061160565,0.021361826150023522,-0.5256898964263887,0
2023-09-18 23:00:00,0.5033,709486.4,True,0.44225072443532126,0.4534633021723125,0.02135001564290266,-0.5251789003123574,0
2023-09-19 00:00:00,0.5455,23816.5,True,0.4844507244353213,0.45351046719858806,0.021367962891844942,1.4479741186999875,0
2023-09-19 01:00:00,0.5455,9353.1,True,0.4844507244353213,0.4535574888661211,0.021385736810653404,1.4445719519848668,0
2023-09-19 02:00:00,0.5455,695205.0,True,0.4813380146614643,0.4535996444439592,0.02139686385100791,1.29637550674037,0
2023-09-19 03:00:00,0.5478,1175821.1,True,0.4836380146614643,0.453645157126107,0.02141257063988328,1.4007126019466474,0
2023-09-19 04:00:00,0.5478,30430.0,True,0.4836380146614643,0.4536905320996854,0.02142812199685138,1.3975784983014057,0
2023-09-19 05:00:00,0.5478,667927.3,True,0.4836380146614643,0.4537357699887516,0.021443519348572776,1.3944653480914224,0
2023-09-19 06:00:00,0.5038,740333.5,True,0.4427507244353213,0.4537192012925926,0.0214315638943772,-0.5117907825732193,0
2023-09-19 07:00:00,0.5045,200592.1,True,0.44345072443532124,0.4537037367190123,0.021419102464815844,-0.4786854304718519,0
2023-09-19 08:00:00,0.5478,53182.2,True,0.48675072443532125,0.45375343143738267,0.021441298479747947,1.5389596403923795,0
2023-09-19 09:00:00,0.5477,250854.9,True,0.48042530488760726,0.45379347929541614,0.02145008414139087,1.241572080400439,0
2023-09-19 10:00:00,0.5105,237769.9,True,0.44322530488760725,0.45377763495597406,0.02143788015175064,-0.49222824242279833,0
2023-09-19 11:00:00,0.5061,50315.2,True,0.4388253048876073,0.45375525122832683,0.021429614199547236,-0.6966969261180155,0
2023-09-19 12:00:00,0.5138,500927.9,True,0.44652530488760733,0.4537444441336471,0.0214153924046276,-0.3371004887344403,0
2023-09-19 13:00:00,0.5138,343623.8,True,0.45275072443532133,0.45374296096991823,0.0213994153307424,-0.04636746001052912,0
2023-09-19 14:00:00,0.5478,820312.8,True,0.48675072443532125,0.4537921528677803,0.021421372644793504,1.5385835498992442,0
2023-09-19 15:00:00,0.55,286871.3,True,0.48895072443532134,0.45384447217070817,0.021448328845724327,1.6367826378049737,0
2023-09-19 16:00:00,0.55,207981.4,True,0.48272530488760734,0.453887385740867,0.021461258589775815,1.3437198487733972,0
2023-09-19 17:00:00,0.55,580551.6,True,0.48824785448638586,0.4539383656648218,0.021486110338788993,1.5968217737216461,0
2023-09-19 18:00:00,0.55,477997.4,True,0.48824785448638586,0.45398919453715003,0.021510739297068805,1.5926305217182442,0
2023-09-19 19:00:00,0.55,219916.9,True,0.48824785448638586,0.4540398730281992,0.021535147623812045,1.5884721133911284,0
2023-09-19 20:00:00,0.55,268383.9,True,0.48824785448638586,0.45409040180435606,0.02155933745023316,1.5843461219936696,0
2023-09-19 21:00:00,0.55,45626.9,True,0.48824785448638586,0.4541407815280758,0.021583310880046398,1.5802521285018314,0
2023-09-19 22:00:00,0.55,42666.0,True,0.48824785448638586,0.45419101285791136,0.021607069989937312,1.5761897214354008,0
2023-09-19 23:00:00,0.55,7359.0,True,0.48824785448638586,0.45424109644854144,0.021630616830023923,1.572158496684295,0
2023-09-20 00:00:00,0.55,69634.2,True,0.48824785448638586,0.4542910329507997,0.021653953424307766,1.5681580573396698,0
2023-09-20 01:00:00,0.55,231493.4,True,0.48824785448638586,0.45434082301170226,0.02167708177111516,1.5641880135297974,0
2023-09-20 02:00:00,0.55,115230.2,True,0.48824785448638586,0.4543904672744764,0.021700003843528902,1.5602479822604256,0
2023-09-20 03:00:00,0.55,136182.4,True,0.48824785448638586,0.4544399663785873,0.02172272158981069,1.556337587259626,0
2023-09-20 04:00:00,0.55,55480.0,True,0.48272530488760734,0.454481258843564,0.021733723254411585,1.299549355323197,0
2023-09-20 05:00:00,0.55,262755.5,True,0.48272530488760734,0.45452243092234546,0.021744609070856787,1.2970053346721597,0
2023-09-20 06:00:00,0.51,91010.7,True,0.4427253048876073,0.4545052589776078,0.021733415506126424,-0.5420203780984099,0
2023-09-20 07:00:00,0.55,174174.7,True,0.48272530488760734,0.4545462764861979,0.02174422506193135,1.2959316012021886,0
2023-09-20 08:00:00,0.552,567367.4,True,0.48472530488760734,0.4545900776885221,0.021758813743214908,1.3849664579477527,0
2023-09-20 09:00:00,0.5528,66388.5,True,0.48552530488760726,0.45463491135112954,0.021774888417495235,1.4186246535095233,0
2023-09-20 10:00:00,0.55,55686.6,True,0.48272530488760734,0.45467556315074814,0.02178532815606407,1.2875519494550922,0
2023-09-20 11:00:00,0.51,50200.8,True,0.4427253048876073,0.4546582939914084,0.021774298205559692,-0.5480309395576387,0
2023-09-20 12:00:00,0.5091,977453.6,True,0.4473478544863858,0.45464774501665367,0.02176033169296048,-0.33546779678130517,0
2023-09-20 13:00:00,0.55,424269.6,True,0.48824785448638586,0.45469616015998177,0.02178199970051271,1.5403404089485109,0
2023-09-20 14:00:00,0.55,95868.1,True,0.48895072443532134,0.454745447302824,0.021805049118990227,1.5686860848530544,0
2023-09-20 15:00:00,0.55,256944.6,True,0.48895072443532134,0.45479459281594536,0.021827897004278587,1.5647925960380367,0
2023-09-20 16:00:00,0.5528,749591.6,True,0.49175072443532125,0.45484761452558586,0.02185708123534506,1.6883823376224367,0
2023-09-20 17:00:00,0.52,152651.7,True,0.4589507244353213,0.45485349290654536,0.02184194835647111,0.18758544164225444,0
2023-09-20 18:00:00,0.5169,129480.9,True,0.4558507244353213,0.454854919561093,0.021826329245247633,0.045624019643393195,0
2023-09-20 19:00:00,0.553,43977.4,True,0.49195072443532134,0.45490791356805615,0.021855730938114767,1.694878609740994,0
2023-09-20 20:00:00,0.5118,333357.1,True,0.4507507244353213,0.4549019831983946,0.021840678527543986,-0.19007004557289625,0
2023-09-20 21:00:00,0.553,829570.2,True,0.49195072443532134,0.4549547591830626,0.02186984325764564,1.6916429082922229,0
2023-09-20 22:00:00,0.55,47856.9,True,0.48895072443532134,0.4550031175973617,0.02189184117969499,1.5506967440201684,0
2023-09-20 23:00:00,0.55,485571.2,True,0.48895072443532134,0.45505133862980196,0.021913648117953086,1.5469530962189173,0
2023-09-21 00:00:00,0.55,229732.7,True,0.48895072443532134,0.45509942286498706,0.021935265812794976,1.5432364421400633,0
2023-09-21 01:00:00,0.55,55843.7,True,0.48895072443532134,0.4551473708842086,0.021956695983628843,1.539546458916993,0
2023-09-21 02:00:00,0.55,158340.7,True,0.48895072443532134,0.455195183265469,0.021977940329229548,1.5358828290637951,0
2023-09-21 03:00:00,0.55,110774.3,True,0.48895072443532134,0.4552428605835055,0.02199900052806537,1.5322452403604798,0
2023-09-21 04:00:00,0.51,898270.8,True,0.4489507244353213,0.45523398592039094,0.021984729043494286,-0.28580117920211423,0
2023-09-21 05:00:00,0.51,82437.1,True,0.4489507244353213,0.4552251362563275,0.021970485011083327,-0.28558367363492293,0
2023-09-21 06:00:00,0.553,676137.4,True,0.49195072443532134,0.45527678968555246,0.021998167012778538,1.6671359358470785,0
2023-09-21 07:00:00,0.55,52660.8,True,0.48895072443532134,0.4553240845377291,0.02201888593351401,1.5271726280397573,0
2023-09-21 08:00:00,0.51,38620.5,True,0.4489507244353213,0.45531514574375664,0.022004712336585238,-0.28922992543982484,0
2023-09-21 09:00:00,0.5103,544781.5,True,0.44925072443532127,0.4553066521564899,0.021990447039420657,-0.275389022802157,0
2023-09-21 10:00:00,0.5155,1226868.7,True,0.45445072443532125,0.45530545505478204,0.02197506548449126,-0.03889547542254224,0
2023-09-21 11:00:00,0.5019,136597.3,True,0.4408507244353213,0.4552852668835257,0.02196633624686046,-0.6571210731724765,0
2023-09-21 12:00:00,0.5044,522724.2,True,0.44335072443532125,0.45526862177550875,0.021955515692968802,-0.542820196384828,0
2023-09-21 13:00:00,0.4944,235742.8,True,0.4326478544863859,0.45523711652858795,0.021956434920897692,-1.0288219432519106,0
2023-09-21 14:00:00,0.5003,66157.2,True,0.4385478544863858,0.4552139047594055,0.021949965697226112,-0.759274547528147,0
2023-09-21 15:00:00,0.5047,18941385.2,True,0.445528391298906,0.455200452657377,0.021937665916970363,-0.44088835134411475,0
