index,date,open,high,low,close,volume,complete
0,2023-07-22 22:00:00,0.761,0.761,0.761,0.761,7.8,True
1,2023-07-22 23:00:00,0.761,0.761,0.761,0.761,0.0,True
2,2023-07-23 00:00:00,0.761,0.761,0.761,0.761,0.0,True
3,2023-07-23 01:00:00,0.761,0.761,0.761,0.761,0.0,True
4,2023-07-23 02:00:00,0.761,0.761,0.761,0.761,0.0,True
5,2023-07-23 03:00:00,0.761,0.761,0.761,0.761,0.0,True
6,2023-07-23 04:00:00,0.798,0.848,0.798,0.848,131.4,True
7,2023-07-23 05:00:00,0.848,0.848,0.848,0.848,0.0,True
8,2023-07-23 06:00:00,0.848,0.848,0.848,0.848,0.0,True
9,2023-07-23 07:00:00,0.848,0.848,0.848,0.848,0.0,True
10,2023-07-23 08:00:00,0.848,0.848,0.848,0.848,0.0,True
11,2023-07-23 09:00:00,0.848,0.855,0.848,0.855,5425.7,True
12,2023-07-23 10:00:00,0.855,0.855,0.855,0.855,0.0,True
13,2023-07-23 11:00:00,0.855,0.855,0.855,0.855,3277.3,True
14,2023-07-23 12:00:00,0.855,0.855,0.855,0.855,0.0,True
15,2023-07-23 13:00:00,0.855,0.855,0.855,0.855,0.0,True
16,2023-07-23 14:00:00,0.855,0.855,0.855,0.855,0.0,True
17,2023-07-23 15:00:00,0.855,0.855,0.855,0.855,0.0,True
18,2023-07-23 16:00:00,0.855,0.855,0.855,0.855,0.0,True
19,2023-07-23 17:00:00,0.855,0.855,0.855,0.855,0.0,True
20,2023-07-23 18:00:00,0.855,0.855,0.855,0.855,0.0,True
21,2023-07-23 19:00:00,0.855,0.855,0.855,0.855,0.0,True
22,2023-07-23 20:00:00,0.855,0.855,0.855,0.855,0.0,True
23,2023-07-23 21:00:00,0.761,0.761,0.761,0.761,1249.6,True
24,2023-07-23 22:00:00,0.761,0.761,0.761,0.761,877.9,True
25,2023-07-23 23:00:00,0.761,0.761,0.761,0.761,0.0,True
26,2023-07-24 00:00:00,0.761,0.761,0.761,0.761,0.0,True
27,2023-07-24 01:00:00,0.761,0.761,0.761,0.761,0.0,True
28,2023-07-24 02:00:00,0.761,0.761,0.761,0.761,0.0,True
29,2023-07-24 03:00:00,0.761,0.761,0.761,0.761,0.0,True
30,2023-07-24 04:00:00,0.761,0.761,0.761,0.761,0.0,True
31,2023-07-24 05:00:00,0.761,0.761,0.761,0.761,0.0,True
32,2023-07-24 06:00:00,0.855,0.855,0.761,0.855,6617.8,True
33,2023-07-24 07:00:00,0.822,0.855,0.761,0.855,18417.8,True
34,2023-07-24 08:00:00,0.855,0.855,0.855,0.855,0.0,True
35,2023-07-24 09:00:00,0.822,0.855,0.761,0.761,12159.2,True
36,2023-07-24 10:00:00,0.761,0.761,0.761,0.761,0.0,True
37,2023-07-24 11:00:00,0.761,0.761,0.761,0.761,131.4,True
38,2023-07-24 12:00:00,0.761,0.761,0.761,0.761,0.0,True
39,2023-07-24 13:00:00,0.761,0.761,0.761,0.761,0.0,True
40,2023-07-24 14:00:00,0.761,0.761,0.761,0.761,0.0,True
41,2023-07-24 15:00:00,0.855,0.855,0.761,0.855,2149.5,True
42,2023-07-24 16:00:00,0.855,0.855,0.761,0.761,14.0,True
43,2023-07-24 17:00:00,0.855,0.855,0.761,0.761,15101.7,True
44,2023-07-24 18:00:00,0.855,0.855,0.761,0.761,519.8,True
45,2023-07-24 19:00:00,0.761,0.761,0.761,0.761,1262.4,True
46,2023-07-24 20:00:00,0.761,0.761,0.761,0.761,0.0,True
47,2023-07-24 21:00:00,0.761,0.761,0.761,0.761,0.0,True
48,2023-07-24 22:00:00,0.761,0.761,0.761,0.761,0.0,True
49,2023-07-24 23:00:00,0.761,0.761,0.761,0.761,0.0,True
50,2023-07-25 00:00:00,0.761,0.761,0.761,0.761,0.0,True
51,2023-07-25 01:00:00,0.761,0.855,0.761,0.855,26.2,True
52,2023-07-25 02:00:00,0.761,0.855,0.761,0.855,12.4,True
53,2023-07-25 03:00:00,0.855,0.855,0.855,0.855,0.0,True
54,2023-07-25 04:00:00,0.855,0.855,0.855,0.855,0.0,True
55,2023-07-25 05:00:00,0.855,0.855,0.855,0.855,0.0,True
56,2023-07-25 06:00:00,0.855,0.855,0.855,0.855,0.0,True
57,2023-07-25 07:00:00,0.855,0.855,0.855,0.855,0.0,True
58,2023-07-25 08:00:00,0.855,0.855,0.761,0.761,450.3,True
59,2023-07-25 09:00:00,0.855,0.855,0.761,0.761,4862.3,True
60,2023-07-25 10:00:00,0.761,0.761,0.761,0.761,78.8,True
61,2023-07-25 11:00:00,0.855,0.855,0.761,0.761,30504.2,True
62,2023-07-25 12:00:00,0.761,0.761,0.761,0.761,0.0,True
63,2023-07-25 13:00:00,0.761,0.761,0.761,0.761,0.0,True
64,2023-07-25 14:00:00,0.819,0.855,0.761,0.855,167.8,True
65,2023-07-25 15:00:00,0.761,0.855,0.761,0.855,5908.6,True
66,2023-07-25 16:00:00,0.761,0.761,0.761,0.761,16590.6,True
67,2023-07-25 17:00:00,0.855,0.855,0.761,0.761,15358.7,True
68,2023-07-25 18:00:00,0.761,0.761,0.761,0.761,0.0,True
69,2023-07-25 19:00:00,0.761,0.761,0.761,0.761,0.0,True
70,2023-07-25 20:00:00,0.761,0.761,0.761,0.761,0.0,True
71,2023-07-25 21:00:00,0.761,0.761,0.761,0.761,0.0,True
72,2023-07-25 22:00:00,0.761,0.761,0.761,0.761,0.0,True
73,2023-07-25 23:00:00,0.855,0.855,0.855,0.855,16425.7,True
74,2023-07-26 00:00:00,0.852,0.855,0.763,0.763,5913.3,True
75,2023-07-26 01:00:00,0.855,0.872,0.763,0.763,19656.4,True
76,2023-07-26 02:00:00,0.872,0.874,0.872,0.874,5687.7,True
77,2023-07-26 03:00:00,0.874,0.874,0.874,0.874,0.0,True
78,2023-07-26 04:00:00,0.763,0.763,0.763,0.763,26.2,True
79,2023-07-26 05:00:00,0.872,0.894,0.761,0.894,77462.1,True
80,2023-07-26 06:00:00,0.894,0.894,0.894,0.894,0.0,True
81,2023-07-26 07:00:00,0.86,0.86,0.86,0.86,55.9,True
82,2023-07-26 08:00:00,0.86,0.86,0.761,0.836,12455.7,True
83,2023-07-26 09:00:00,0.836,0.836,0.761,0.761,1138.8,True
84,2023-07-26 10:00:00,0.761,0.761,0.761,0.761,19.8,True
85,2023-07-26 11:00:00,0.761,0.761,0.761,0.761,0.0,True
86,2023-07-26 12:00:00,0.761,0.761,0.761,0.761,0.0,True
87,2023-07-26 13:00:00,0.761,0.761,0.761,0.761,0.0,True
88,2023-07-26 14:00:00,0.761,0.761,0.761,0.761,0.0,True
89,2023-07-26 15:00:00,0.761,0.761,0.761,0.761,7653.4,True
90,2023-07-26 16:00:00,0.833,0.833,0.761,0.761,21285.0,True
91,2023-07-26 17:00:00,0.761,0.761,0.761,0.761,0.0,True
92,2023-07-26 18:00:00,0.761,0.761,0.761,0.761,0.0,True
93,2023-07-26 19:00:00,0.761,0.761,0.761,0.761,0.0,True
94,2023-07-26 20:00:00,0.761,0.761,0.761,0.761,0.0,True
95,2023-07-26 21:00:00,0.761,0.761,0.761,0.761,0.0,True
96,2023-07-26 22:00:00,0.761,0.761,0.761,0.761,0.0,True
97,2023-07-26 23:00:00,0.761,0.761,0.761,0.761,0.0,True
98,2023-07-27 00:00:00,0.825,0.825,0.825,0.825,9.0,True
99,2023-07-27 01:00:00,0.825,0.825,0.825,0.825,0.0,True
100,2023-07-27 02:00:00,0.825,0.825,0.825,0.825,0.0,True
101,2023-07-27 03:00:00,0.825,0.825,0.825,0.825,147.8,True
102,2023-07-27 04:00:00,0.825,0.825,0.825,0.825,0.0,True
103,2023-07-27 05:00:00,0.825,0.825,0.825,0.825,0.0,True
104,2023-07-27 06:00:00,0.825,0.825,0.825,0.825,129.5,True
105,2023-07-27 07:00:00,0.825,0.825,0.825,0.825,206.6,True
106,2023-07-27 08:00:00,0.825,0.825,0.825,0.825,0.0,True
107,2023-07-27 09:00:00,0.825,0.825,0.825,0.825,0.0,True
108,2023-07-27 10:00:00,0.825,0.825,0.825,0.825,0.0,True
109,2023-07-27 11:00:00,0.825,0.825,0.825,0.825,0.0,True
110,2023-07-27 12:00:00,0.825,0.825,0.731,0.731,2681.8,True
111,2023-07-27 13:00:00,0.731,0.731,0.731,0.731,0.0,True
112,2023-07-27 14:00:00,0.731,0.731,0.731,0.731,0.0,True
113,2023-07-27 15:00:00,0.731,0.731,0.731,0.731,0.0,True
114,2023-07-27 16:00:00,0.731,0.731,0.731,0.731,0.0,True
115,2023-07-27 17:00:00,0.731,0.731,0.731,0.731,0.0,True
116,2023-07-27 18:00:00,0.731,0.731,0.731,0.731,0.0,True
117,2023-07-27 19:00:00,0.731,0.731,0.731,0.731,0.0,True
118,2023-07-27 20:00:00,0.731,0.731,0.731,0.731,0.0,True
119,2023-07-27 21:00:00,0.731,0.731,0.731,0.731,0.0,True
120,2023-07-27 22:00:00,0.731,0.731,0.731,0.731,0.0,True
121,2023-07-27 23:00:00,0.731,0.731,0.731,0.731,0.0,True
122,2023-07-28 00:00:00,0.782,0.782,0.782,0.782,22.9,True
123,2023-07-28 01:00:00,0.782,0.782,0.782,0.782,0.0,True
124,2023-07-28 02:00:00,0.731,0.731,0.731,0.731,1347.8,True
125,2023-07-28 03:00:00,0.731,0.731,0.731,0.731,0.0,True
126,2023-07-28 04:00:00,0.731,0.731,0.731,0.731,0.0,True
127,2023-07-28 05:00:00,0.731,0.731,0.731,0.731,8.2,True
128,2023-07-28 06:00:00,0.731,0.731,0.731,0.731,0.0,True
129,2023-07-28 07:00:00,0.731,0.731,0.731,0.731,0.0,True
130,2023-07-28 08:00:00,0.731,0.731,0.731,0.731,1356.9,True
131,2023-07-28 09:00:00,0.731,0.731,0.731,0.731,0.0,True
132,2023-07-28 10:00:00,0.731,0.731,0.731,0.731,0.0,True
133,2023-07-28 11:00:00,0.731,0.731,0.731,0.731,0.0,True
134,2023-07-28 12:00:00,0.731,0.731,0.731,0.731,6570.3,True
135,2023-07-28 13:00:00,0.731,0.731,0.731,0.731,0.0,True
136,2023-07-28 14:00:00,0.731,0.731,0.731,0.731,0.0,True
137,2023-07-28 15:00:00,0.731,0.731,0.731,0.731,0.0,True
138,2023-07-28 16:00:00,0.731,0.731,0.731,0.731,0.0,True
139,2023-07-28 17:00:00,0.731,0.731,0.731,0.731,0.0,True
140,2023-07-28 18:00:00,0.792,0.792,0.731,0.731,1987.7,True
141,2023-07-28 19:00:00,0.731,0.731,0.731,0.731,0.0,True
142,2023-07-28 20:00:00,0.731,0.731,0.731,0.731,0.0,True
143,2023-07-28 21:00:00,0.731,0.792,0.731,0.792,2912.6,True
144,2023-07-28 22:00:00,0.792,0.792,0.792,0.792,0.0,True
145,2023-07-28 23:00:00,0.792,0.792,0.792,0.792,0.0,True
146,2023-07-29 00:00:00,0.83,0.83,0.83,0.83,404.0,True
147,2023-07-29 01:00:00,0.732,0.85,0.732,0.85,17401.9,True
148,2023-07-29 02:00:00,0.85,0.85,0.85,0.85,0.0,True
149,2023-07-29 03:00:00,0.85,0.85,0.85,0.85,0.0,True
150,2023-07-29 04:00:00,0.85,0.85,0.85,0.85,12886.5,True
151,2023-07-29 05:00:00,0.85,0.85,0.85,0.85,0.0,True
152,2023-07-29 06:00:00,0.85,0.85,0.85,0.85,78.8,True
153,2023-07-29 07:00:00,0.85,0.85,0.85,0.85,0.0,True
154,2023-07-29 08:00:00,0.732,0.732,0.731,0.731,12886.5,True
155,2023-07-29 09:00:00,0.731,0.731,0.731,0.731,0.0,True
156,2023-07-29 10:00:00,0.731,0.731,0.731,0.731,0.0,True
157,2023-07-29 11:00:00,0.731,0.731,0.731,0.731,0.0,True
158,2023-07-29 12:00:00,0.731,0.731,0.731,0.731,0.0,True
159,2023-07-29 13:00:00,0.731,0.731,0.731,0.731,0.0,True
160,2023-07-29 14:00:00,0.731,0.731,0.731,0.731,0.0,True
161,2023-07-29 15:00:00,0.731,0.731,0.731,0.731,0.0,True
162,2023-07-29 16:00:00,0.731,0.85,0.731,0.85,2735.8,True
163,2023-07-29 17:00:00,0.85,0.85,0.85,0.85,0.0,True
164,2023-07-29 18:00:00,0.85,0.85,0.85,0.85,0.0,True
165,2023-07-29 19:00:00,0.85,0.85,0.85,0.85,4117.6,True
166,2023-07-29 20:00:00,0.85,0.85,0.85,0.85,0.0,True
167,2023-07-29 21:00:00,0.731,0.731,0.731,0.731,40.1,True
168,2023-07-29 22:00:00,0.731,0.731,0.731,0.731,0.0,True
169,2023-07-29 23:00:00,0.731,0.731,0.731,0.731,0.0,True
170,2023-07-30 00:00:00,0.731,0.731,0.731,0.731,0.0,True
171,2023-07-30 01:00:00,0.731,0.731,0.731,0.731,0.0,True
172,2023-07-30 02:00:00,0.731,0.731,0.731,0.731,0.0,True
173,2023-07-30 03:00:00,0.731,0.731,0.731,0.731,0.0,True
174,2023-07-30 04:00:00,0.731,0.731,0.731,0.731,0.0,True
175,2023-07-30 05:00:00,0.731,0.731,0.731,0.731,0.0,True
176,2023-07-30 06:00:00,0.731,0.731,0.731,0.731,0.0,True
177,2023-07-30 07:00:00,0.731,0.731,0.731,0.731,0.0,True
178,2023-07-30 08:00:00,0.731,0.731,0.731,0.731,0.0,True
179,2023-07-30 09:00:00,0.731,0.731,0.731,0.731,0.0,True
180,2023-07-30 10:00:00,0.731,0.731,0.731,0.731,0.0,True
181,2023-07-30 11:00:00,0.85,0.85,0.731,0.731,81.6,True
182,2023-07-30 12:00:00,0.731,0.731,0.731,0.731,0.0,True
183,2023-07-30 13:00:00,0.85,0.85,0.731,0.731,108.8,True
184,2023-07-30 14:00:00,0.85,0.85,0.731,0.85,68.0,True
185,2023-07-30 15:00:00,0.85,0.85,0.85,0.85,13.6,True
186,2023-07-30 16:00:00,0.85,0.85,0.85,0.85,68.0,True
187,2023-07-30 17:00:00,0.731,0.85,0.731,0.85,171.3,True
188,2023-07-30 18:00:00,0.731,0.85,0.731,0.731,17140.6,True
189,2023-07-30 19:00:00,0.731,0.731,0.731,0.731,4117.6,True
190,2023-07-30 20:00:00,0.731,0.731,0.731,0.731,0.0,True
191,2023-07-30 21:00:00,0.731,0.731,0.731,0.731,0.0,True
192,2023-07-30 22:00:00,0.731,0.731,0.731,0.731,0.0,True
193,2023-07-30 23:00:00,0.731,0.731,0.731,0.731,0.0,True
194,2023-07-31 00:00:00,0.731,0.731,0.731,0.731,0.0,True
195,2023-07-31 01:00:00,0.846,0.85,0.846,0.85,1372.8,True
196,2023-07-31 02:00:00,0.85,0.875,0.85,0.875,14992.5,True
197,2023-07-31 03:00:00,0.875,0.875,0.875,0.875,0.0,True
198,2023-07-31 04:00:00,0.875,0.875,0.875,0.875,0.0,True
199,2023-07-31 05:00:00,0.875,0.875,0.875,0.875,0.0,True
200,2023-07-31 06:00:00,0.875,0.875,0.875,0.875,0.0,True
201,2023-07-31 07:00:00,0.854,0.875,0.731,0.731,7885.9,True
202,2023-07-31 08:00:00,0.875,0.875,0.731,0.875,90.8,True
203,2023-07-31 09:00:00,0.875,0.875,0.731,0.731,8571.4,True
204,2023-07-31 10:00:00,0.731,0.731,0.731,0.731,0.0,True
205,2023-07-31 11:00:00,0.731,0.731,0.731,0.731,0.0,True
206,2023-07-31 12:00:00,0.731,0.731,0.731,0.731,0.0,True
207,2023-07-31 13:00:00,0.731,0.731,0.731,0.731,0.0,True
208,2023-07-31 14:00:00,0.731,0.731,0.731,0.731,0.0,True
209,2023-07-31 15:00:00,0.875,0.875,0.875,0.875,27.2,True
210,2023-07-31 16:00:00,0.87,0.875,0.861,0.875,1912.7,True
211,2023-07-31 17:00:00,0.875,0.875,0.875,0.875,0.0,True
212,2023-07-31 18:00:00,0.875,0.875,0.875,0.875,0.0,True
213,2023-07-31 19:00:00,0.861,0.861,0.856,0.856,659.6,True
214,2023-07-31 20:00:00,0.856,0.856,0.795,0.795,1833.8,True
215,2023-07-31 21:00:00,0.795,0.795,0.795,0.795,0.0,True
216,2023-07-31 22:00:00,0.795,0.795,0.795,0.795,0.0,True
217,2023-07-31 23:00:00,0.795,0.795,0.795,0.795,0.0,True
218,2023-08-01 00:00:00,0.795,0.795,0.795,0.795,12.4,True
219,2023-08-01 01:00:00,0.795,0.795,0.795,0.795,0.0,True
220,2023-08-01 02:00:00,0.795,0.795,0.795,0.795,74.0,True
221,2023-08-01 03:00:00,0.795,0.795,0.795,0.795,126.2,True
222,2023-08-01 04:00:00,0.795,0.795,0.795,0.795,0.0,True
223,2023-08-01 05:00:00,0.795,0.795,0.795,0.795,0.0,True
224,2023-08-01 06:00:00,0.795,0.795,0.795,0.795,0.0,True
225,2023-08-01 07:00:00,0.795,0.795,0.795,0.795,0.0,True
226,2023-08-01 08:00:00,0.795,0.795,0.795,0.795,0.0,True
227,2023-08-01 09:00:00,0.795,0.795,0.795,0.795,0.0,True
228,2023-08-01 10:00:00,0.795,0.795,0.795,0.795,0.0,True
229,2023-08-01 11:00:00,0.795,0.795,0.795,0.795,0.0,True
230,2023-08-01 12:00:00,0.795,0.795,0.795,0.795,0.0,True
231,2023-08-01 13:00:00,0.795,0.795,0.795,0.795,25.1,True
232,2023-08-01 14:00:00,0.795,0.795,0.795,0.795,0.0,True
233,2023-08-01 15:00:00,0.795,0.795,0.795,0.795,0.0,True
234,2023-08-01 16:00:00,0.795,0.795,0.795,0.795,0.0,True
235,2023-08-01 17:00:00,0.795,0.795,0.795,0.795,5714.3,True
236,2023-08-01 18:00:00,0.795,0.795,0.795,0.795,0.0,True
237,2023-08-01 19:00:00,0.795,0.795,0.795,0.795,0.0,True
238,2023-08-01 20:00:00,0.795,0.795,0.795,0.795,0.0,True
239,2023-08-01 21:00:00,0.795,0.795,0.795,0.795,0.0,True
240,2023-08-01 22:00:00,0.795,0.795,0.795,0.795,0.0,True
241,2023-08-01 23:00:00,0.795,0.795,0.795,0.795,0.0,True
242,2023-08-02 00:00:00,0.795,0.795,0.795,0.795,15047.8,True
243,2023-08-02 01:00:00,0.795,0.795,0.795,0.795,0.0,True
244,2023-08-02 02:00:00,0.795,0.795,0.795,0.795,0.0,True
245,2023-08-02 03:00:00,0.795,0.795,0.795,0.795,0.0,True
246,2023-08-02 04:00:00,0.795,0.795,0.795,0.795,0.0,True
247,2023-08-02 05:00:00,0.795,0.795,0.795,0.795,0.0,True
248,2023-08-02 06:00:00,0.795,0.795,0.795,0.795,1000.0,True
249,2023-08-02 07:00:00,0.795,0.795,0.795,0.795,0.0,True
250,2023-08-02 08:00:00,0.795,0.795,0.795,0.795,0.0,True
251,2023-08-02 09:00:00,0.795,0.795,0.795,0.795,0.0,True
252,2023-08-02 10:00:00,0.795,0.795,0.795,0.795,0.0,True
253,2023-08-02 11:00:00,0.795,0.795,0.795,0.795,0.0,True
254,2023-08-02 12:00:00,0.795,0.795,0.795,0.795,12165.2,True
255,2023-08-02 13:00:00,0.795,0.795,0.795,0.795,0.0,True
256,2023-08-02 14:00:00,0.795,0.795,0.795,0.795,2126.0,True
257,2023-08-02 15:00:00,0.731,0.731,0.731,0.731,39.7,True
258,2023-08-02 16:00:00,0.731,0.731,0.731,0.731,50.0,True
259,2023-08-02 17:00:00,0.731,0.731,0.731,0.731,0.0,True
260,2023-08-02 18:00:00,0.731,0.731,0.731,0.731,0.0,True
261,2023-08-02 19:00:00,0.731,0.731,0.731,0.731,0.0,True
262,2023-08-02 20:00:00,0.731,0.731,0.731,0.731,0.0,True
263,2023-08-02 21:00:00,0.731,0.731,0.731,0.731,0.0,True
264,2023-08-02 22:00:00,0.731,0.731,0.731,0.731,0.0,True
265,2023-08-02 23:00:00,0.731,0.731,0.731,0.731,0.0,True
266,2023-08-03 00:00:00,0.731,0.731,0.731,0.731,0.0,True
267,2023-08-03 01:00:00,0.731,0.731,0.731,0.731,0.0,True
268,2023-08-03 02:00:00,0.731,0.731,0.731,0.731,34145.2,True
269,2023-08-03 03:00:00,0.731,0.731,0.731,0.731,0.0,True
270,2023-08-03 04:00:00,0.731,0.731,0.731,0.731,0.0,True
271,2023-08-03 05:00:00,0.731,0.731,0.731,0.731,0.0,True
272,2023-08-03 06:00:00,0.731,0.731,0.731,0.731,0.0,True
273,2023-08-03 07:00:00,0.731,0.731,0.731,0.731,0.0,True
274,2023-08-03 08:00:00,0.731,0.731,0.731,0.731,40.0,True
275,2023-08-03 09:00:00,0.731,0.731,0.731,0.731,0.0,True
276,2023-08-03 10:00:00,0.731,0.731,0.731,0.731,0.0,True
277,2023-08-03 11:00:00,0.731,0.731,0.731,0.731,341.8,True
278,2023-08-03 12:00:00,0.731,0.731,0.731,0.731,0.0,True
279,2023-08-03 13:00:00,0.731,0.731,0.731,0.731,0.0,True
280,2023-08-03 14:00:00,0.731,0.731,0.731,0.731,0.0,True
281,2023-08-03 15:00:00,0.731,0.731,0.731,0.731,0.0,True
282,2023-08-03 16:00:00,0.731,0.731,0.731,0.731,0.0,True
283,2023-08-03 17:00:00,0.731,0.731,0.731,0.731,0.0,True
284,2023-08-03 18:00:00,0.731,0.731,0.731,0.731,0.0,True
285,2023-08-03 19:00:00,0.731,0.731,0.731,0.731,0.0,True
286,2023-08-03 20:00:00,0.731,0.731,0.731,0.731,0.0,True
287,2023-08-03 21:00:00,0.731,0.731,0.731,0.731,0.0,True
288,2023-08-03 22:00:00,0.731,0.731,0.731,0.731,0.0,True
289,2023-08-03 23:00:00,0.731,0.731,0.731,0.731,0.0,True
290,2023-08-04 00:00:00,0.731,0.731,0.731,0.731,0.0,True
291,2023-08-04 01:00:00,0.731,0.731,0.731,0.731,0.0,True
292,2023-08-04 02:00:00,0.731,0.731,0.731,0.731,0.0,True
293,2023-08-04 03:00:00,0.731,0.731,0.731,0.731,0.0,True
294,2023-08-04 04:00:00,0.731,0.731,0.731,0.731,0.0,True
295,2023-08-04 05:00:00,0.731,0.731,0.731,0.731,0.0,True
296,2023-08-04 06:00:00,0.731,0.731,0.731,0.731,0.0,True
297,2023-08-04 07:00:00,0.731,0.731,0.731,0.731,0.0,True
298,2023-08-04 08:00:00,0.731,0.731,0.731,0.731,0.0,True
299,2023-08-04 09:00:00,0.731,0.731,0.731,0.731,274.5,True
300,2023-08-04 10:00:00,0.731,0.731,0.731,0.731,0.0,True
301,2023-08-04 11:00:00,0.731,0.731,0.731,0.731,0.0,True
302,2023-08-04 12:00:00,0.731,0.731,0.731,0.731,0.0,True
303,2023-08-04 13:00:00,0.731,0.731,0.731,0.731,0.0,True
304,2023-08-04 14:00:00,0.731,0.731,0.731,0.731,0.0,True
305,2023-08-04 15:00:00,0.731,0.731,0.731,0.731,0.0,True
306,2023-08-04 16:00:00,0.731,0.731,0.731,0.731,0.0,True
307,2023-08-04 17:00:00,0.731,0.731,0.731,0.731,0.0,True
308,2023-08-04 18:00:00,0.731,0.731,0.731,0.731,0.0,True
309,2023-08-04 19:00:00,0.731,0.731,0.731,0.731,0.0,True
310,2023-08-04 20:00:00,0.76,0.76,0.76,0.76,131.5,True
311,2023-08-04 21:00:00,0.76,0.76,0.76,0.76,0.0,True
312,2023-08-04 22:00:00,0.76,0.76,0.76,0.76,0.0,True
313,2023-08-04 23:00:00,0.76,0.76,0.76,0.76,0.0,True
314,2023-08-05 00:00:00,0.76,0.76,0.76,0.76,0.0,True
315,2023-08-05 01:00:00,0.76,0.76,0.76,0.76,0.0,True
316,2023-08-05 02:00:00,0.76,0.76,0.76,0.76,0.0,True
317,2023-08-05 03:00:00,0.76,0.76,0.76,0.76,0.0,True
318,2023-08-05 04:00:00,0.76,0.76,0.76,0.76,0.0,True
319,2023-08-05 05:00:00,0.76,0.76,0.76,0.76,0.0,True
320,2023-08-05 06:00:00,0.76,0.76,0.76,0.76,0.0,True
321,2023-08-05 07:00:00,0.76,0.76,0.76,0.76,0.0,True
322,2023-08-05 08:00:00,0.731,0.731,0.731,0.731,341.9,True
323,2023-08-05 09:00:00,0.731,0.731,0.731,0.731,0.0,True
324,2023-08-05 10:00:00,0.731,0.731,0.731,0.731,0.0,True
325,2023-08-05 11:00:00,0.731,0.731,0.731,0.731,0.0,True
326,2023-08-05 12:00:00,0.731,0.731,0.731,0.731,0.0,True
327,2023-08-05 13:00:00,0.731,0.731,0.731,0.731,21.8,True
328,2023-08-05 14:00:00,0.731,0.731,0.731,0.731,0.0,True
329,2023-08-05 15:00:00,0.731,0.731,0.731,0.731,0.0,True
330,2023-08-05 16:00:00,0.731,0.731,0.731,0.731,0.0,True
331,2023-08-05 17:00:00,0.731,0.731,0.731,0.731,0.0,True
332,2023-08-05 18:00:00,0.731,0.731,0.731,0.731,0.0,True
333,2023-08-05 19:00:00,0.731,0.731,0.731,0.731,0.0,True
334,2023-08-05 20:00:00,0.82,0.82,0.82,0.82,68.3,True
335,2023-08-05 21:00:00,0.82,0.82,0.82,0.82,0.0,True
336,2023-08-05 22:00:00,0.82,0.82,0.82,0.82,0.0,True
337,2023-08-05 23:00:00,0.82,0.82,0.82,0.82,0.0,True
338,2023-08-06 00:00:00,0.82,0.82,0.82,0.82,0.0,True
339,2023-08-06 01:00:00,0.82,0.82,0.82,0.82,0.0,True
340,2023-08-06 02:00:00,0.731,0.731,0.731,0.731,121.9,True
341,2023-08-06 03:00:00,0.731,0.731,0.731,0.731,0.0,True
342,2023-08-06 04:00:00,0.731,0.731,0.731,0.731,0.0,True
343,2023-08-06 05:00:00,0.731,0.731,0.731,0.731,0.0,True
344,2023-08-06 06:00:00,0.731,0.731,0.731,0.731,0.0,True
345,2023-08-06 07:00:00,0.731,0.731,0.731,0.731,0.0,True
346,2023-08-06 08:00:00,0.731,0.731,0.731,0.731,0.0,True
347,2023-08-06 09:00:00,0.731,0.731,0.731,0.731,0.0,True
348,2023-08-06 10:00:00,0.731,0.731,0.731,0.731,11969.9,True
349,2023-08-06 11:00:00,0.731,0.731,0.731,0.731,0.0,True
350,2023-08-06 12:00:00,0.731,0.731,0.731,0.731,0.0,True
351,2023-08-06 13:00:00,0.731,0.731,0.731,0.731,0.0,True
352,2023-08-06 14:00:00,0.731,0.731,0.731,0.731,0.0,True
353,2023-08-06 15:00:00,0.731,0.731,0.731,0.731,0.0,True
354,2023-08-06 16:00:00,0.731,0.731,0.731,0.731,0.0,True
355,2023-08-06 17:00:00,0.731,0.731,0.731,0.731,0.0,True
356,2023-08-06 18:00:00,0.731,0.731,0.731,0.731,1367.9,True
357,2023-08-06 19:00:00,0.731,0.731,0.731,0.731,0.0,True
358,2023-08-06 20:00:00,0.731,0.731,0.731,0.731,0.0,True
359,2023-08-06 21:00:00,0.731,0.731,0.731,0.731,0.0,True
360,2023-08-06 22:00:00,0.731,0.731,0.731,0.731,0.0,True
361,2023-08-06 23:00:00,0.731,0.731,0.731,0.731,0.0,True
362,2023-08-07 00:00:00,0.731,0.731,0.731,0.731,0.0,True
363,2023-08-07 01:00:00,0.731,0.731,0.731,0.731,0.0,True
364,2023-08-07 02:00:00,0.731,0.731,0.731,0.731,0.0,True
365,2023-08-07 03:00:00,0.731,0.731,0.731,0.731,12804.6,True
366,2023-08-07 04:00:00,0.731,0.731,0.731,0.731,0.0,True
367,2023-08-07 05:00:00,0.731,0.731,0.731,0.731,1440.8,True
368,2023-08-07 06:00:00,0.731,0.731,0.731,0.731,0.0,True
369,2023-08-07 07:00:00,0.731,0.731,0.731,0.731,0.0,True
370,2023-08-07 08:00:00,0.731,0.731,0.731,0.731,0.0,True
371,2023-08-07 09:00:00,0.731,0.731,0.731,0.731,0.0,True
372,2023-08-07 10:00:00,0.731,0.731,0.731,0.731,0.0,True
373,2023-08-07 11:00:00,0.731,0.731,0.731,0.731,0.0,True
374,2023-08-07 12:00:00,0.731,0.731,0.731,0.731,0.0,True
375,2023-08-07 13:00:00,0.731,0.731,0.731,0.731,30731.9,True
376,2023-08-07 14:00:00,0.731,0.731,0.731,0.731,0.0,True
377,2023-08-07 15:00:00,0.731,0.731,0.716,0.716,1025.9,True
378,2023-08-07 16:00:00,0.716,0.716,0.716,0.716,0.0,True
379,2023-08-07 17:00:00,0.716,0.716,0.716,0.716,0.0,True
380,2023-08-07 18:00:00,0.716,0.716,0.716,0.716,0.0,True
381,2023-08-07 19:00:00,0.716,0.716,0.716,0.716,0.0,True
382,2023-08-07 20:00:00,0.716,0.716,0.716,0.716,0.0,True
383,2023-08-07 21:00:00,0.716,0.716,0.716,0.716,0.0,True
384,2023-08-07 22:00:00,0.716,0.716,0.716,0.716,0.0,True
385,2023-08-07 23:00:00,0.716,0.716,0.716,0.716,139.6,True
386,2023-08-08 00:00:00,0.716,0.716,0.715,0.715,1745.8,True
387,2023-08-08 01:00:00,0.715,0.715,0.715,0.715,0.0,True
388,2023-08-08 02:00:00,0.715,0.715,0.715,0.715,0.0,True
389,2023-08-08 03:00:00,0.715,0.715,0.715,0.715,0.0,True
390,2023-08-08 04:00:00,0.715,0.715,0.715,0.715,0.0,True
391,2023-08-08 05:00:00,0.715,0.715,0.715,0.715,0.0,True
392,2023-08-08 06:00:00,0.715,0.715,0.715,0.715,0.0,True
393,2023-08-08 07:00:00,0.715,0.715,0.715,0.715,0.0,True
394,2023-08-08 08:00:00,0.755,0.755,0.755,0.755,137.1,True
395,2023-08-08 09:00:00,0.715,0.715,0.715,0.715,129.0,True
396,2023-08-08 10:00:00,0.755,0.755,0.755,0.755,100.0,True
397,2023-08-08 11:00:00,0.715,0.755,0.715,0.755,2247.3,True
398,2023-08-08 12:00:00,0.755,0.755,0.755,0.755,0.0,True
399,2023-08-08 13:00:00,0.755,0.755,0.755,0.755,285.5,True
400,2023-08-08 14:00:00,0.715,0.715,0.715,0.715,55.9,True
401,2023-08-08 15:00:00,0.755,0.755,0.755,0.755,341.8,True
402,2023-08-08 16:00:00,0.755,0.755,0.755,0.755,0.0,True
403,2023-08-08 17:00:00,0.755,0.755,0.755,0.755,0.0,True
404,2023-08-08 18:00:00,0.755,0.755,0.755,0.755,0.0,True
405,2023-08-08 19:00:00,0.755,0.755,0.755,0.755,0.0,True
406,2023-08-08 20:00:00,0.755,0.755,0.755,0.755,1367.9,True
407,2023-08-08 21:00:00,0.715,0.715,0.715,0.715,1367.9,True
408,2023-08-08 22:00:00,0.715,0.715,0.715,0.715,0.0,True
409,2023-08-08 23:00:00,0.715,0.715,0.715,0.715,0.0,True
410,2023-08-09 00:00:00,0.755,0.755,0.755,0.755,198.6,True
411,2023-08-09 01:00:00,0.755,0.755,0.755,0.755,0.0,True
412,2023-08-09 02:00:00,0.755,0.755,0.755,0.755,0.0,True
413,2023-08-09 03:00:00,0.755,0.755,0.755,0.755,0.0,True
414,2023-08-09 04:00:00,0.755,0.755,0.755,0.755,0.0,True
415,2023-08-09 05:00:00,0.755,0.755,0.755,0.755,0.0,True
416,2023-08-09 06:00:00,0.755,0.755,0.715,0.755,8706.8,True
417,2023-08-09 07:00:00,0.715,0.755,0.715,0.715,2381.2,True
418,2023-08-09 08:00:00,0.755,0.785,0.715,0.715,14575.5,True
419,2023-08-09 09:00:00,0.785,0.785,0.715,0.715,734.8,True
420,2023-08-09 10:00:00,0.715,0.715,0.715,0.715,0.0,True
421,2023-08-09 11:00:00,0.785,0.785,0.785,0.785,13.9,True
422,2023-08-09 12:00:00,0.785,0.785,0.785,0.785,0.0,True
423,2023-08-09 13:00:00,0.785,0.785,0.785,0.785,0.0,True
424,2023-08-09 14:00:00,0.785,0.785,0.785,0.785,0.0,True
425,2023-08-09 15:00:00,0.785,0.785,0.785,0.785,0.0,True
426,2023-08-09 16:00:00,0.785,0.785,0.785,0.785,0.0,True
427,2023-08-09 17:00:00,0.785,0.785,0.785,0.785,0.0,True
428,2023-08-09 18:00:00,0.785,0.785,0.785,0.785,1253.1,True
429,2023-08-09 19:00:00,0.716,0.716,0.716,0.716,5.1,True
430,2023-08-09 20:00:00,0.716,0.716,0.716,0.716,0.0,True
431,2023-08-09 21:00:00,0.716,0.716,0.716,0.716,0.0,True
432,2023-08-09 22:00:00,0.716,0.716,0.716,0.716,0.0,True
433,2023-08-09 23:00:00,0.716,0.716,0.716,0.716,0.0,True
434,2023-08-10 00:00:00,0.785,0.785,0.785,0.785,127.3,True
435,2023-08-10 01:00:00,0.785,0.785,0.785,0.785,0.0,True
436,2023-08-10 02:00:00,0.785,0.785,0.785,0.785,0.0,True
437,2023-08-10 03:00:00,0.785,0.785,0.785,0.785,0.0,True
438,2023-08-10 04:00:00,0.785,0.785,0.785,0.785,0.0,True
439,2023-08-10 05:00:00,0.785,0.785,0.785,0.785,0.0,True
440,2023-08-10 06:00:00,0.716,0.716,0.715,0.715,33370.4,True
441,2023-08-10 07:00:00,0.715,0.795,0.715,0.795,28317.8,True
442,2023-08-10 08:00:00,0.795,0.795,0.795,0.795,0.0,True
443,2023-08-10 12:00:00,0.715,0.715,0.715,0.715,559.4,True
444,2023-08-10 13:00:00,0.715,0.715,0.715,0.715,0.0,True
445,2023-08-10 14:00:00,0.715,0.715,0.715,0.715,938.6,True
446,2023-08-10 15:00:00,0.715,0.715,0.715,0.715,766.2,True
447,2023-08-10 16:00:00,0.715,0.715,0.715,0.715,0.0,True
448,2023-08-10 17:00:00,0.715,0.715,0.715,0.715,0.0,True
449,2023-08-10 18:00:00,0.715,0.715,0.715,0.715,0.0,True
450,2023-08-10 19:00:00,0.715,0.715,0.715,0.715,0.0,True
451,2023-08-10 20:00:00,0.715,0.715,0.715,0.715,0.0,True
452,2023-08-10 21:00:00,0.715,0.715,0.715,0.715,0.0,True
453,2023-08-10 22:00:00,0.715,0.715,0.715,0.715,0.0,True
454,2023-08-10 23:00:00,0.715,0.715,0.715,0.715,0.0,True
455,2023-08-11 00:00:00,0.715,0.715,0.715,0.715,0.0,True
456,2023-08-11 01:00:00,0.715,0.715,0.715,0.715,0.0,True
457,2023-08-11 02:00:00,0.717,0.717,0.717,0.717,18.4,True
458,2023-08-11 03:00:00,0.717,0.717,0.717,0.717,0.0,True
459,2023-08-11 04:00:00,0.717,0.717,0.717,0.717,0.0,True
460,2023-08-11 05:00:00,0.717,0.717,0.717,0.717,0.0,True
461,2023-08-11 06:00:00,0.717,0.717,0.717,0.717,0.0,True
462,2023-08-11 07:00:00,0.717,0.717,0.717,0.717,0.0,True
463,2023-08-11 08:00:00,0.717,0.717,0.717,0.717,0.0,True
464,2023-08-11 09:00:00,0.717,0.717,0.717,0.717,391.0,True
465,2023-08-11 10:00:00,0.717,0.717,0.717,0.717,0.0,True
466,2023-08-11 11:00:00,0.717,0.717,0.717,0.717,0.0,True
467,2023-08-11 12:00:00,0.717,0.717,0.717,0.717,0.0,True
468,2023-08-11 13:00:00,0.717,0.717,0.717,0.717,0.0,True
469,2023-08-11 14:00:00,0.717,0.717,0.717,0.717,0.0,True
470,2023-08-11 15:00:00,0.717,0.717,0.717,0.717,0.0,True
471,2023-08-11 16:00:00,0.717,0.717,0.717,0.717,0.0,True
472,2023-08-11 17:00:00,0.717,0.717,0.717,0.717,0.0,True
473,2023-08-11 18:00:00,0.717,0.717,0.717,0.717,0.0,True
474,2023-08-11 19:00:00,0.717,0.717,0.717,0.717,0.0,True
475,2023-08-11 20:00:00,0.717,0.717,0.717,0.717,0.0,True
476,2023-08-11 21:00:00,0.717,0.717,0.717,0.717,0.0,True
477,2023-08-11 22:00:00,0.717,0.717,0.717,0.717,0.0,True
478,2023-08-11 23:00:00,0.717,0.717,0.717,0.717,0.0,True
479,2023-08-12 00:00:00,0.82,0.82,0.82,0.82,1704.8,True
480,2023-08-12 01:00:00,0.718,0.82,0.718,0.82,696.2,True
481,2023-08-12 02:00:00,0.82,0.82,0.82,0.82,0.0,True
482,2023-08-12 03:00:00,0.82,0.82,0.718,0.718,32477.8,True
483,2023-08-12 04:00:00,0.718,0.718,0.718,0.718,0.0,True
484,2023-08-12 05:00:00,0.718,0.718,0.718,0.718,0.0,True
485,2023-08-12 06:00:00,0.718,0.718,0.718,0.718,0.0,True
486,2023-08-12 07:00:00,0.718,0.718,0.718,0.718,0.0,True
487,2023-08-12 08:00:00,0.82,0.82,0.82,0.82,559.4,True
488,2023-08-12 09:00:00,0.82,0.82,0.82,0.82,121.9,True
489,2023-08-12 10:00:00,0.82,0.82,0.82,0.82,0.0,True
490,2023-08-12 11:00:00,0.82,0.82,0.82,0.82,0.0,True
491,2023-08-12 12:00:00,0.82,0.82,0.82,0.82,0.0,True
492,2023-08-12 13:00:00,0.82,0.82,0.718,0.718,731.6,True
493,2023-08-12 14:00:00,0.718,0.718,0.718,0.718,0.0,True
494,2023-08-12 15:00:00,0.718,0.718,0.718,0.718,0.0,True
495,2023-08-12 16:00:00,0.718,0.718,0.718,0.718,2793.2,True
496,2023-08-12 17:00:00,0.718,0.718,0.718,0.718,0.0,True
497,2023-08-12 18:00:00,0.718,0.718,0.718,0.718,32.8,True
498,2023-08-12 19:00:00,0.718,0.718,0.718,0.718,2089.1,True
499,2023-08-12 20:00:00,0.718,0.718,0.718,0.718,13633.2,True
500,2023-08-12 21:00:00,0.718,0.718,0.718,0.718,0.0,True
501,2023-08-12 22:00:00,0.718,0.718,0.718,0.718,0.0,True
502,2023-08-12 23:00:00,0.74,0.74,0.718,0.74,1359.6,True
503,2023-08-13 00:00:00,0.74,0.74,0.74,0.74,0.0,True
504,2023-08-13 01:00:00,0.74,0.74,0.74,0.74,0.0,True
505,2023-08-13 02:00:00,0.74,0.74,0.74,0.74,0.0,True
506,2023-08-13 03:00:00,0.74,0.74,0.74,0.74,0.0,True
507,2023-08-13 04:00:00,0.74,0.74,0.74,0.74,0.0,True
508,2023-08-13 05:00:00,0.74,0.74,0.74,0.74,0.0,True
509,2023-08-13 06:00:00,0.74,0.74,0.74,0.74,0.0,True
510,2023-08-13 07:00:00,0.74,0.74,0.74,0.74,0.0,True
511,2023-08-13 08:00:00,0.74,0.74,0.74,0.74,0.0,True
512,2023-08-13 09:00:00,0.74,0.74,0.74,0.74,0.0,True
513,2023-08-13 10:00:00,0.74,0.74,0.74,0.74,1350.0,True
514,2023-08-13 11:00:00,0.74,0.74,0.74,0.74,0.0,True
515,2023-08-13 12:00:00,0.74,0.74,0.74,0.74,1364.2,True
516,2023-08-13 13:00:00,0.74,0.74,0.74,0.74,0.0,True
517,2023-08-13 14:00:00,0.74,0.74,0.74,0.74,0.0,True
518,2023-08-13 15:00:00,0.74,0.74,0.74,0.74,0.0,True
519,2023-08-13 16:00:00,0.74,0.74,0.74,0.74,0.0,True
520,2023-08-13 17:00:00,0.74,0.74,0.74,0.74,0.0,True
521,2023-08-13 18:00:00,0.74,0.74,0.74,0.74,0.0,True
522,2023-08-13 19:00:00,0.74,0.74,0.74,0.74,0.0,True
523,2023-08-13 20:00:00,0.74,0.74,0.74,0.74,19280.7,True
524,2023-08-13 21:00:00,0.74,0.74,0.74,0.74,0.0,True
525,2023-08-13 22:00:00,0.74,0.74,0.74,0.74,136.7,True
526,2023-08-13 23:00:00,0.74,0.74,0.74,0.74,0.0,True
527,2023-08-14 00:00:00,0.74,0.74,0.74,0.74,0.0,True
528,2023-08-14 01:00:00,0.74,0.74,0.74,0.74,0.0,True
529,2023-08-14 02:00:00,0.74,0.74,0.74,0.74,0.0,True
530,2023-08-14 03:00:00,0.74,0.74,0.74,0.74,0.0,True
531,2023-08-14 04:00:00,0.74,0.74,0.74,0.74,0.0,True
532,2023-08-14 05:00:00,0.74,0.74,0.74,0.74,0.0,True
533,2023-08-14 06:00:00,0.74,0.74,0.74,0.74,0.0,True
534,2023-08-14 07:00:00,0.82,0.82,0.82,0.82,2437.8,True
535,2023-08-14 08:00:00,0.82,0.82,0.82,0.82,0.0,True
536,2023-08-14 09:00:00,0.82,0.82,0.82,0.82,609.4,True
537,2023-08-14 10:00:00,0.82,0.82,0.82,0.82,0.0,True
538,2023-08-14 11:00:00,0.82,0.82,0.82,0.82,0.0,True
539,2023-08-14 12:00:00,0.82,0.82,0.82,0.82,0.0,True
540,2023-08-14 13:00:00,0.82,0.82,0.82,0.82,6.1,True
541,2023-08-14 14:00:00,0.82,0.82,0.741,0.741,4526.9,True
542,2023-08-14 15:00:00,0.741,0.741,0.741,0.741,0.0,True
543,2023-08-14 16:00:00,0.741,0.741,0.741,0.741,0.0,True
544,2023-08-14 17:00:00,0.741,0.741,0.741,0.741,0.0,True
545,2023-08-14 18:00:00,0.741,0.741,0.741,0.741,0.0,True
546,2023-08-14 19:00:00,0.741,0.741,0.741,0.741,1169.5,True
547,2023-08-14 20:00:00,0.82,0.82,0.82,0.82,1351.3,True
548,2023-08-14 21:00:00,0.82,0.82,0.82,0.82,0.0,True
549,2023-08-14 22:00:00,0.741,0.82,0.741,0.82,4878.0,True
550,2023-08-14 23:00:00,0.741,0.741,0.741,0.741,16869.0,True
551,2023-08-15 00:00:00,0.82,0.82,0.82,0.82,202.4,True
552,2023-08-15 01:00:00,0.82,0.82,0.82,0.82,0.0,True
553,2023-08-15 02:00:00,0.82,0.82,0.82,0.82,0.0,True
554,2023-08-15 03:00:00,0.82,0.82,0.82,0.82,0.0,True
555,2023-08-15 04:00:00,0.82,0.82,0.82,0.82,0.0,True
556,2023-08-15 05:00:00,0.82,0.82,0.82,0.82,0.0,True
557,2023-08-15 06:00:00,0.82,0.82,0.82,0.82,0.0,True
558,2023-08-15 07:00:00,0.82,0.82,0.82,0.82,0.0,True
559,2023-08-15 08:00:00,0.82,0.82,0.82,0.82,0.0,True
560,2023-08-15 09:00:00,0.82,0.82,0.82,0.82,0.0,True
561,2023-08-15 10:00:00,0.82,0.82,0.82,0.82,0.0,True
562,2023-08-15 11:00:00,0.82,0.82,0.82,0.82,40.0,True
563,2023-08-15 12:00:00,0.82,0.82,0.82,0.82,0.0,True
564,2023-08-15 13:00:00,0.82,0.82,0.82,0.82,1364.2,True
565,2023-08-15 14:00:00,0.741,0.741,0.74,0.74,16469.7,True
566,2023-08-15 15:00:00,0.74,0.74,0.718,0.718,3378.3,True
567,2023-08-15 16:00:00,0.718,0.718,0.718,0.718,0.0,True
568,2023-08-15 17:00:00,0.718,0.718,0.718,0.718,0.0,True
569,2023-08-15 18:00:00,0.718,0.718,0.718,0.718,0.0,True
570,2023-08-15 19:00:00,0.718,0.75,0.718,0.718,31185.6,True
571,2023-08-15 20:00:00,0.718,0.718,0.718,0.718,0.0,True
572,2023-08-15 21:00:00,0.718,0.718,0.718,0.718,0.0,True
573,2023-08-15 22:00:00,0.718,0.718,0.718,0.718,0.0,True
574,2023-08-15 23:00:00,0.718,0.718,0.718,0.718,0.0,True
575,2023-08-16 00:00:00,0.718,0.718,0.718,0.718,0.0,True
576,2023-08-16 01:00:00,0.718,0.718,0.718,0.718,0.0,True
577,2023-08-16 02:00:00,0.718,0.718,0.718,0.718,0.0,True
578,2023-08-16 03:00:00,0.718,0.718,0.718,0.718,0.0,True
579,2023-08-16 04:00:00,0.718,0.718,0.718,0.718,0.0,True
580,2023-08-16 05:00:00,0.718,0.718,0.718,0.718,0.0,True
581,2023-08-16 06:00:00,0.718,0.718,0.718,0.718,6.1,True
582,2023-08-16 07:00:00,0.718,0.718,0.718,0.718,0.0,True
583,2023-08-16 08:00:00,0.718,0.718,0.718,0.718,0.0,True
584,2023-08-16 09:00:00,0.718,0.718,0.718,0.718,100.0,True
585,2023-08-16 12:00:00,0.718,0.718,0.718,0.718,990.0,True
586,2023-08-16 18:00:00,0.718,0.718,0.718,0.718,127.3,True
587,2023-08-16 19:00:00,0.718,0.718,0.718,0.718,0.0,True
588,2023-08-16 20:00:00,0.718,0.718,0.718,0.718,0.0,True
589,2023-08-16 21:00:00,0.718,0.718,0.675,0.675,40730.7,True
590,2023-08-16 22:00:00,0.675,0.675,0.675,0.675,0.0,True
591,2023-08-16 23:00:00,0.675,0.675,0.675,0.675,0.0,True
592,2023-08-17 00:00:00,0.675,0.675,0.675,0.675,0.0,True
593,2023-08-17 01:00:00,0.675,0.675,0.675,0.675,0.0,True
594,2023-08-17 02:00:00,0.675,0.675,0.675,0.675,0.0,True
595,2023-08-17 03:00:00,0.675,0.675,0.675,0.675,0.0,True
596,2023-08-17 04:00:00,0.675,0.675,0.675,0.675,0.0,True
597,2023-08-17 05:00:00,0.75,0.75,0.655,0.655,81.1,True
598,2023-08-17 06:00:00,0.655,0.655,0.655,0.655,0.0,True
599,2023-08-17 07:00:00,0.655,0.655,0.655,0.655,0.0,True
600,2023-08-17 08:00:00,0.655,0.655,0.655,0.655,0.0,True
601,2023-08-17 15:00:00,0.68,0.68,0.68,0.68,7000.0,True
602,2023-08-17 16:00:00,0.68,0.68,0.68,0.68,0.0,True
603,2023-08-17 17:00:00,0.68,0.68,0.68,0.68,0.0,True
604,2023-08-17 18:00:00,0.68,0.68,0.68,0.68,0.0,True
605,2023-08-17 19:00:00,0.68,0.68,0.68,0.68,0.0,True
606,2023-08-17 20:00:00,0.68,0.68,0.68,0.68,0.0,True
607,2023-08-17 21:00:00,0.68,0.68,0.633,0.633,173263.8,True
608,2023-08-17 22:00:00,0.633,0.633,0.633,0.633,0.0,True
609,2023-08-17 23:00:00,0.633,0.633,0.633,0.633,0.0,True
610,2023-08-18 00:00:00,0.633,0.633,0.633,0.633,439.3,True
611,2023-08-18 01:00:00,0.633,0.633,0.633,0.633,0.0,True
612,2023-08-18 02:00:00,0.633,0.633,0.633,0.633,0.0,True
613,2023-08-18 03:00:00,0.633,0.633,0.633,0.633,0.0,True
614,2023-08-18 04:00:00,0.633,0.633,0.633,0.633,0.0,True
615,2023-08-18 05:00:00,0.633,0.633,0.633,0.633,0.0,True
616,2023-08-18 06:00:00,0.633,0.633,0.633,0.633,0.0,True
617,2023-08-18 07:00:00,0.633,0.633,0.633,0.633,0.0,True
618,2023-08-18 08:00:00,0.633,0.633,0.633,0.633,766.2,True
619,2023-08-18 09:00:00,0.633,0.633,0.633,0.633,0.0,True
620,2023-08-18 10:00:00,0.633,0.633,0.633,0.633,0.0,True
621,2023-08-18 11:00:00,0.633,0.633,0.633,0.633,0.0,True
622,2023-08-18 12:00:00,0.633,0.633,0.633,0.633,0.0,True
623,2023-08-18 13:00:00,0.633,0.633,0.633,0.633,0.0,True
624,2023-08-18 14:00:00,0.633,0.633,0.633,0.633,0.0,True
625,2023-08-18 15:00:00,0.633,0.633,0.633,0.633,0.0,True
626,2023-08-18 16:00:00,0.633,0.633,0.633,0.633,0.0,True
627,2023-08-18 17:00:00,0.633,0.633,0.633,0.633,0.0,True
628,2023-08-18 18:00:00,0.633,0.633,0.633,0.633,0.0,True
629,2023-08-18 19:00:00,0.633,0.633,0.633,0.633,0.0,True
630,2023-08-18 20:00:00,0.633,0.633,0.633,0.633,0.0,True
631,2023-08-18 21:00:00,0.633,0.633,0.633,0.633,0.0,True
632,2023-08-18 22:00:00,0.633,0.633,0.633,0.633,0.0,True
633,2023-08-18 23:00:00,0.633,0.633,0.633,0.633,0.0,True
634,2023-08-19 00:00:00,0.633,0.633,0.633,0.633,0.0,True
635,2023-08-19 01:00:00,0.633,0.633,0.633,0.633,0.0,True
636,2023-08-19 02:00:00,0.633,0.633,0.633,0.633,0.0,True
637,2023-08-19 03:00:00,0.633,0.633,0.633,0.633,0.0,True
638,2023-08-19 04:00:00,0.633,0.633,0.633,0.633,0.0,True
639,2023-08-19 05:00:00,0.633,0.633,0.633,0.633,15.7,True
640,2023-08-19 06:00:00,0.633,0.633,0.633,0.633,0.0,True
641,2023-08-19 07:00:00,0.633,0.633,0.633,0.633,0.0,True
642,2023-08-19 08:00:00,0.633,0.633,0.633,0.633,0.0,True
643,2023-08-19 09:00:00,0.633,0.633,0.633,0.633,0.0,True
644,2023-08-19 10:00:00,0.633,0.633,0.633,0.633,0.0,True
645,2023-08-19 11:00:00,0.633,0.633,0.633,0.633,0.0,True
646,2023-08-19 12:00:00,0.633,0.633,0.633,0.633,981.4,True
647,2023-08-19 13:00:00,0.633,0.633,0.633,0.633,0.0,True
648,2023-08-19 14:00:00,0.633,0.633,0.633,0.633,0.0,True
649,2023-08-19 15:00:00,0.633,0.633,0.633,0.633,0.0,True
650,2023-08-19 16:00:00,0.633,0.633,0.633,0.633,0.0,True
651,2023-08-19 17:00:00,0.633,0.633,0.633,0.633,0.0,True
652,2023-08-19 18:00:00,0.633,0.633,0.633,0.633,0.0,True
653,2023-08-19 19:00:00,0.633,0.633,0.633,0.633,0.0,True
654,2023-08-19 20:00:00,0.633,0.633,0.633,0.633,0.0,True
655,2023-08-19 21:00:00,0.633,0.633,0.633,0.633,0.0,True
656,2023-08-19 22:00:00,0.633,0.633,0.633,0.633,0.0,True
657,2023-08-19 23:00:00,0.633,0.633,0.633,0.633,0.0,True
658,2023-08-20 00:00:00,0.633,0.633,0.633,0.633,0.0,True
659,2023-08-20 01:00:00,0.633,0.633,0.633,0.633,0.0,True
660,2023-08-20 02:00:00,0.633,0.633,0.633,0.633,0.0,True
661,2023-08-20 03:00:00,0.633,0.633,0.633,0.633,0.0,True
662,2023-08-20 04:00:00,0.633,0.633,0.633,0.633,0.0,True
663,2023-08-20 05:00:00,0.633,0.633,0.633,0.633,0.0,True
664,2023-08-20 06:00:00,0.633,0.633,0.633,0.633,0.0,True
665,2023-08-20 07:00:00,0.633,0.633,0.633,0.633,0.0,True
666,2023-08-20 08:00:00,0.633,0.633,0.633,0.633,0.0,True
667,2023-08-20 09:00:00,0.633,0.633,0.633,0.633,0.0,True
668,2023-08-20 10:00:00,0.633,0.633,0.633,0.633,0.0,True
669,2023-08-20 11:00:00,0.633,0.633,0.633,0.633,0.0,True
670,2023-08-20 12:00:00,0.633,0.633,0.633,0.633,0.0,True
671,2023-08-20 13:00:00,0.633,0.633,0.633,0.633,8842.2,True
672,2023-08-20 14:00:00,0.633,0.633,0.633,0.633,0.0,True
673,2023-08-20 15:00:00,0.633,0.633,0.633,0.633,0.0,True
674,2023-08-20 16:00:00,0.633,0.633,0.633,0.633,0.0,True
675,2023-08-20 17:00:00,0.633,0.633,0.633,0.633,0.0,True
676,2023-08-20 18:00:00,0.633,0.633,0.633,0.633,394.9,True
677,2023-08-20 19:00:00,0.633,0.633,0.633,0.633,0.0,True
678,2023-08-20 20:00:00,0.633,0.633,0.633,0.633,0.0,True
679,2023-08-20 21:00:00,0.633,0.633,0.633,0.633,0.0,True
680,2023-08-20 22:00:00,0.633,0.633,0.633,0.633,0.0,True
681,2023-08-20 23:00:00,0.633,0.633,0.633,0.633,0.0,True
682,2023-08-21 00:00:00,0.633,0.633,0.633,0.633,0.0,True
683,2023-08-21 01:00:00,0.633,0.633,0.633,0.633,131.5,True
684,2023-08-21 02:00:00,0.633,0.633,0.633,0.633,0.0,True
685,2023-08-21 03:00:00,0.633,0.633,0.633,0.633,0.0,True
686,2023-08-21 04:00:00,0.633,0.633,0.633,0.633,0.0,True
687,2023-08-21 05:00:00,0.633,0.633,0.633,0.633,0.0,True
688,2023-08-21 06:00:00,0.633,0.633,0.633,0.633,0.0,True
689,2023-08-21 07:00:00,0.633,0.633,0.633,0.633,0.0,True
690,2023-08-21 08:00:00,0.633,0.633,0.633,0.633,0.0,True
691,2023-08-21 09:00:00,0.633,0.633,0.633,0.633,0.0,True
692,2023-08-21 10:00:00,0.633,0.633,0.633,0.633,100.0,True
693,2023-08-21 11:00:00,0.633,0.633,0.633,0.633,0.0,True
694,2023-08-21 12:00:00,0.633,0.633,0.633,0.633,0.0,True
695,2023-08-21 13:00:00,0.633,0.633,0.633,0.633,0.0,True
696,2023-08-21 14:00:00,0.633,0.633,0.633,0.633,0.0,True
697,2023-08-21 15:00:00,0.633,0.633,0.633,0.633,0.0,True
698,2023-08-21 16:00:00,0.633,0.633,0.633,0.633,100.0,True
699,2023-08-21 17:00:00,0.633,0.633,0.633,0.633,0.0,True
700,2023-08-21 18:00:00,0.633,0.633,0.633,0.633,0.0,True
701,2023-08-21 19:00:00,0.633,0.633,0.633,0.633,64.6,True
702,2023-08-21 20:00:00,0.633,0.633,0.633,0.633,0.0,True
703,2023-08-21 21:00:00,0.633,0.633,0.633,0.633,709.0,True
704,2023-08-21 22:00:00,0.633,0.633,0.633,0.633,0.0,True
705,2023-08-21 23:00:00,0.633,0.633,0.633,0.633,0.0,True
706,2023-08-22 00:00:00,0.633,0.633,0.633,0.633,0.0,True
707,2023-08-22 01:00:00,0.633,0.633,0.633,0.633,0.0,True
708,2023-08-22 02:00:00,0.633,0.633,0.633,0.633,0.0,True
709,2023-08-22 03:00:00,0.633,0.633,0.633,0.633,0.0,True
710,2023-08-22 04:00:00,0.633,0.633,0.633,0.633,0.0,True
711,2023-08-22 05:00:00,0.633,0.633,0.633,0.633,0.0,True
712,2023-08-22 06:00:00,0.633,0.633,0.633,0.633,0.0,True
713,2023-08-22 07:00:00,0.633,0.633,0.633,0.633,0.0,True
714,2023-08-22 08:00:00,0.633,0.633,0.633,0.633,0.0,True
715,2023-08-22 09:00:00,0.633,0.633,0.633,0.633,0.0,True
716,2023-08-22 10:00:00,0.633,0.633,0.633,0.633,0.0,True
717,2023-08-22 11:00:00,0.633,0.633,0.633,0.633,0.0,True
718,2023-08-22 12:00:00,0.633,0.633,0.633,0.633,0.0,True
719,2023-08-22 13:00:00,0.633,0.633,0.633,0.633,0.0,True
720,2023-08-22 14:00:00,0.633,0.633,0.633,0.633,0.0,True
721,2023-08-22 15:00:00,0.633,0.633,0.633,0.633,10.0,True
722,2023-08-22 16:00:00,0.633,0.633,0.633,0.633,0.0,True
723,2023-08-22 17:00:00,0.633,0.633,0.633,0.633,0.0,True
724,2023-08-22 18:00:00,0.633,0.633,0.633,0.633,0.0,True
725,2023-08-22 19:00:00,0.633,0.633,0.633,0.633,0.0,True
726,2023-08-22 20:00:00,0.633,0.633,0.633,0.633,0.0,True
727,2023-08-22 21:00:00,0.6,0.6,0.6,0.6,166.6,True
728,2023-08-22 22:00:00,0.6,0.6,0.6,0.6,0.0,True
729,2023-08-22 23:00:00,0.6,0.6,0.6,0.6,0.0,True
730,2023-08-23 00:00:00,0.6,0.6,0.6,0.6,0.0,True
731,2023-08-23 01:00:00,0.6,0.6,0.6,0.6,0.0,True
732,2023-08-23 02:00:00,0.6,0.6,0.6,0.6,0.0,True
733,2023-08-23 03:00:00,0.6,0.6,0.6,0.6,0.0,True
734,2023-08-23 04:00:00,0.6,0.6,0.6,0.6,0.0,True
735,2023-08-23 05:00:00,0.575,0.575,0.575,0.575,167.5,True
736,2023-08-23 06:00:00,0.575,0.575,0.575,0.575,461.4,True
737,2023-08-23 07:00:00,0.575,0.575,0.575,0.575,0.0,True
738,2023-08-23 08:00:00,0.575,0.575,0.575,0.575,0.0,True
739,2023-08-23 09:00:00,0.575,0.575,0.575,0.575,17.3,True
740,2023-08-23 10:00:00,0.575,0.575,0.575,0.575,2314.2,True
741,2023-08-23 11:00:00,0.575,0.575,0.575,0.575,3450.3,True
742,2023-08-23 12:00:00,0.575,0.68,0.575,0.68,2400.0,True
743,2023-08-23 13:00:00,0.68,0.68,0.68,0.68,0.0,True
744,2023-08-23 14:00:00,0.68,0.68,0.68,0.68,0.0,True
745,2023-08-23 15:00:00,0.68,0.68,0.68,0.68,0.0,True
746,2023-08-23 16:00:00,0.68,0.68,0.68,0.68,0.0,True
747,2023-08-23 17:00:00,0.68,0.68,0.68,0.68,0.0,True
748,2023-08-23 18:00:00,0.643,0.643,0.643,0.643,155.5,True
749,2023-08-23 19:00:00,0.643,0.643,0.643,0.643,0.0,True
750,2023-08-23 20:00:00,0.643,0.643,0.643,0.643,0.0,True
751,2023-08-23 21:00:00,0.643,0.643,0.643,0.643,0.0,True
752,2023-08-23 22:00:00,0.643,0.643,0.643,0.643,0.0,True
753,2023-08-23 23:00:00,0.643,0.643,0.643,0.643,0.0,True
754,2023-08-24 00:00:00,0.643,0.643,0.643,0.643,0.0,True
755,2023-08-24 01:00:00,0.643,0.643,0.643,0.643,0.0,True
756,2023-08-24 02:00:00,0.643,0.643,0.643,0.643,0.0,True
757,2023-08-24 03:00:00,0.643,0.643,0.643,0.643,0.0,True
758,2023-08-24 04:00:00,0.643,0.643,0.643,0.643,0.0,True
759,2023-08-24 05:00:00,0.643,0.643,0.643,0.643,0.0,True
760,2023-08-24 06:00:00,0.643,0.643,0.643,0.643,182.1,True
761,2023-08-24 07:00:00,0.643,0.643,0.643,0.643,100.0,True
762,2023-08-24 08:00:00,0.643,0.643,0.643,0.643,7493.9,True
763,2023-08-24 09:00:00,0.643,0.643,0.643,0.643,0.0,True
764,2023-08-24 10:00:00,0.575,0.575,0.575,0.575,7493.9,True
765,2023-08-24 11:00:00,0.575,0.575,0.575,0.575,0.0,True
766,2023-08-24 12:00:00,0.575,0.575,0.575,0.575,0.0,True
767,2023-08-24 13:00:00,0.575,0.575,0.575,0.575,0.0,True
768,2023-08-24 14:00:00,0.575,0.575,0.575,0.575,60.3,True
769,2023-08-24 15:00:00,0.575,0.575,0.575,0.575,0.0,True
770,2023-08-24 16:00:00,0.575,0.575,0.575,0.575,0.0,True
771,2023-08-24 17:00:00,0.575,0.575,0.575,0.575,0.0,True
772,2023-08-24 18:00:00,0.575,0.575,0.575,0.575,0.0,True
773,2023-08-24 19:00:00,0.575,0.575,0.575,0.575,0.0,True
774,2023-08-24 20:00:00,0.575,0.575,0.575,0.575,0.0,True
775,2023-08-24 21:00:00,0.575,0.575,0.575,0.575,0.0,True
776,2023-08-24 22:00:00,0.575,0.575,0.575,0.575,0.0,True
777,2023-08-24 23:00:00,0.575,0.575,0.575,0.575,0.0,True
778,2023-08-25 00:00:00,0.575,0.575,0.575,0.575,0.0,True
779,2023-08-25 01:00:00,0.575,0.575,0.575,0.575,5936.2,True
780,2023-08-25 02:00:00,0.575,0.575,0.575,0.575,0.0,True
781,2023-08-25 03:00:00,0.575,0.575,0.575,0.575,0.0,True
782,2023-08-25 04:00:00,0.575,0.575,0.575,0.575,0.0,True
783,2023-08-25 05:00:00,0.575,0.575,0.575,0.575,0.0,True
784,2023-08-25 06:00:00,0.575,0.575,0.575,0.575,0.0,True
785,2023-08-25 07:00:00,0.575,0.575,0.575,0.575,0.0,True
786,2023-08-25 08:00:00,0.575,0.575,0.575,0.575,0.0,True
787,2023-08-25 09:00:00,0.575,0.575,0.575,0.575,0.0,True
788,2023-08-25 10:00:00,0.575,0.575,0.575,0.575,0.0,True
789,2023-08-25 11:00:00,0.575,0.575,0.575,0.575,0.0,True
790,2023-08-25 12:00:00,0.575,0.575,0.575,0.575,0.0,True
791,2023-08-25 13:00:00,0.575,0.575,0.575,0.575,0.0,True
792,2023-08-25 14:00:00,0.575,0.575,0.575,0.575,0.0,True
793,2023-08-25 15:00:00,0.575,0.575,0.575,0.575,0.0,True
794,2023-08-25 16:00:00,0.575,0.575,0.575,0.575,0.0,True
795,2023-08-25 17:00:00,0.575,0.575,0.575,0.575,0.0,True
796,2023-08-25 18:00:00,0.575,0.575,0.575,0.575,0.0,True
797,2023-08-25 19:00:00,0.575,0.575,0.575,0.575,63.0,True
798,2023-08-25 20:00:00,0.575,0.575,0.575,0.575,7.9,True
799,2023-08-25 21:00:00,0.575,0.575,0.575,0.575,0.0,True
800,2023-08-25 22:00:00,0.575,0.575,0.575,0.575,0.0,True
801,2023-08-25 23:00:00,0.575,0.575,0.575,0.575,0.0,True
802,2023-08-26 00:00:00,0.575,0.575,0.575,0.575,0.0,True
803,2023-08-26 01:00:00,0.575,0.575,0.575,0.575,0.0,True
804,2023-08-26 02:00:00,0.575,0.575,0.575,0.575,0.0,True
805,2023-08-26 03:00:00,0.575,0.575,0.575,0.575,0.0,True
806,2023-08-26 04:00:00,0.575,0.575,0.575,0.575,0.0,True
807,2023-08-26 05:00:00,0.575,0.575,0.575,0.575,0.0,True
808,2023-08-26 06:00:00,0.575,0.575,0.575,0.575,0.0,True
809,2023-08-26 07:00:00,0.575,0.575,0.575,0.575,0.0,True
810,2023-08-26 08:00:00,0.575,0.575,0.575,0.575,0.0,True
811,2023-08-26 09:00:00,0.575,0.575,0.575,0.575,0.0,True
812,2023-08-26 10:00:00,0.575,0.575,0.575,0.575,0.0,True
813,2023-08-26 11:00:00,0.575,0.575,0.575,0.575,0.0,True
814,2023-08-26 12:00:00,0.575,0.575,0.575,0.575,0.0,True
815,2023-08-26 13:00:00,0.575,0.575,0.575,0.575,0.0,True
816,2023-08-26 14:00:00,0.575,0.575,0.575,0.575,0.0,True
817,2023-08-26 15:00:00,0.575,0.575,0.575,0.575,0.0,True
818,2023-08-26 16:00:00,0.575,0.575,0.575,0.575,0.0,True
819,2023-08-26 17:00:00,0.575,0.575,0.575,0.575,0.0,True
820,2023-08-26 18:00:00,0.575,0.575,0.575,0.575,0.0,True
821,2023-08-26 19:00:00,0.575,0.575,0.575,0.575,0.0,True
822,2023-08-26 20:00:00,0.575,0.575,0.575,0.575,0.0,True
823,2023-08-26 21:00:00,0.575,0.575,0.575,0.575,0.0,True
824,2023-08-26 22:00:00,0.575,0.575,0.575,0.575,0.0,True
825,2023-08-26 23:00:00,0.575,0.575,0.575,0.575,0.0,True
826,2023-08-27 00:00:00,0.575,0.575,0.575,0.575,0.0,True
827,2023-08-27 01:00:00,0.575,0.575,0.575,0.575,7.9,True
828,2023-08-27 02:00:00,0.575,0.575,0.575,0.575,0.0,True
829,2023-08-27 03:00:00,0.575,0.575,0.575,0.575,0.0,True
830,2023-08-27 04:00:00,0.575,0.575,0.575,0.575,0.0,True
831,2023-08-27 05:00:00,0.575,0.575,0.575,0.575,0.0,True
832,2023-08-27 06:00:00,0.575,0.575,0.575,0.575,8.0,True
833,2023-08-27 07:00:00,0.575,0.575,0.575,0.575,0.0,True
834,2023-08-27 08:00:00,0.575,0.575,0.575,0.575,0.0,True
835,2023-08-27 09:00:00,0.575,0.575,0.575,0.575,0.0,True
836,2023-08-27 10:00:00,0.575,0.575,0.575,0.575,0.0,True
837,2023-08-27 11:00:00,0.575,0.575,0.575,0.575,0.0,True
838,2023-08-27 12:00:00,0.575,0.575,0.575,0.575,0.0,True
839,2023-08-27 13:00:00,0.575,0.575,0.575,0.575,0.0,True
840,2023-08-27 14:00:00,0.575,0.575,0.575,0.575,0.0,True
841,2023-08-27 15:00:00,0.575,0.575,0.575,0.575,0.0,True
842,2023-08-27 16:00:00,0.575,0.575,0.575,0.575,0.0,True
843,2023-08-27 17:00:00,0.575,0.575,0.575,0.575,0.0,True
844,2023-08-27 18:00:00,0.575,0.575,0.575,0.575,0.0,True
845,2023-08-27 19:00:00,0.575,0.575,0.575,0.575,0.0,True
846,2023-08-27 20:00:00,0.575,0.575,0.575,0.575,0.0,True
847,2023-08-27 21:00:00,0.575,0.575,0.575,0.575,155.5,True
848,2023-08-27 22:00:00,0.575,0.575,0.575,0.575,0.0,True
849,2023-08-27 23:00:00,0.575,0.575,0.575,0.575,0.0,True
850,2023-08-28 00:00:00,0.575,0.575,0.575,0.575,0.0,True
851,2023-08-28 01:00:00,0.575,0.575,0.575,0.575,0.0,True
852,2023-08-28 02:00:00,0.575,0.575,0.575,0.575,86.2,True
853,2023-08-28 03:00:00,0.575,0.575,0.575,0.575,0.0,True
854,2023-08-28 04:00:00,0.575,0.575,0.575,0.575,0.0,True
855,2023-08-28 05:00:00,0.575,0.575,0.575,0.575,0.0,True
856,2023-08-28 06:00:00,0.575,0.575,0.575,0.575,0.0,True
857,2023-08-28 07:00:00,0.575,0.575,0.575,0.575,0.0,True
858,2023-08-28 08:00:00,0.575,0.575,0.575,0.575,0.0,True
859,2023-08-28 09:00:00,0.575,0.575,0.575,0.575,0.0,True
860,2023-08-28 10:00:00,0.575,0.575,0.575,0.575,0.0,True
861,2023-08-28 11:00:00,0.575,0.575,0.575,0.575,0.0,True
862,2023-08-28 12:00:00,0.575,0.575,0.575,0.575,0.0,True
863,2023-08-28 13:00:00,0.575,0.575,0.575,0.575,0.0,True
864,2023-08-28 14:00:00,0.575,0.575,0.575,0.575,0.0,True
865,2023-08-28 15:00:00,0.612,0.612,0.612,0.612,808.7,True
866,2023-08-28 16:00:00,0.612,0.612,0.612,0.612,0.0,True
867,2023-08-28 17:00:00,0.612,0.612,0.612,0.612,0.0,True
868,2023-08-28 18:00:00,0.612,0.612,0.612,0.612,0.0,True
869,2023-08-28 19:00:00,0.612,0.612,0.612,0.612,0.0,True
870,2023-08-28 20:00:00,0.612,0.612,0.612,0.612,0.0,True
871,2023-08-28 21:00:00,0.612,0.612,0.612,0.612,0.0,True
872,2023-08-28 22:00:00,0.612,0.612,0.612,0.612,0.0,True
873,2023-08-28 23:00:00,0.612,0.612,0.612,0.612,0.0,True
874,2023-08-29 00:00:00,0.612,0.612,0.612,0.612,0.0,True
875,2023-08-29 01:00:00,0.612,0.612,0.612,0.612,0.0,True
876,2023-08-29 02:00:00,0.612,0.612,0.612,0.612,0.0,True
877,2023-08-29 03:00:00,0.61,0.61,0.61,0.61,32.3,True
878,2023-08-29 04:00:00,0.61,0.61,0.61,0.61,16.1,True
879,2023-08-29 05:00:00,0.61,0.61,0.61,0.61,0.0,True
880,2023-08-29 06:00:00,0.61,0.61,0.61,0.61,0.0,True
881,2023-08-29 07:00:00,0.61,0.61,0.61,0.61,0.0,True
882,2023-08-29 08:00:00,0.61,0.61,0.61,0.61,0.0,True
883,2023-08-29 09:00:00,0.61,0.61,0.61,0.61,0.0,True
884,2023-08-29 10:00:00,0.61,0.61,0.61,0.61,0.0,True
885,2023-08-29 11:00:00,0.61,0.61,0.61,0.61,0.0,True
886,2023-08-29 12:00:00,0.61,0.61,0.61,0.61,0.0,True
887,2023-08-29 13:00:00,0.61,0.61,0.61,0.61,555.6,True
888,2023-08-29 14:00:00,0.61,0.61,0.61,0.61,403.8,True
889,2023-08-29 15:00:00,0.61,0.61,0.61,0.61,0.0,True
890,2023-08-29 16:00:00,0.61,0.61,0.61,0.61,0.0,True
891,2023-08-29 17:00:00,0.61,0.61,0.61,0.61,0.0,True
892,2023-08-29 18:00:00,0.61,0.61,0.61,0.61,0.0,True
893,2023-08-29 19:00:00,0.61,0.61,0.61,0.61,0.0,True
894,2023-08-29 20:00:00,0.61,0.61,0.61,0.61,0.0,True
895,2023-08-29 21:00:00,0.61,0.61,0.61,0.61,0.0,True
896,2023-08-29 22:00:00,0.61,0.61,0.61,0.61,0.0,True
897,2023-08-29 23:00:00,0.61,0.61,0.61,0.61,0.0,True
898,2023-08-30 00:00:00,0.61,0.61,0.61,0.61,0.0,True
899,2023-08-30 01:00:00,0.61,0.61,0.61,0.61,0.0,True
900,2023-08-30 02:00:00,0.61,0.61,0.61,0.61,0.0,True
901,2023-08-30 03:00:00,0.61,0.61,0.61,0.61,0.0,True
902,2023-08-30 04:00:00,0.61,0.61,0.61,0.61,0.0,True
903,2023-08-30 05:00:00,0.61,0.61,0.61,0.61,0.0,True
904,2023-08-30 06:00:00,0.61,0.61,0.61,0.61,0.0,True
905,2023-08-30 07:00:00,0.61,0.61,0.61,0.61,0.0,True
906,2023-08-30 08:00:00,0.61,0.61,0.61,0.61,0.0,True
907,2023-08-30 09:00:00,0.61,0.61,0.61,0.61,0.0,True
908,2023-08-30 10:00:00,0.61,0.61,0.61,0.61,0.0,True
909,2023-08-30 11:00:00,0.61,0.61,0.61,0.61,0.0,True
910,2023-08-30 12:00:00,0.61,0.61,0.61,0.61,0.0,True
911,2023-08-30 13:00:00,0.61,0.61,0.61,0.61,0.0,True
912,2023-08-30 14:00:00,0.61,0.61,0.61,0.61,0.0,True
913,2023-08-30 15:00:00,0.61,0.61,0.61,0.61,0.0,True
914,2023-08-30 16:00:00,0.58,0.58,0.58,0.58,609.4,True
915,2023-08-30 17:00:00,0.58,0.58,0.58,0.58,0.0,True
916,2023-08-30 18:00:00,0.58,0.58,0.58,0.58,0.0,True
917,2023-08-30 19:00:00,0.58,0.58,0.58,0.58,0.0,True
918,2023-08-30 20:00:00,0.58,0.58,0.58,0.58,0.0,True
919,2023-08-30 21:00:00,0.58,0.58,0.58,0.58,0.0,True
920,2023-08-30 22:00:00,0.58,0.58,0.58,0.58,0.0,True
921,2023-08-30 23:00:00,0.58,0.58,0.58,0.58,0.0,True
922,2023-08-31 00:00:00,0.637,0.637,0.637,0.637,236.9,True
923,2023-08-31 01:00:00,0.637,0.637,0.637,0.637,0.0,True
924,2023-08-31 02:00:00,0.637,0.637,0.637,0.637,0.0,True
925,2023-08-31 03:00:00,0.637,0.637,0.637,0.637,0.0,True
926,2023-08-31 04:00:00,0.637,0.637,0.637,0.637,403.8,True
927,2023-08-31 05:00:00,0.637,0.637,0.637,0.637,0.0,True
928,2023-08-31 06:00:00,0.637,0.637,0.637,0.637,0.0,True
929,2023-08-31 07:00:00,0.637,0.637,0.58,0.58,31.2,True
930,2023-08-31 08:00:00,0.637,0.637,0.637,0.637,1015.4,True
931,2023-08-31 09:00:00,0.637,0.637,0.637,0.637,0.0,True
932,2023-08-31 10:00:00,0.637,0.637,0.637,0.637,0.0,True
933,2023-08-31 11:00:00,0.64,0.64,0.64,0.64,86.3,True
934,2023-08-31 12:00:00,0.64,0.64,0.64,0.64,0.0,True
935,2023-08-31 13:00:00,0.64,0.64,0.64,0.64,2213.3,True
936,2023-08-31 14:00:00,0.72,0.72,0.72,0.72,162.5,True
937,2023-08-31 15:00:00,0.58,0.58,0.58,0.58,409.4,True
938,2023-08-31 16:00:00,0.575,0.575,0.575,0.575,1533.0,True
939,2023-08-31 17:00:00,0.575,0.575,0.575,0.575,30.0,True
940,2023-08-31 18:00:00,0.575,0.575,0.575,0.575,0.0,True
941,2023-08-31 19:00:00,0.575,0.575,0.575,0.575,0.0,True
942,2023-08-31 20:00:00,0.575,0.575,0.575,0.575,0.0,True
943,2023-08-31 21:00:00,0.575,0.575,0.575,0.575,0.0,True
944,2023-08-31 22:00:00,0.575,0.575,0.575,0.575,0.0,True
945,2023-08-31 23:00:00,0.575,0.575,0.575,0.575,0.0,True
946,2023-09-01 00:00:00,0.575,0.575,0.575,0.575,0.0,True
947,2023-09-01 01:00:00,0.575,0.575,0.575,0.575,0.0,True
948,2023-09-01 02:00:00,0.575,0.575,0.575,0.575,0.0,True
949,2023-09-01 03:00:00,0.575,0.575,0.575,0.575,0.0,True
950,2023-09-01 04:00:00,0.575,0.575,0.575,0.575,0.0,True
951,2023-09-01 05:00:00,0.575,0.575,0.575,0.575,0.0,True
952,2023-09-01 06:00:00,0.575,0.575,0.575,0.575,0.0,True
953,2023-09-01 07:00:00,0.575,0.575,0.575,0.575,0.0,True
954,2023-09-01 08:00:00,0.575,0.575,0.575,0.575,0.0,True
955,2023-09-01 09:00:00,0.575,0.575,0.575,0.575,0.0,True
956,2023-09-01 10:00:00,0.575,0.575,0.575,0.575,0.0,True
957,2023-09-01 11:00:00,0.575,0.575,0.575,0.575,0.0,True
958,2023-09-01 12:00:00,0.62,0.62,0.62,0.62,147.5,True
959,2023-09-01 13:00:00,0.62,0.62,0.62,0.62,59.4,True
960,2023-09-01 14:00:00,0.62,0.62,0.62,0.62,0.0,True
961,2023-09-01 15:00:00,0.62,0.62,0.62,0.62,0.0,True
962,2023-09-01 16:00:00,0.62,0.62,0.62,0.62,0.0,True
963,2023-09-01 17:00:00,0.62,0.62,0.62,0.62,0.0,True
964,2023-09-01 18:00:00,0.62,0.62,0.62,0.62,0.0,True
965,2023-09-01 19:00:00,0.62,0.62,0.62,0.62,0.0,True
966,2023-09-01 20:00:00,0.62,0.62,0.62,0.62,0.0,True
967,2023-09-01 21:00:00,0.62,0.62,0.62,0.62,0.0,True
968,2023-09-01 22:00:00,0.62,0.62,0.62,0.62,0.0,True
969,2023-09-01 23:00:00,0.62,0.62,0.62,0.62,0.0,True
970,2023-09-02 00:00:00,0.62,0.62,0.62,0.62,0.0,True
971,2023-09-02 01:00:00,0.62,0.62,0.62,0.62,0.0,True
972,2023-09-02 02:00:00,0.62,0.62,0.62,0.62,0.0,True
973,2023-09-02 03:00:00,0.62,0.62,0.62,0.62,0.0,True
974,2023-09-02 04:00:00,0.62,0.62,0.62,0.62,164.2,True
975,2023-09-02 05:00:00,0.62,0.62,0.62,0.62,0.0,True
976,2023-09-02 06:00:00,0.62,0.62,0.62,0.62,0.0,True
977,2023-09-02 07:00:00,0.62,0.62,0.62,0.62,0.0,True
978,2023-09-02 08:00:00,0.62,0.62,0.62,0.62,0.0,True
979,2023-09-02 09:00:00,0.62,0.62,0.62,0.62,0.0,True
980,2023-09-02 10:00:00,0.62,0.62,0.62,0.62,0.0,True
981,2023-09-02 11:00:00,0.62,0.62,0.62,0.62,0.0,True
982,2023-09-02 12:00:00,0.62,0.62,0.62,0.62,0.0,True
983,2023-09-02 13:00:00,0.62,0.62,0.575,0.575,8064.5,True
984,2023-09-02 14:00:00,0.575,0.575,0.575,0.575,0.0,True
985,2023-09-02 15:00:00,0.575,0.575,0.575,0.575,0.0,True
986,2023-09-02 16:00:00,0.575,0.575,0.575,0.575,0.0,True
987,2023-09-02 17:00:00,0.575,0.575,0.575,0.575,0.0,True
988,2023-09-02 18:00:00,0.575,0.575,0.575,0.575,0.0,True
989,2023-09-02 19:00:00,0.575,0.575,0.575,0.575,0.0,True
990,2023-09-02 20:00:00,0.575,0.575,0.575,0.575,0.0,True
991,2023-09-02 21:00:00,0.575,0.575,0.575,0.575,0.0,True
992,2023-09-02 22:00:00,0.575,0.575,0.575,0.575,0.0,True
993,2023-09-02 23:00:00,0.575,0.575,0.575,0.575,0.0,True
994,2023-09-03 00:00:00,0.575,0.575,0.575,0.575,0.0,True
995,2023-09-03 01:00:00,0.575,0.575,0.575,0.575,0.0,True
996,2023-09-03 02:00:00,0.575,0.575,0.575,0.575,0.0,True
997,2023-09-03 03:00:00,0.575,0.575,0.575,0.575,0.0,True
998,2023-09-03 04:00:00,0.575,0.575,0.575,0.575,0.0,True
999,2023-09-03 05:00:00,0.575,0.575,0.575,0.575,0.0,True
1000,2023-09-03 06:00:00,0.575,0.575,0.575,0.575,0.0,True
1001,2023-09-03 07:00:00,0.575,0.575,0.575,0.575,0.0,True
1002,2023-09-03 08:00:00,0.575,0.575,0.575,0.575,0.0,True
1003,2023-09-03 09:00:00,0.575,0.575,0.575,0.575,0.0,True
1004,2023-09-03 10:00:00,0.575,0.575,0.575,0.575,0.0,True
1005,2023-09-03 11:00:00,0.575,0.575,0.575,0.575,0.0,True
1006,2023-09-03 12:00:00,0.575,0.575,0.575,0.575,0.0,True
1007,2023-09-03 13:00:00,0.575,0.575,0.575,0.575,0.0,True
1008,2023-09-03 14:00:00,0.575,0.575,0.575,0.575,0.0,True
1009,2023-09-03 15:00:00,0.575,0.575,0.575,0.575,0.0,True
1010,2023-09-03 16:00:00,0.575,0.575,0.575,0.575,0.0,True
1011,2023-09-03 17:00:00,0.575,0.575,0.575,0.575,0.0,True
1012,2023-09-03 18:00:00,0.575,0.575,0.575,0.575,0.0,True
1013,2023-09-03 19:00:00,0.575,0.575,0.575,0.575,0.0,True
1014,2023-09-03 20:00:00,0.575,0.575,0.575,0.575,0.0,True
1015,2023-09-03 21:00:00,0.575,0.575,0.575,0.575,0.0,True
1016,2023-09-03 22:00:00,0.575,0.575,0.575,0.575,0.0,True
1017,2023-09-03 23:00:00,0.575,0.575,0.575,0.575,0.0,True
1018,2023-09-04 00:00:00,0.575,0.575,0.575,0.575,0.0,True
1019,2023-09-04 01:00:00,0.575,0.575,0.575,0.575,0.0,True
1020,2023-09-04 02:00:00,0.575,0.575,0.575,0.575,0.0,True
1021,2023-09-04 03:00:00,0.575,0.575,0.575,0.575,0.0,True
1022,2023-09-04 04:00:00,0.575,0.575,0.575,0.575,0.0,True
1023,2023-09-04 05:00:00,0.575,0.575,0.575,0.575,0.0,True
1024,2023-09-04 06:00:00,0.575,0.575,0.575,0.575,0.0,True
1025,2023-09-04 07:00:00,0.575,0.575,0.575,0.575,0.0,True
1026,2023-09-04 08:00:00,0.575,0.575,0.575,0.575,0.0,True
1027,2023-09-04 09:00:00,0.575,0.575,0.575,0.575,23500.9,True
1028,2023-09-04 10:00:00,0.575,0.575,0.575,0.575,0.0,True
1029,2023-09-04 11:00:00,0.575,0.575,0.575,0.575,0.0,True
1030,2023-09-04 12:00:00,0.575,0.575,0.575,0.575,0.0,True
1031,2023-09-04 13:00:00,0.575,0.575,0.575,0.575,0.0,True
1032,2023-09-04 14:00:00,0.575,0.575,0.575,0.575,0.0,True
1033,2023-09-04 15:00:00,0.575,0.575,0.575,0.575,0.0,True
1034,2023-09-04 16:00:00,0.575,0.575,0.575,0.575,0.0,True
1035,2023-09-04 17:00:00,0.575,0.575,0.575,0.575,0.0,True
1036,2023-09-04 18:00:00,0.575,0.575,0.575,0.575,0.0,True
1037,2023-09-04 19:00:00,0.575,0.575,0.575,0.575,0.0,True
1038,2023-09-04 20:00:00,0.575,0.575,0.575,0.575,0.0,True
1039,2023-09-04 21:00:00,0.575,0.575,0.575,0.575,0.0,True
1040,2023-09-04 22:00:00,0.575,0.575,0.575,0.575,0.0,True
1041,2023-09-04 23:00:00,0.575,0.575,0.575,0.575,0.0,True
1042,2023-09-05 00:00:00,0.575,0.575,0.575,0.575,0.0,True
1043,2023-09-05 01:00:00,0.575,0.575,0.575,0.575,0.0,True
1044,2023-09-05 02:00:00,0.575,0.575,0.575,0.575,0.0,True
1045,2023-09-05 03:00:00,0.575,0.575,0.575,0.575,0.0,True
1046,2023-09-05 04:00:00,0.575,0.575,0.575,0.575,0.0,True
1047,2023-09-05 05:00:00,0.575,0.575,0.575,0.575,0.0,True
1048,2023-09-05 06:00:00,0.575,0.575,0.575,0.575,0.0,True
1049,2023-09-05 07:00:00,0.575,0.575,0.575,0.575,0.0,True
1050,2023-09-05 08:00:00,0.575,0.575,0.575,0.575,0.0,True
1051,2023-09-05 09:00:00,0.575,0.575,0.575,0.575,0.0,True
1052,2023-09-05 10:00:00,0.575,0.575,0.575,0.575,0.0,True
1053,2023-09-05 11:00:00,0.575,0.575,0.575,0.575,0.0,True
1054,2023-09-05 12:00:00,0.575,0.575,0.575,0.575,0.0,True
1055,2023-09-05 13:00:00,0.575,0.575,0.575,0.575,0.0,True
1056,2023-09-05 14:00:00,0.575,0.575,0.575,0.575,0.0,True
1057,2023-09-05 15:00:00,0.575,0.575,0.575,0.575,0.0,True
1058,2023-09-05 16:00:00,0.575,0.575,0.575,0.575,0.0,True
1059,2023-09-05 17:00:00,0.575,0.575,0.575,0.575,0.0,True
1060,2023-09-05 18:00:00,0.575,0.575,0.575,0.575,0.0,True
1061,2023-09-05 19:00:00,0.575,0.575,0.575,0.575,0.0,True
1062,2023-09-05 20:00:00,0.575,0.575,0.575,0.575,0.0,True
1063,2023-09-05 21:00:00,0.575,0.575,0.575,0.575,0.0,True
1064,2023-09-05 22:00:00,0.575,0.575,0.575,0.575,0.0,True
1065,2023-09-05 23:00:00,0.575,0.575,0.575,0.575,0.0,True
1066,2023-09-06 00:00:00,0.575,0.575,0.575,0.575,0.0,True
1067,2023-09-06 01:00:00,0.575,0.575,0.575,0.575,0.0,True
1068,2023-09-06 02:00:00,0.575,0.575,0.575,0.575,0.0,True
1069,2023-09-06 03:00:00,0.575,0.575,0.575,0.575,0.0,True
1070,2023-09-06 04:00:00,0.575,0.575,0.575,0.575,0.0,True
1071,2023-09-06 05:00:00,0.575,0.575,0.575,0.575,0.0,True
1072,2023-09-06 06:00:00,0.575,0.575,0.575,0.575,0.0,True
1073,2023-09-06 07:00:00,0.575,0.575,0.575,0.575,0.0,True
1074,2023-09-06 08:00:00,0.575,0.575,0.575,0.575,0.0,True
1075,2023-09-06 09:00:00,0.575,0.575,0.575,0.575,0.0,True
1076,2023-09-06 10:00:00,0.575,0.575,0.575,0.575,0.0,True
1077,2023-09-06 11:00:00,0.575,0.575,0.575,0.575,0.0,True
1078,2023-09-06 12:00:00,0.575,0.575,0.575,0.575,0.0,True
1079,2023-09-06 13:00:00,0.575,0.575,0.575,0.575,0.0,True
1080,2023-09-06 14:00:00,0.575,0.575,0.575,0.575,0.0,True
1081,2023-09-06 15:00:00,0.575,0.575,0.575,0.575,0.0,True
1082,2023-09-06 16:00:00,0.575,0.575,0.575,0.575,0.0,True
1083,2023-09-06 17:00:00,0.575,0.575,0.575,0.575,0.0,True
1084,2023-09-06 18:00:00,0.575,0.575,0.575,0.575,0.0,True
1085,2023-09-06 19:00:00,0.575,0.575,0.575,0.575,0.0,True
1086,2023-09-06 20:00:00,0.575,0.575,0.575,0.575,0.0,True
1087,2023-09-06 21:00:00,0.575,0.575,0.575,0.575,0.0,True
1088,2023-09-06 22:00:00,0.575,0.575,0.575,0.575,0.0,True
1089,2023-09-06 23:00:00,0.575,0.575,0.575,0.575,0.0,True
1090,2023-09-07 00:00:00,0.575,0.575,0.575,0.575,0.0,True
1091,2023-09-07 01:00:00,0.575,0.575,0.575,0.575,0.0,True
1092,2023-09-07 02:00:00,0.575,0.575,0.575,0.575,0.0,True
1093,2023-09-07 03:00:00,0.575,0.575,0.575,0.575,0.0,True
1094,2023-09-07 04:00:00,0.575,0.575,0.575,0.575,0.0,True
1095,2023-09-07 05:00:00,0.602,0.602,0.575,0.575,7863.1,True
1096,2023-09-07 06:00:00,0.575,0.575,0.575,0.575,0.0,True
1097,2023-09-07 07:00:00,0.575,0.575,0.575,0.575,0.0,True
1098,2023-09-07 08:00:00,0.575,0.575,0.575,0.575,0.0,True
1099,2023-09-07 09:00:00,0.575,0.575,0.575,0.575,0.0,True
1100,2023-09-07 10:00:00,0.575,0.575,0.575,0.575,0.0,True
1101,2023-09-07 11:00:00,0.575,0.575,0.575,0.575,0.0,True
1102,2023-09-07 12:00:00,0.575,0.575,0.575,0.575,0.0,True
1103,2023-09-07 13:00:00,0.575,0.575,0.575,0.575,0.0,True
1104,2023-09-07 14:00:00,0.575,0.575,0.575,0.575,0.0,True
1105,2023-09-07 15:00:00,0.575,0.575,0.575,0.575,0.0,True
1106,2023-09-07 16:00:00,0.575,0.575,0.575,0.575,0.0,True
1107,2023-09-07 17:00:00,0.575,0.575,0.575,0.575,0.0,True
1108,2023-09-07 18:00:00,0.575,0.575,0.575,0.575,0.0,True
1109,2023-09-07 19:00:00,0.575,0.575,0.575,0.575,0.0,True
1110,2023-09-07 20:00:00,0.575,0.575,0.575,0.575,0.0,True
1111,2023-09-07 21:00:00,0.575,0.575,0.575,0.575,0.0,True
1112,2023-09-07 22:00:00,0.575,0.575,0.575,0.575,0.0,True
1113,2023-09-07 23:00:00,0.575,0.575,0.575,0.575,0.0,True
1114,2023-09-08 00:00:00,0.575,0.575,0.575,0.575,0.0,True
1115,2023-09-08 01:00:00,0.575,0.575,0.575,0.575,0.0,True
1116,2023-09-08 02:00:00,0.575,0.575,0.575,0.575,0.0,True
1117,2023-09-08 03:00:00,0.575,0.575,0.575,0.575,0.0,True
1118,2023-09-08 04:00:00,0.575,0.575,0.575,0.575,0.0,True
1119,2023-09-08 05:00:00,0.58,0.58,0.58,0.58,10.0,True
1120,2023-09-08 06:00:00,0.58,0.58,0.58,0.58,862.0,True
1121,2023-09-08 07:00:00,0.693,0.693,0.693,0.693,41.3,True
1122,2023-09-08 08:00:00,0.693,0.693,0.693,0.693,0.0,True
1123,2023-09-08 09:00:00,0.693,0.693,0.693,0.693,0.0,True
1124,2023-09-08 10:00:00,0.693,0.693,0.693,0.693,63.6,True
1125,2023-09-08 11:00:00,0.693,0.693,0.693,0.693,0.0,True
1126,2023-09-08 12:00:00,0.693,0.693,0.693,0.693,4813.1,True
1127,2023-09-08 13:00:00,0.693,0.693,0.693,0.693,0.0,True
1128,2023-09-08 14:00:00,0.693,0.693,0.58,0.693,86.7,True
1129,2023-09-08 15:00:00,0.693,0.693,0.58,0.693,3778.0,True
1130,2023-09-08 16:00:00,0.693,0.693,0.693,0.693,0.0,True
1131,2023-09-08 17:00:00,0.693,0.693,0.693,0.693,0.0,True
1132,2023-09-08 18:00:00,0.58,0.58,0.58,0.58,11.3,True
1133,2023-09-08 19:00:00,0.58,0.58,0.58,0.58,0.0,True
1134,2023-09-08 20:00:00,0.58,0.58,0.58,0.58,0.0,True
1135,2023-09-08 21:00:00,0.58,0.58,0.58,0.58,0.0,True
1136,2023-09-08 22:00:00,0.58,0.58,0.58,0.58,0.0,True
1137,2023-09-08 23:00:00,0.58,0.58,0.58,0.58,0.0,True
1138,2023-09-09 00:00:00,0.581,0.693,0.581,0.693,8797.0,True
1139,2023-09-09 01:00:00,0.693,0.693,0.693,0.693,0.0,True
1140,2023-09-09 02:00:00,0.693,0.693,0.693,0.693,0.0,True
1141,2023-09-09 03:00:00,0.581,0.693,0.581,0.693,1394.5,True
1142,2023-09-09 04:00:00,0.581,0.693,0.581,0.581,748.6,True
1143,2023-09-09 05:00:00,0.581,0.581,0.581,0.581,8.7,True
1144,2023-09-09 06:00:00,0.581,0.581,0.581,0.581,0.0,True
1145,2023-09-09 07:00:00,0.664,0.664,0.581,0.581,1724.1,True
1146,2023-09-09 08:00:00,0.581,0.581,0.581,0.581,0.0,True
1147,2023-09-09 09:00:00,0.581,0.581,0.581,0.581,0.0,True
1148,2023-09-09 10:00:00,0.581,0.581,0.581,0.581,0.0,True
1149,2023-09-09 11:00:00,0.581,0.581,0.581,0.581,0.0,True
1150,2023-09-09 12:00:00,0.664,0.693,0.581,0.581,6239.0,True
1151,2023-09-09 13:00:00,0.581,0.693,0.581,0.581,81723.4,True
1152,2023-09-09 14:00:00,0.581,0.581,0.581,0.581,0.0,True
1153,2023-09-09 15:00:00,0.581,0.581,0.581,0.581,0.0,True
1154,2023-09-09 16:00:00,0.581,0.581,0.581,0.581,0.0,True
1155,2023-09-09 17:00:00,0.581,0.581,0.581,0.581,0.0,True
1156,2023-09-09 18:00:00,0.581,0.581,0.581,0.581,0.0,True
1157,2023-09-09 19:00:00,0.581,0.581,0.581,0.581,0.0,True
1158,2023-09-09 20:00:00,0.581,0.581,0.581,0.581,0.0,True
1159,2023-09-09 21:00:00,0.581,0.581,0.581,0.581,0.0,True
1160,2023-09-09 22:00:00,0.581,0.581,0.581,0.581,0.0,True
1161,2023-09-09 23:00:00,0.581,0.581,0.581,0.581,0.0,True
1162,2023-09-10 00:00:00,0.581,0.581,0.581,0.581,0.0,True
1163,2023-09-10 01:00:00,0.581,0.581,0.581,0.581,0.0,True
1164,2023-09-10 02:00:00,0.581,0.581,0.581,0.581,0.0,True
1165,2023-09-10 03:00:00,0.581,0.581,0.581,0.581,0.0,True
1166,2023-09-10 04:00:00,0.581,0.581,0.581,0.581,0.0,True
1167,2023-09-10 05:00:00,0.581,0.581,0.581,0.581,0.0,True
1168,2023-09-10 06:00:00,0.581,0.581,0.581,0.581,0.0,True
1169,2023-09-10 07:00:00,0.581,0.581,0.581,0.581,0.0,True
1170,2023-09-10 08:00:00,0.581,0.581,0.581,0.581,0.0,True
1171,2023-09-10 09:00:00,0.581,0.581,0.581,0.581,0.0,True
1172,2023-09-10 10:00:00,0.581,0.581,0.581,0.581,0.0,True
1173,2023-09-10 11:00:00,0.581,0.581,0.581,0.581,0.0,True
1174,2023-09-10 12:00:00,0.581,0.581,0.581,0.581,0.0,True
1175,2023-09-10 13:00:00,0.581,0.581,0.581,0.581,0.0,True
1176,2023-09-10 14:00:00,0.581,0.581,0.581,0.581,0.0,True
1177,2023-09-10 15:00:00,0.581,0.581,0.581,0.581,0.0,True
1178,2023-09-10 16:00:00,0.581,0.581,0.581,0.581,0.0,True
1179,2023-09-10 17:00:00,0.581,0.581,0.581,0.581,0.0,True
1180,2023-09-10 18:00:00,0.581,0.581,0.581,0.581,0.0,True
1181,2023-09-10 19:00:00,0.581,0.581,0.581,0.581,0.0,True
1182,2023-09-10 20:00:00,0.581,0.581,0.581,0.581,0.0,True
1183,2023-09-10 21:00:00,0.581,0.581,0.581,0.581,0.0,True
1184,2023-09-10 22:00:00,0.581,0.581,0.581,0.581,0.0,True
1185,2023-09-10 23:00:00,0.581,0.581,0.581,0.581,0.0,True
1186,2023-09-11 00:00:00,0.581,0.581,0.581,0.581,0.0,True
1187,2023-09-11 01:00:00,0.581,0.581,0.581,0.581,0.0,True
1188,2023-09-11 02:00:00,0.581,0.581,0.581,0.581,0.0,True
1189,2023-09-11 03:00:00,0.581,0.581,0.581,0.581,0.0,True
1190,2023-09-11 04:00:00,0.581,0.581,0.581,0.581,0.0,True
1191,2023-09-11 05:00:00,0.581,0.581,0.581,0.581,0.0,True
1192,2023-09-11 06:00:00,0.581,0.581,0.581,0.581,0.0,True
1193,2023-09-11 07:00:00,0.581,0.581,0.581,0.581,0.0,True
1194,2023-09-11 08:00:00,0.6,0.6,0.6,0.6,833.3,True
1195,2023-09-11 09:00:00,0.6,0.6,0.6,0.6,0.0,True
1196,2023-09-11 10:00:00,0.6,0.6,0.6,0.6,0.0,True
1197,2023-09-11 11:00:00,0.6,0.6,0.6,0.6,0.0,True
1198,2023-09-11 12:00:00,0.6,0.6,0.6,0.6,0.0,True
1199,2023-09-11 13:00:00,0.6,0.6,0.6,0.6,0.0,True
1200,2023-09-11 14:00:00,0.6,0.6,0.6,0.6,0.0,True
1201,2023-09-11 15:00:00,0.6,0.6,0.6,0.6,0.0,True
1202,2023-09-11 16:00:00,0.6,0.6,0.6,0.6,0.0,True
1203,2023-09-11 17:00:00,0.6,0.6,0.6,0.6,391.7,True
1204,2023-09-11 18:00:00,0.6,0.6,0.6,0.6,0.0,True
1205,2023-09-11 19:00:00,0.605,0.605,0.605,0.605,1314.0,True
1206,2023-09-11 20:00:00,0.605,0.605,0.605,0.605,0.0,True
1207,2023-09-11 21:00:00,0.605,0.605,0.605,0.605,0.0,True
1208,2023-09-11 22:00:00,0.605,0.605,0.605,0.605,0.0,True
1209,2023-09-11 23:00:00,0.605,0.605,0.605,0.605,0.0,True
1210,2023-09-12 00:00:00,0.605,0.605,0.605,0.605,0.0,True
1211,2023-09-12 01:00:00,0.605,0.605,0.605,0.605,0.0,True
1212,2023-09-12 02:00:00,0.605,0.605,0.605,0.605,0.0,True
1213,2023-09-12 03:00:00,0.605,0.605,0.605,0.605,0.0,True
1214,2023-09-12 04:00:00,0.605,0.605,0.605,0.605,391.7,True
1215,2023-09-12 05:00:00,0.605,0.605,0.605,0.605,0.0,True
1216,2023-09-12 06:00:00,0.605,0.605,0.605,0.605,0.0,True
1217,2023-09-12 07:00:00,0.605,0.605,0.605,0.605,0.0,True
1218,2023-09-12 08:00:00,0.605,0.605,0.605,0.605,0.0,True
1219,2023-09-12 09:00:00,0.605,0.605,0.58,0.58,37772.5,True
1220,2023-09-12 10:00:00,0.58,0.58,0.58,0.58,0.0,True
1221,2023-09-12 11:00:00,0.58,0.58,0.58,0.58,0.0,True
1222,2023-09-12 12:00:00,0.58,0.58,0.58,0.58,0.0,True
1223,2023-09-12 13:00:00,0.58,0.58,0.58,0.58,0.0,True
1224,2023-09-12 14:00:00,0.58,0.58,0.58,0.58,0.0,True
1225,2023-09-12 15:00:00,0.58,0.58,0.58,0.58,0.0,True
1226,2023-09-12 16:00:00,0.58,0.58,0.58,0.58,0.0,True
1227,2023-09-12 17:00:00,0.58,0.58,0.58,0.58,0.0,True
1228,2023-09-12 18:00:00,0.58,0.58,0.58,0.58,0.0,True
1229,2023-09-12 19:00:00,0.58,0.58,0.58,0.58,0.0,True
1230,2023-09-12 20:00:00,0.58,0.58,0.58,0.58,0.0,True
1231,2023-09-12 21:00:00,0.58,0.58,0.58,0.58,0.0,True
1232,2023-09-12 22:00:00,0.58,0.58,0.58,0.58,0.0,True
1233,2023-09-12 23:00:00,0.58,0.58,0.58,0.58,0.0,True
1234,2023-09-13 00:00:00,0.59,0.59,0.58,0.58,1500.0,True
1235,2023-09-13 01:00:00,0.58,0.58,0.58,0.58,0.0,True
1236,2023-09-13 02:00:00,0.58,0.58,0.575,0.575,10882.1,True
1237,2023-09-13 03:00:00,0.575,0.575,0.575,0.575,411.2,True
1238,2023-09-13 04:00:00,0.575,0.575,0.575,0.575,44.6,True
1239,2023-09-13 05:00:00,0.575,0.575,0.575,0.575,89.0,True
1240,2023-09-13 06:00:00,0.575,0.575,0.575,0.575,15825.3,True
1241,2023-09-13 07:00:00,0.575,0.575,0.575,0.575,0.0,True
1242,2023-09-13 08:00:00,0.575,0.575,0.575,0.575,0.0,True
1243,2023-09-13 09:00:00,0.575,0.575,0.575,0.575,0.0,True
1244,2023-09-13 10:00:00,0.575,0.575,0.575,0.575,0.0,True
1245,2023-09-13 11:00:00,0.575,0.575,0.575,0.575,0.0,True
1246,2023-09-13 12:00:00,0.575,0.575,0.575,0.575,0.0,True
1247,2023-09-13 13:00:00,0.575,0.575,0.575,0.575,0.0,True
1248,2023-09-13 14:00:00,0.575,0.575,0.575,0.575,0.0,True
1249,2023-09-13 15:00:00,0.575,0.575,0.575,0.575,0.0,True
1250,2023-09-13 16:00:00,0.575,0.575,0.575,0.575,0.0,True
1251,2023-09-13 17:00:00,0.575,0.575,0.575,0.575,0.0,True
1252,2023-09-13 18:00:00,0.575,0.575,0.575,0.575,0.0,True
1253,2023-09-13 19:00:00,0.575,0.575,0.575,0.575,0.0,True
1254,2023-09-13 20:00:00,0.575,0.575,0.575,0.575,0.0,True
1255,2023-09-13 21:00:00,0.575,0.575,0.575,0.575,0.0,True
1256,2023-09-13 22:00:00,0.575,0.575,0.575,0.575,0.0,True
1257,2023-09-13 23:00:00,0.575,0.575,0.575,0.575,0.0,True
1258,2023-09-14 00:00:00,0.575,0.575,0.575,0.575,0.0,True
1259,2023-09-14 01:00:00,0.575,0.575,0.575,0.575,0.0,True
1260,2023-09-14 02:00:00,0.575,0.575,0.575,0.575,0.0,True
1261,2023-09-14 03:00:00,0.575,0.575,0.575,0.575,0.0,True
1262,2023-09-14 04:00:00,0.575,0.575,0.575,0.575,0.0,True
1263,2023-09-14 05:00:00,0.575,0.575,0.575,0.575,1818.0,True
1264,2023-09-14 06:00:00,0.575,0.575,0.575,0.575,0.0,True
1265,2023-09-14 07:00:00,0.575,0.575,0.575,0.575,0.0,True
1266,2023-09-14 08:00:00,0.575,0.575,0.575,0.575,0.0,True
1267,2023-09-14 09:00:00,0.575,0.575,0.575,0.575,0.0,True
1268,2023-09-14 10:00:00,0.575,0.575,0.575,0.575,0.0,True
1269,2023-09-14 11:00:00,0.575,0.575,0.575,0.575,0.0,True
1270,2023-09-14 12:00:00,0.575,0.575,0.575,0.575,0.0,True
1271,2023-09-14 13:00:00,0.575,0.575,0.575,0.575,0.0,True
1272,2023-09-14 14:00:00,0.575,0.575,0.575,0.575,0.0,True
1273,2023-09-14 15:00:00,0.575,0.575,0.575,0.575,0.0,True
1274,2023-09-14 16:00:00,0.575,0.575,0.575,0.575,0.0,True
1275,2023-09-14 17:00:00,0.575,0.575,0.575,0.575,0.0,True
1276,2023-09-14 18:00:00,0.575,0.575,0.575,0.575,0.0,True
1277,2023-09-14 19:00:00,0.575,0.575,0.575,0.575,0.0,True
1278,2023-09-14 20:00:00,0.575,0.575,0.575,0.575,0.0,True
1279,2023-09-14 21:00:00,0.575,0.575,0.575,0.575,0.0,True
1280,2023-09-14 22:00:00,0.575,0.575,0.575,0.575,0.0,True
1281,2023-09-14 23:00:00,0.575,0.575,0.575,0.575,0.0,True
1282,2023-09-15 00:00:00,0.575,0.575,0.575,0.575,0.0,True
1283,2023-09-15 01:00:00,0.575,0.575,0.575,0.575,0.0,True
1284,2023-09-15 02:00:00,0.575,0.575,0.575,0.575,0.0,True
1285,2023-09-15 03:00:00,0.575,0.575,0.575,0.575,0.0,True
1286,2023-09-15 04:00:00,0.575,0.575,0.575,0.575,0.0,True
1287,2023-09-15 05:00:00,0.575,0.575,0.575,0.575,0.0,True
1288,2023-09-15 06:00:00,0.575,0.575,0.575,0.575,0.0,True
1289,2023-09-15 07:00:00,0.575,0.575,0.575,0.575,0.0,True
1290,2023-09-15 08:00:00,0.575,0.575,0.575,0.575,0.0,True
1291,2023-09-15 09:00:00,0.575,0.575,0.575,0.575,0.0,True
1292,2023-09-15 10:00:00,0.575,0.575,0.575,0.575,0.0,True
1293,2023-09-15 11:00:00,0.575,0.575,0.575,0.575,0.0,True
1294,2023-09-15 12:00:00,0.575,0.575,0.575,0.575,0.0,True
1295,2023-09-15 13:00:00,0.575,0.575,0.575,0.575,0.0,True
1296,2023-09-15 14:00:00,0.575,0.575,0.575,0.575,0.0,True
1297,2023-09-15 15:00:00,0.575,0.575,0.575,0.575,0.0,True
1298,2023-09-15 16:00:00,0.575,0.575,0.575,0.575,0.0,True
1299,2023-09-15 17:00:00,0.575,0.575,0.575,0.575,0.0,True
1300,2023-09-15 18:00:00,0.575,0.575,0.575,0.575,0.0,True
1301,2023-09-15 19:00:00,0.575,0.575,0.575,0.575,0.0,True
1302,2023-09-15 20:00:00,0.575,0.575,0.575,0.575,0.0,True
1303,2023-09-15 21:00:00,0.575,0.575,0.575,0.575,0.0,True
1304,2023-09-15 22:00:00,0.575,0.575,0.575,0.575,0.0,True
1305,2023-09-15 23:00:00,0.575,0.575,0.575,0.575,0.0,True
1306,2023-09-16 00:00:00,0.575,0.575,0.575,0.575,0.0,True
1307,2023-09-16 01:00:00,0.575,0.575,0.575,0.575,0.0,True
1308,2023-09-16 02:00:00,0.575,0.575,0.575,0.575,0.0,True
1309,2023-09-16 03:00:00,0.575,0.575,0.575,0.575,0.0,True
1310,2023-09-16 04:00:00,0.575,0.575,0.575,0.575,0.0,True
1311,2023-09-16 05:00:00,0.575,0.575,0.575,0.575,0.0,True
1312,2023-09-16 06:00:00,0.575,0.575,0.575,0.575,0.0,True
1313,2023-09-16 07:00:00,0.575,0.575,0.575,0.575,0.0,True
1314,2023-09-16 08:00:00,0.575,0.575,0.575,0.575,0.0,True
1315,2023-09-16 09:00:00,0.575,0.575,0.575,0.575,0.0,True
1316,2023-09-16 10:00:00,0.575,0.575,0.575,0.575,0.0,True
1317,2023-09-16 11:00:00,0.575,0.575,0.575,0.575,0.0,True
1318,2023-09-16 12:00:00,0.575,0.575,0.575,0.575,0.0,True
1319,2023-09-16 13:00:00,0.575,0.575,0.575,0.575,0.0,True
1320,2023-09-16 14:00:00,0.575,0.575,0.575,0.575,0.0,True
1321,2023-09-16 15:00:00,0.575,0.575,0.575,0.575,0.0,True
1322,2023-09-16 16:00:00,0.575,0.575,0.575,0.575,0.0,True
1323,2023-09-16 17:00:00,0.575,0.575,0.575,0.575,0.0,True
1324,2023-09-16 18:00:00,0.575,0.575,0.575,0.575,0.0,True
1325,2023-09-16 19:00:00,0.575,0.575,0.575,0.575,0.0,True
1326,2023-09-16 20:00:00,0.575,0.575,0.575,0.575,0.0,True
1327,2023-09-16 21:00:00,0.575,0.575,0.575,0.575,0.0,True
1328,2023-09-16 22:00:00,0.575,0.575,0.575,0.575,0.0,True
1329,2023-09-16 23:00:00,0.575,0.575,0.575,0.575,0.0,True
1330,2023-09-17 00:00:00,0.575,0.575,0.575,0.575,0.0,True
1331,2023-09-17 01:00:00,0.575,0.575,0.575,0.575,0.0,True
1332,2023-09-17 02:00:00,0.575,0.575,0.575,0.575,0.0,True
1333,2023-09-17 03:00:00,0.575,0.575,0.575,0.575,0.0,True
1334,2023-09-17 04:00:00,0.575,0.575,0.575,0.575,0.0,True
1335,2023-09-17 05:00:00,0.575,0.575,0.575,0.575,0.0,True
1336,2023-09-17 06:00:00,0.575,0.575,0.575,0.575,0.0,True
1337,2023-09-17 07:00:00,0.575,0.575,0.575,0.575,0.0,True
1338,2023-09-17 08:00:00,0.575,0.575,0.575,0.575,0.0,True
1339,2023-09-17 09:00:00,0.575,0.575,0.575,0.575,0.0,True
1340,2023-09-17 10:00:00,0.575,0.575,0.575,0.575,0.0,True
1341,2023-09-17 11:00:00,0.575,0.575,0.575,0.575,0.0,True
1342,2023-09-17 12:00:00,0.575,0.575,0.575,0.575,0.0,True
1343,2023-09-17 13:00:00,0.575,0.575,0.575,0.575,0.0,True
1344,2023-09-17 14:00:00,0.575,0.575,0.575,0.575,0.0,True
1345,2023-09-17 15:00:00,0.67,0.67,0.67,0.67,17.3,True
1346,2023-09-17 16:00:00,0.67,0.67,0.67,0.67,0.0,True
1347,2023-09-17 17:00:00,0.67,0.67,0.67,0.67,3946.1,True
1348,2023-09-17 18:00:00,0.575,0.575,0.575,0.575,7826.0,True
1349,2023-09-17 19:00:00,0.575,0.575,0.575,0.575,0.0,True
1350,2023-09-17 20:00:00,0.575,0.575,0.575,0.575,0.0,True
1351,2023-09-17 21:00:00,0.575,0.575,0.575,0.575,0.0,True
1352,2023-09-17 22:00:00,0.575,0.575,0.575,0.575,0.0,True
1353,2023-09-17 23:00:00,0.575,0.575,0.575,0.575,0.0,True
1354,2023-09-18 00:00:00,0.575,0.575,0.575,0.575,0.0,True
1355,2023-09-18 01:00:00,0.575,0.575,0.575,0.575,0.0,True
1356,2023-09-18 02:00:00,0.67,0.67,0.67,0.67,10775.8,True
1357,2023-09-18 03:00:00,0.6,0.6,0.6,0.6,2065.2,True
1358,2023-09-18 04:00:00,0.6,0.6,0.6,0.6,0.0,True
1359,2023-09-18 05:00:00,0.6,0.6,0.6,0.6,0.0,True
1360,2023-09-18 06:00:00,0.6,0.6,0.6,0.6,0.0,True
1361,2023-09-18 07:00:00,0.6,0.6,0.6,0.6,0.0,True
1362,2023-09-18 08:00:00,0.67,0.67,0.609,0.609,1285.2,True
1363,2023-09-18 09:00:00,0.609,0.609,0.609,0.609,0.0,True
1364,2023-09-18 10:00:00,0.609,0.609,0.609,0.609,0.0,True
1365,2023-09-18 11:00:00,0.609,0.609,0.609,0.609,0.0,True
1366,2023-09-18 12:00:00,0.61,0.617,0.61,0.617,164.2,True
1367,2023-09-18 13:00:00,0.617,0.617,0.617,0.617,0.0,True
1368,2023-09-18 14:00:00,0.61,0.612,0.608,0.608,49.7,True
1369,2023-09-18 15:00:00,0.608,0.608,0.608,0.608,0.0,True
1370,2023-09-18 16:00:00,0.608,0.608,0.608,0.608,0.0,True
1371,2023-09-18 17:00:00,0.608,0.608,0.608,0.608,0.0,True
1372,2023-09-18 18:00:00,0.608,0.608,0.608,0.608,0.0,True
1373,2023-09-18 19:00:00,0.61,0.615,0.61,0.615,82.2,True
1374,2023-09-18 20:00:00,0.615,0.615,0.615,0.615,0.0,True
1375,2023-09-18 21:00:00,0.615,0.615,0.615,0.615,0.0,True
1376,2023-09-18 22:00:00,0.608,0.608,0.608,0.608,82.2,True
1377,2023-09-18 23:00:00,0.608,0.608,0.608,0.608,0.0,True
1378,2023-09-19 00:00:00,0.608,0.608,0.608,0.608,0.0,True
1379,2023-09-19 01:00:00,0.608,0.608,0.608,0.608,0.0,True
1380,2023-09-19 02:00:00,0.61,0.639,0.61,0.639,460.0,True
1381,2023-09-19 03:00:00,0.639,0.639,0.639,0.639,0.0,True
1382,2023-09-19 04:00:00,0.639,0.639,0.639,0.639,0.0,True
1383,2023-09-19 05:00:00,0.639,0.639,0.639,0.639,0.0,True
1384,2023-09-19 06:00:00,0.61,0.613,0.608,0.608,1808.9,True
1385,2023-09-19 07:00:00,0.608,0.608,0.608,0.608,0.0,True
1386,2023-09-19 08:00:00,0.608,0.608,0.608,0.608,32.8,True
1387,2023-09-19 09:00:00,0.67,0.67,0.67,0.67,32.8,True
1388,2023-09-19 10:00:00,0.67,0.67,0.67,0.67,0.0,True
1389,2023-09-19 11:00:00,0.67,0.67,0.67,0.67,0.0,True
1390,2023-09-19 12:00:00,0.67,0.67,0.67,0.67,0.0,True
1391,2023-09-19 13:00:00,0.608,0.608,0.608,0.608,14.7,True
1392,2023-09-19 14:00:00,0.608,0.608,0.608,0.608,0.0,True
1393,2023-09-19 15:00:00,0.608,0.608,0.608,0.608,0.0,True
1394,2023-09-19 16:00:00,0.67,0.67,0.67,0.67,1118.8,True
1395,2023-09-19 17:00:00,0.67,0.67,0.615,0.615,18309.1,True
1396,2023-09-19 18:00:00,0.615,0.615,0.615,0.615,0.0,True
1397,2023-09-19 19:00:00,0.615,0.615,0.615,0.615,0.0,True
1398,2023-09-19 20:00:00,0.615,0.615,0.615,0.615,0.0,True
1399,2023-09-19 21:00:00,0.615,0.615,0.615,0.615,0.0,True
1400,2023-09-19 22:00:00,0.615,0.615,0.615,0.615,0.0,True
1401,2023-09-19 23:00:00,0.615,0.615,0.615,0.615,0.0,True
1402,2023-09-20 00:00:00,0.615,0.615,0.615,0.615,0.0,True
1403,2023-09-20 01:00:00,0.615,0.615,0.615,0.615,0.0,True
1404,2023-09-20 02:00:00,0.615,0.615,0.615,0.615,0.0,True
1405,2023-09-20 03:00:00,0.615,0.615,0.615,0.615,0.0,True
1406,2023-09-20 04:00:00,0.67,0.67,0.67,0.67,3252.0,True
1407,2023-09-20 05:00:00,0.67,0.67,0.67,0.67,0.0,True
1408,2023-09-20 06:00:00,0.67,0.67,0.67,0.67,0.0,True
1409,2023-09-20 07:00:00,0.67,0.67,0.67,0.67,0.0,True
1410,2023-09-20 08:00:00,0.67,0.67,0.67,0.67,0.0,True
1411,2023-09-20 09:00:00,0.67,0.67,0.67,0.67,0.0,True
1412,2023-09-20 10:00:00,0.67,0.67,0.67,0.67,0.0,True
1413,2023-09-20 11:00:00,0.67,0.67,0.67,0.67,0.0,True
1414,2023-09-20 12:00:00,0.615,0.615,0.615,0.615,3252.0,True
1415,2023-09-20 13:00:00,0.615,0.615,0.615,0.615,0.0,True
1416,2023-09-20 14:00:00,0.608,0.608,0.608,0.608,3416.2,True
1417,2023-09-20 15:00:00,0.608,0.608,0.608,0.608,0.0,True
1418,2023-09-20 16:00:00,0.608,0.608,0.608,0.608,0.0,True
1419,2023-09-20 17:00:00,0.608,0.608,0.608,0.608,0.0,True
1420,2023-09-20 18:00:00,0.608,0.608,0.608,0.608,0.0,True
1421,2023-09-20 19:00:00,0.608,0.608,0.608,0.608,0.0,True
1422,2023-09-20 20:00:00,0.608,0.608,0.608,0.608,0.0,True
1423,2023-09-20 21:00:00,0.5915,0.5961,0.5898,0.5956,1091297.0,True
1424,2023-09-20 22:00:00,0.5956,0.5978,0.5939,0.5965,1183144.2,True
