,price,quantity,total
0,0.8591,7149.1,7149.1
1,0.859,7340.3,14489.400000000001
2,0.8589,17829.8,32319.2
3,0.8588,17633.9,49953.100000000006
4,0.8587,19393.6,69346.70000000001
5,0.8586,35974.1,105320.80000000002
6,0.8585,13282.1,118602.90000000002
7,0.8584,39189.6,157792.50000000003
8,0.8583,5756.9,163549.40000000002
9,0.8582,29867.3,193416.7
10,0.8581,33557.0,226973.7
11,0.858,10069.8,237043.5
12,0.8579,2625.7,239669.2
13,0.8578,45176.9,284846.10000000003
14,0.8577,26157.0,311003.10000000003
15,0.8576,10326.1,321329.2
16,0.8575,10189.3,331518.5
17,0.8574,20567.4,352085.9
18,0.8573,259.8,352345.7
19,0.8572,55018.1,407363.8
20,0.8571,13962.1,421325.89999999997
21,0.857,155.0,421480.89999999997
22,0.8569,16963.4,438444.3
23,0.8568,23507.7,461952.0
24,0.8567,16638.0,478590.0
25,0.8566,17668.7,496258.7
26,0.8565,11597.5,507856.2
27,0.8564,11441.4,519297.60000000003
28,0.8563,13025.1,532322.7000000001
29,0.8562,2392.5,534715.2000000001
30,0.8561,2143.1,536858.3
31,0.856,6311.6,543169.9
32,0.8559,3724.8,546894.7000000001
33,0.8558,61693.8,608588.5000000001
34,0.8557,727.4,609315.9000000001
35,0.8556,15276.5,624592.4000000001
36,0.8555,12550.4,637142.8000000002
37,0.8554,16430.2,653573.0000000001
38,0.8553,4893.7,658466.7000000001
39,0.8552,5939.3,664406.0000000001
40,0.8551,50.0,664456.0000000001
41,0.855,10377.2,674833.2000000001
42,0.8549,255.9,675089.1000000001
43,0.8548,58.0,675147.1000000001
44,0.8547,50.0,675197.1000000001
45,0.8546,89.0,675286.1000000001
46,0.8545,257.5,675543.6000000001
47,0.8544,112.4,675656.0000000001
48,0.8543,113.6,675769.6000000001
49,0.8542,309.2,676078.8
50,0.8541,998.6,677077.4
51,0.854,114.7,677192.1
52,0.8539,2872.0,680064.1
53,0.8538,239.6,680303.7
54,0.8537,87.0,680390.7
55,0.8536,56.6,680447.2999999999
56,0.8535,182.3,680629.6
57,0.8534,39871.5,720501.1
58,0.8533,8102.6,728603.7
59,0.8532,114.8,728718.5
60,0.8531,130093.6,858812.1
61,0.853,164.6,858976.7
62,0.8529,97.8,859074.5
63,0.8528,523.8,859598.3
64,0.8527,50.0,859648.3
65,0.8526,723.4,860371.7000000001
66,0.8525,68.6,860440.3
67,0.8524,91.6,860531.9
68,0.8523,352.5,860884.4
69,0.8522,1496.7,862381.1
70,0.8521,40032.9,902414.0
71,0.852,2075.4,904489.4
72,0.8519,136.8,904626.2000000001
73,0.8518,215.5,904841.7000000001
74,0.8517,217.8,905059.5000000001
75,0.8516,1281.8,906341.3000000002
76,0.8515,295.6,906636.9000000001
77,0.8514,464.6,907101.5000000001
78,0.8513,96.8,907198.3000000002
79,0.8512,7817.0,915015.3000000002
80,0.8511,182.5,915197.8000000002
81,0.851,5322.4,920520.2000000002
82,0.8509,36538.0,957058.2000000002
83,0.8508,124.5,957182.7000000002
84,0.8507,163.2,957345.9000000001
85,0.8506,91.3,957437.2000000002
86,0.8505,136.6,957573.8000000002
87,0.8504,94.1,957667.9000000001
88,0.8503,454.3,958122.2000000002
89,0.8502,456.0,958578.2000000002
90,0.8501,2144.7,960722.9000000001
91,0.85,29116.1,989839.0000000001
92,0.8499,2312.1,992151.1000000001
93,0.8498,127.0,992278.1000000001
94,0.8497,186.0,992464.1000000001
95,0.8496,635.5,993099.6000000001
96,0.8495,3381.3,996480.9000000001
97,0.8494,60.4,996541.3000000002
98,0.8493,140.6,996681.9000000001
99,0.8492,86.2,996768.1000000001
100,0.8491,244.2,997012.3
101,0.849,2302.5,999314.8
102,0.8489,363.2,999678.0
103,0.8488,599.5,1000277.5
104,0.8487,610.4,1000887.9
105,0.8486,220.4,1001108.3
106,0.8485,353.6,1001461.9
107,0.8484,1192.0,1002653.9
108,0.8483,6.3,1002660.2000000001
109,0.8482,41.2,1002701.4
110,0.8481,986.2,1003687.6
111,0.848,27040.5,1030728.1
112,0.8479,8.7,1030736.7999999999
113,0.8478,116.8,1030853.6
114,0.8477,527.9,1031381.5
115,0.8476,101.0,1031482.5
116,0.8475,336.3,1031818.8
117,0.8474,19053.9,1050872.7
118,0.8473,57.8,1050930.5
119,0.8472,225.0,1051155.5
120,0.8471,75.2,1051230.7
121,0.847,22741.5,1073972.2
122,0.8469,420.8,1074393.0
123,0.8468,27.3,1074420.3
124,0.8467,72.5,1074492.8
125,0.8466,758.0,1075250.8
126,0.8465,117.8,1075368.6
127,0.8464,234.7,1075603.3
128,0.8463,79.6,1075682.9000000001
129,0.8462,315.4,1075998.3
130,0.8461,332.1,1076330.4000000001
131,0.846,1118.1,1077448.5000000002
132,0.8459,96.1,1077544.6000000003
133,0.8458,122.4,1077667.0000000002
134,0.8457,346.2,1078013.2000000002
135,0.8456,44.4,1078057.6
136,0.8455,329.6,1078387.2000000002
137,0.8454,192.0,1078579.2000000002
138,0.8453,88.5,1078667.7000000002
139,0.8452,86.0,1078753.7000000002
140,0.8451,3489.4,1082243.1
141,0.845,8492.1,1090735.2000000002
142,0.8449,119.5,1090854.7000000002
143,0.8448,76.9,1090931.6
144,0.8447,18.5,1090950.1
145,0.8446,127.9,1091078.0
146,0.8445,72.0,1091150.0
147,0.8444,674.6,1091824.6
148,0.8443,52.7,1091877.3
149,0.8442,6116.6,1097993.9000000001
150,0.8441,137.0,1098130.9000000001
151,0.844,3046.7,1101177.6
152,0.8439,404.9,1101582.5
153,0.8438,251.6,1101834.1
154,0.8437,6.7,1101840.8
155,0.8436,197.0,1102037.8
156,0.8435,346.2,1102384.0
157,0.8434,223.2,1102607.2
158,0.8433,270.8,1102878.0
159,0.8432,130.4,1103008.4
160,0.8431,22105.9,1125114.2999999998
161,0.843,1138.4,1126252.6999999997
162,0.8429,88.5,1126341.1999999997
163,0.8428,661.4,1127002.5999999996
164,0.8427,120.9,1127123.4999999995
165,0.8426,42.4,1127165.8999999994
166,0.8425,173.7,1127339.5999999994
167,0.8424,51.1,1127390.6999999995
168,0.8423,86.9,1127477.5999999994
169,0.8422,315.9,1127793.4999999993
170,0.8421,190.7,1127984.1999999993
171,0.842,296.8,1128280.9999999993
172,0.8419,30.5,1128311.4999999993
173,0.8418,156.6,1128468.0999999994
174,0.8417,149.2,1128617.2999999993
175,0.8416,1701.5,1130318.7999999993
176,0.8415,1221.9,1131540.6999999993
177,0.8414,126.4,1131667.0999999992
178,0.8413,5124.1,1136791.1999999993
179,0.8412,27.5,1136818.6999999993
180,0.8411,75.9,1136894.5999999992
181,0.841,1985.8,1138880.3999999992
182,0.8409,95.1,1138975.4999999993
183,0.8408,414.2,1139389.6999999993
184,0.8407,2942.6,1142332.2999999993
185,0.8406,191.6,1142523.8999999994
186,0.8405,176.2,1142700.0999999994
187,0.8404,1048.0,1143748.0999999994
188,0.8403,191.9,1143939.9999999993
189,0.8402,374.7,1144314.6999999993
190,0.8401,988.0,1145302.6999999993
191,0.84,53427.7,1198730.3999999992
192,0.8399,218.8,1198949.1999999993
193,0.8398,203.6,1199152.7999999993
194,0.8397,1328.2,1200480.9999999993
195,0.8396,425.2,1200906.1999999993
196,0.8395,154.4,1201060.5999999992
197,0.8394,129.0,1201189.5999999992
198,0.8393,915.4,1202104.999999999
199,0.8392,170.9,1202275.899999999
200,0.8391,72.1,1202347.999999999
201,0.839,468.9,1202816.899999999
202,0.8389,57.7,1202874.599999999
203,0.8388,83.7,1202958.2999999989
204,0.8387,9727.6,1212685.899999999
205,0.8386,121.7,1212807.599999999
206,0.8385,343.0,1213150.599999999
207,0.8384,3981.1,1217131.699999999
208,0.8383,65.2,1217196.899999999
209,0.8382,119.6,1217316.499999999
210,0.8381,116.6,1217433.0999999992
211,0.838,2555.9,1219988.999999999
212,0.8379,85.9,1220074.899999999
213,0.8378,147.2,1220222.099999999
214,0.8377,41.1,1220263.199999999
215,0.8376,3763.4,1224026.599999999
216,0.8375,546.6,1224573.199999999
217,0.8374,2009.9,1226583.099999999
218,0.8373,50.1,1226633.199999999
219,0.8372,274.5,1226907.699999999
220,0.8371,244.8,1227152.499999999
221,0.837,3694.5,1230846.999999999
222,0.8369,118.8,1230965.799999999
223,0.8368,347.7,1231313.499999999
224,0.8367,654.1,1231967.5999999992
225,0.8366,306.2,1232273.799999999
226,0.8365,303.3,1232577.0999999992
227,0.8364,280.3,1232857.3999999992
228,0.8363,3033.9,1235891.299999999
229,0.8362,291.2,1236182.499999999
230,0.8361,53.6,1236236.0999999992
231,0.836,2283.2,1238519.299999999
232,0.8359,93.8,1238613.0999999992
233,0.8358,255.7,1238868.799999999
234,0.8357,546.8,1239415.5999999992
235,0.8356,141.7,1239557.299999999
236,0.8355,60.4,1239617.699999999
237,0.8354,292.5,1239910.199999999
238,0.8353,100.3,1240010.499999999
239,0.8352,91.8,1240102.299999999
240,0.8351,132.8,1240235.0999999992
241,0.835,6325.5,1246560.5999999992
242,0.8349,257.5,1246818.0999999992
243,0.8348,506.9,1247324.999999999
244,0.8347,108.6,1247433.5999999992
245,0.8346,82.5,1247516.0999999992
246,0.8345,143.2,1247659.299999999
247,0.8344,9478.4,1257137.699999999
248,0.8343,248.3,1257385.999999999
249,0.8342,269.3,1257655.299999999
250,0.8341,2600.7,1260255.999999999
251,0.834,1078.2,1261334.199999999
252,0.8339,78.8,1261412.999999999
253,0.8338,330.0,1261742.999999999
254,0.8337,42.7,1261785.699999999
255,0.8336,13.3,1261798.999999999
256,0.8335,302.2,1262101.199999999
257,0.8334,80.3,1262181.499999999
258,0.8333,6312.7,1268494.199999999
259,0.8332,80.8,1268574.999999999
260,0.8331,410.3,1268985.299999999
261,0.833,852.0,1269837.299999999
262,0.8329,346.5,1270183.799999999
263,0.8328,236.9,1270420.699999999
264,0.8327,336.8,1270757.499999999
265,0.8326,44.5,1270801.999999999
266,0.8325,320.1,1271122.0999999992
267,0.8324,45.3,1271167.3999999992
268,0.8323,1117.0,1272284.3999999992
269,0.8322,3740.7,1276025.0999999992
270,0.8321,1143.5,1277168.5999999992
271,0.832,5754.1,1282922.6999999993
272,0.8319,4099.4,1287022.0999999992
273,0.8318,511.5,1287533.5999999992
274,0.8317,304.1,1287837.6999999993
275,0.8316,807.5,1288645.1999999993
276,0.8315,5366.0,1294011.1999999993
277,0.8314,2645.2,1296656.3999999992
278,0.8313,2355.9,1299012.299999999
279,0.8312,1357.5,1300369.799999999
280,0.8311,158.9,1300528.699999999
281,0.831,844.1,1301372.799999999
282,0.8309,136.6,1301509.3999999992
283,0.8308,118.2,1301627.5999999992
284,0.8307,547.5,1302175.0999999992
285,0.8306,710.7,1302885.799999999
286,0.8305,26.1,1302911.8999999992
287,0.8304,110.7,1303022.5999999992
288,0.8303,125.8,1303148.3999999992
289,0.8302,18333.1,1321481.4999999993
290,0.8301,2144.0,1323625.4999999993
291,0.83,54605.0,1378230.4999999993
292,0.8299,60.2,1378290.6999999993
293,0.8298,150.0,1378440.6999999993
294,0.8297,230.1,1378670.7999999993
295,0.8296,192.2,1378862.9999999993
296,0.8295,70.6,1378933.5999999994
297,0.8294,471.5,1379405.0999999994
298,0.8293,323.8,1379728.8999999994
299,0.8292,1172.9,1380901.7999999993
300,0.8291,124.5,1381026.2999999993
301,0.829,477.3,1381503.5999999994
302,0.8289,1235.3,1382738.8999999994
303,0.8288,119.0,1382857.8999999994
304,0.8287,177.0,1383034.8999999994
305,0.8286,146.2,1383181.0999999994
306,0.8285,462.5,1383643.5999999994
307,0.8284,35.3,1383678.8999999994
308,0.8283,136.9,1383815.7999999993
309,0.8282,399.3,1384215.0999999994
310,0.8281,34.8,1384249.8999999994
311,0.828,5448.2,1389698.0999999994
312,0.8279,272.0,1389970.0999999994
313,0.8278,148.4,1390118.4999999993
314,0.8277,502.5,1390620.9999999993
315,0.8276,3246.1,1393867.0999999994
316,0.8275,404.3,1394271.3999999994
317,0.8274,40.4,1394311.7999999993
318,0.8273,519.4,1394831.1999999993
319,0.8272,208.8,1395039.9999999993
320,0.8271,50.7,1395090.6999999993
321,0.827,277.6,1395368.2999999993
322,0.8269,351.6,1395719.8999999994
323,0.8268,2167.8,1397887.6999999995
324,0.8267,71.9,1397959.5999999994
325,0.8266,414.3,1398373.8999999994
326,0.8265,129.7,1398503.5999999994
327,0.8264,126.7,1398630.2999999993
328,0.8263,174.8,1398805.0999999994
329,0.8262,263.9,1399068.9999999993
330,0.8261,241.8,1399310.7999999993
331,0.826,444.6,1399755.3999999994
332,0.8259,118.0,1399873.3999999994
333,0.8258,141.1,1400014.4999999995
334,0.8257,293.5,1400307.9999999995
335,0.8256,157.2,1400465.1999999995
336,0.8255,188.3,1400653.4999999995
337,0.8254,142.6,1400796.0999999996
338,0.8253,64.9,1400860.9999999995
339,0.8252,29.8,1400890.7999999996
340,0.8251,129.9,1401020.6999999995
341,0.825,9479.4,1410500.0999999994
342,0.8249,37.7,1410537.7999999993
343,0.8248,32.2,1410569.9999999993
344,0.8247,34.8,1410604.7999999993
345,0.8246,509.8,1411114.5999999994
346,0.8245,107.5,1411222.0999999994
347,0.8244,162.2,1411384.2999999993
348,0.8243,109.9,1411494.1999999993
349,0.8242,304.2,1411798.3999999992
350,0.8241,88.1,1411886.4999999993
351,0.824,1165.1,1413051.5999999994
352,0.8239,137.4,1413188.9999999993
353,0.8238,340.3,1413529.2999999993
354,0.8236,122.7,1413651.9999999993
355,0.8235,1140.0,1414791.9999999993
356,0.8234,725.3,1415517.2999999993
357,0.8233,2899.9,1418417.1999999993
358,0.8232,77.1,1418494.2999999993
359,0.8231,88.8,1418583.0999999994
360,0.823,4634.5,1423217.5999999994
361,0.8229,88.6,1423306.1999999995
362,0.8228,281.8,1423587.9999999995
363,0.8227,6186.1,1429774.0999999996
364,0.8226,119.8,1429893.8999999997
365,0.8225,70.2,1429964.0999999996
366,0.8224,299.8,1430263.8999999997
367,0.8223,202.9,1430466.7999999996
368,0.8222,1549.3,1432016.0999999996
369,0.8221,3157.5,1435173.5999999996
370,0.822,378.8,1435552.3999999997
371,0.8219,1223.9,1436776.2999999996
372,0.8218,481.5,1437257.7999999996
373,0.8217,231.0,1437488.7999999996
374,0.8216,191.1,1437679.8999999997
375,0.8215,2430.3,1440110.1999999997
376,0.8214,111.7,1440221.8999999997
377,0.8213,651.5,1440873.3999999997
378,0.8212,103.4,1440976.7999999996
379,0.8211,299.2,1441275.9999999995
380,0.821,1747.5,1443023.4999999995
381,0.8209,181.6,1443205.0999999996
382,0.8208,232.7,1443437.7999999996
383,0.8207,1094.7,1444532.4999999995
384,0.8206,140.1,1444672.5999999996
385,0.8205,122.7,1444795.2999999996
386,0.8204,194.8,1444990.0999999996
387,0.8203,30.1,1445020.1999999997
388,0.8202,111.2,1445131.3999999997
389,0.8201,371.1,1445502.4999999998
390,0.82,62891.2,1508393.6999999997
391,0.8199,418.5,1508812.1999999997
392,0.8198,219.1,1509031.2999999998
393,0.8197,123.9,1509155.1999999997
394,0.8196,142.7,1509297.8999999997
395,0.8195,142.6,1509440.4999999998
396,0.8194,101.9,1509542.3999999997
397,0.8193,101.4,1509643.7999999996
398,0.8192,240.4,1509884.1999999995
399,0.8191,264.1,1510148.2999999996
400,0.819,3092.6,1513240.8999999997
401,0.8189,30.9,1513271.7999999996
402,0.8188,288.0,1513559.7999999996
403,0.8187,122.3,1513682.0999999996
404,0.8186,482.6,1514164.6999999997
405,0.8185,248.1,1514412.7999999998
406,0.8184,93.7,1514506.4999999998
407,0.8183,5268.9,1519775.3999999997
408,0.8182,58.7,1519834.0999999996
409,0.8181,1475.1,1521309.1999999997
410,0.818,2449.1,1523758.2999999998
411,0.8179,589.3,1524347.5999999999
412,0.8178,121.7,1524469.2999999998
413,0.8177,837.1,1525306.4
414,0.8176,188.0,1525494.4
415,0.8175,27.6,1525522.0
416,0.8174,415.7,1525937.7
417,0.8173,228.1,1526165.8
418,0.8172,50.3,1526216.1
419,0.8171,308.7,1526524.8
420,0.817,300.3,1526825.1
421,0.8169,55.1,1526880.2000000002
422,0.8168,142.2,1527022.4000000001
423,0.8167,128.2,1527150.6
424,0.8166,111.6,1527262.2000000002
425,0.8165,213.9,1527476.1
426,0.8164,14.0,1527490.1
427,0.8163,344.3,1527834.4000000001
428,0.8162,67.3,1527901.7000000002
429,0.8161,340.9,1528242.6
430,0.816,4456.3,1532698.9000000001
431,0.8159,374.8,1533073.7000000002
432,0.8158,43.5,1533117.2000000002
433,0.8157,104.6,1533221.8000000003
434,0.8156,258.7,1533480.5000000002
435,0.8155,6696.8,1540177.3000000003
436,0.8154,236.3,1540413.6000000003
437,0.8153,58.7,1540472.3000000003
438,0.8152,660.8,1541133.1000000003
439,0.8151,445.8,1541578.9000000004
440,0.815,8995.2,1550574.1000000003
441,0.8149,2465.2,1553039.3000000003
442,0.8148,333.1,1553372.4000000004
443,0.8147,839.9,1554212.3000000003
444,0.8146,159.7,1554372.0000000002
445,0.8145,2223.6,1556595.6000000003
446,0.8144,13.0,1556608.6000000003
447,0.8143,299.4,1556908.0000000002
448,0.8142,236.2,1557144.2000000002
449,0.8141,232.4,1557376.6
450,0.814,772.1,1558148.7000000002
451,0.8139,34.0,1558182.7000000002
452,0.8138,123.9,1558306.6
453,0.8137,355.7,1558662.3
454,0.8136,69.1,1558731.4000000001
455,0.8135,542.8,1559274.2000000002
456,0.8134,1731.3,1561005.5000000002
457,0.8133,263.9,1561269.4000000001
458,0.8132,8.7,1561278.1
459,0.8131,88.1,1561366.2000000002
460,0.813,678.9,1562045.1
461,0.8129,144.5,1562189.6
462,0.8128,146.1,1562335.7000000002
463,0.8127,419.3,1562755.0000000002
464,0.8126,672.6,1563427.6000000003
465,0.8125,2965.4,1566393.0000000002
466,0.8124,214.3,1566607.3000000003
467,0.8123,887.8,1567495.1000000003
468,0.8122,3223.5,1570718.6000000003
469,0.8121,698.8,1571417.4000000004
470,0.812,1459.1,1572876.5000000005
471,0.8119,63.7,1572940.2000000004
472,0.8118,34.3,1572974.5000000005
473,0.8117,1709.3,1574683.8000000005
474,0.8116,100.0,1574783.8000000005
475,0.8115,44.1,1574827.9000000006
476,0.8114,150.3,1574978.2000000007
477,0.8113,331.6,1575309.8000000007
478,0.8112,101.0,1575410.8000000007
479,0.8111,4237.5,1579648.3000000007
480,0.811,7293.2,1586941.5000000007
481,0.8109,223.3,1587164.8000000007
482,0.8108,41.3,1587206.1000000008
483,0.8107,131.0,1587337.1000000008
484,0.8106,120.9,1587458.0000000007
485,0.8105,172.6,1587630.6000000008
486,0.8104,149.6,1587780.200000001
487,0.8103,1021.0,1588801.200000001
488,0.8102,323.0,1589124.200000001
489,0.8101,2752.8,1591877.000000001
490,0.81,54247.3,1646124.300000001
491,0.8099,314.7,1646439.000000001
492,0.8098,31.4,1646470.4000000008
493,0.8097,68.6,1646539.000000001
494,0.8096,143.3,1646682.300000001
495,0.8095,110.1,1646792.400000001
496,0.8094,143.8,1646936.2000000011
497,0.8093,163.8,1647100.0000000012
498,0.8092,260.1,1647360.1000000013
499,0.8091,94.7,1647454.8000000012
500,0.809,1966.0,1649420.8000000012
501,0.8089,301.8,1649722.6000000013
502,0.8088,15693.0,1665415.6000000013
503,0.8087,216.5,1665632.1000000013
504,0.8086,90.5,1665722.6000000013
505,0.8085,228.8,1665951.4000000013
506,0.8084,102.9,1666054.3000000012
507,0.8083,269.8,1666324.1000000013
508,0.8082,150.8,1666474.9000000013
509,0.8081,43.9,1666518.8000000012
510,0.808,5000.8,1671519.6000000013
511,0.8079,176.5,1671696.1000000013
512,0.8078,135.5,1671831.6000000013
513,0.8077,373.5,1672205.1000000013
514,0.8076,158.5,1672363.6000000013
515,0.8075,272.1,1672635.7000000014
516,0.8074,44.8,1672680.5000000014
517,0.8073,120.5,1672801.0000000014
518,0.8072,44.5,1672845.5000000014
519,0.8071,85.4,1672930.9000000013
520,0.807,79.8,1673010.7000000014
521,0.8069,215.5,1673226.2000000014
522,0.8068,38.3,1673264.5000000014
523,0.8067,842.5,1674107.0000000014
524,0.8066,435.6,1674542.6000000015
525,0.8065,1388.5,1675931.1000000015
526,0.8064,108.1,1676039.2000000016
527,0.8063,562.7,1676601.9000000015
528,0.8062,127.3,1676729.2000000016
529,0.8061,131.4,1676860.6000000015
530,0.806,2738.9,1679599.5000000014
531,0.8059,140.7,1679740.2000000014
532,0.8058,2209.4,1681949.6000000013
533,0.8057,388.1,1682337.7000000014
534,0.8056,820.4,1683158.1000000013
535,0.8055,374.3,1683532.4000000013
536,0.8054,86.4,1683618.8000000012
537,0.8053,160.5,1683779.3000000012
538,0.8052,69.3,1683848.6000000013
539,0.8051,63.2,1683911.8000000012
540,0.805,17743.4,1701655.2000000011
541,0.8049,65.3,1701720.5000000012
542,0.8048,260.2,1701980.7000000011
543,0.8047,66.6,1702047.3000000012
544,0.8046,130.1,1702177.4000000013
545,0.8045,155.7,1702333.1000000013
546,0.8044,295.3,1702628.4000000013
547,0.8043,256.2,1702884.6000000013
548,0.8042,141.7,1703026.3000000012
549,0.8041,1170.9,1704197.2000000011
550,0.804,275.7,1704472.900000001
551,0.8039,489.9,1704962.800000001
552,0.8038,107.7,1705070.500000001
553,0.8037,144.0,1705214.500000001
554,0.8036,19.4,1705233.9000000008
555,0.8035,6313.3,1711547.200000001
556,0.8034,169.4,1711716.6000000008
557,0.8033,233.1,1711949.700000001
558,0.8032,503.8,1712453.500000001
559,0.8031,360.0,1712813.500000001
560,0.803,3752.6,1716566.100000001
561,0.8029,95.8,1716661.900000001
562,0.8028,271.7,1716933.600000001
563,0.8027,619.9,1717553.500000001
564,0.8026,407.3,1717960.800000001
565,0.8025,761.3,1718722.100000001
566,0.8024,192.8,1718914.900000001
567,0.8023,305.6,1719220.5000000012
568,0.8022,171.3,1719391.8000000012
569,0.8021,168.1,1719559.9000000013
570,0.802,1061.3,1720621.2000000014
571,0.8019,173.4,1720794.6000000013
572,0.8018,25.5,1720820.1000000013
573,0.8017,187.7,1721007.8000000012
574,0.8016,423.9,1721431.7000000011
575,0.8015,7950.6,1729382.3000000012
576,0.8014,12604.9,1741987.2000000011
577,0.8013,79.7,1742066.900000001
578,0.8012,18766.1,1760833.0000000012
579,0.8011,208.1,1761041.1000000013
580,0.801,4607.9,1765649.0000000012
581,0.8009,561.5,1766210.5000000012
582,0.8008,230.0,1766440.5000000012
583,0.8007,207.9,1766648.400000001
584,0.8006,33.1,1766681.5000000012
585,0.8005,1611.1,1768292.6000000013
586,0.8004,82.7,1768375.3000000012
587,0.8003,1841.7,1770217.0000000012
588,0.8002,158.8,1770375.8000000012
589,0.8001,100577.5,1870953.3000000012
590,0.8,288205.8,2159159.100000001
591,0.7999,1702.0,2160861.100000001
592,0.7998,154.3,2161015.400000001
593,0.7997,911.2,2161926.600000001
594,0.7996,69.5,2161996.100000001
595,0.7995,12.6,2162008.700000001
596,0.7994,101.5,2162110.200000001
597,0.7993,261.5,2162371.700000001
598,0.7992,47.6,2162419.300000001
599,0.7991,107.8,2162527.100000001
600,0.799,73.0,2162600.100000001
601,0.7989,198.2,2162798.300000001
602,0.7988,80.6,2162878.9000000013
603,0.7987,31.2,2162910.1000000015
604,0.7986,613.9,2163524.0000000014
605,0.7985,4513.4,2168037.4000000013
606,0.7984,35.3,2168072.700000001
607,0.7983,173.5,2168246.200000001
608,0.7982,160.9,2168407.100000001
609,0.7981,393.5,2168800.600000001
610,0.798,1990.9,2170791.500000001
611,0.7979,83.4,2170874.900000001
612,0.7978,46.8,2170921.7000000007
613,0.7977,354.9,2171276.6000000006
614,0.7976,555.0,2171831.6000000006
615,0.7975,456.3,2172287.9000000004
616,0.7974,1396.7,2173684.6000000006
617,0.7973,411.8,2174096.4000000004
618,0.7972,87.2,2174183.6000000006
619,0.7971,1081.4,2175265.0000000005
620,0.797,525.1,2175790.1000000006
621,0.7969,221.1,2176011.2000000007
622,0.7968,13.4,2176024.6000000006
623,0.7967,64.9,2176089.5000000005
624,0.7966,89.6,2176179.1000000006
625,0.7965,148.4,2176327.5000000005
626,0.7964,131.9,2176459.4000000004
627,0.7963,25.1,2176484.5000000005
628,0.7962,25.1,2176509.6000000006
629,0.7961,111.5,2176621.1000000006
630,0.796,12271.4,2188892.5000000005
631,0.7959,215.5,2189108.0000000005
632,0.7958,159.6,2189267.6000000006
633,0.7957,57.8,2189325.4000000004
634,0.7956,490.0,2189815.4000000004
635,0.7955,2585.4,2192400.8000000003
636,0.7954,34.6,2192435.4000000004
637,0.7953,43.8,2192479.2
638,0.7952,1947.9,2194427.1
639,0.7951,132.8,2194559.9
640,0.795,3836.7,2198396.6
641,0.7949,101.1,2198497.7
642,0.7948,316.3,2198814.0
643,0.7947,72.1,2198886.1
644,0.7946,1006.8,2199892.9
645,0.7945,3449.2,2203342.1
646,0.7944,1569.8,2204911.9
647,0.7943,56.1,2204968.0
648,0.7942,142.9,2205110.9
649,0.7941,79.2,2205190.1
650,0.794,238.8,2205428.9
651,0.7939,510.6,2205939.5
652,0.7938,18.7,2205958.2
653,0.7937,214.0,2206172.2
654,0.7936,273.3,2206445.5
655,0.7935,241.7,2206687.2
656,0.7934,90.1,2206777.3000000003
657,0.7933,404.4,2207181.7
658,0.7932,147.7,2207329.4000000004
659,0.7931,410.6,2207740.0000000005
660,0.793,453.9,2208193.9000000004
661,0.7929,8.0,2208201.9000000004
662,0.7928,445.6,2208647.5000000005
663,0.7927,365.0,2209012.5000000005
664,0.7926,120.7,2209133.2000000007
665,0.7925,79.0,2209212.2000000007
666,0.7924,176.4,2209388.6000000006
667,0.7923,540.8,2209929.4000000004
668,0.7922,3013.0,2212942.4000000004
669,0.7921,113.1,2213055.5000000005
670,0.792,2098.6,2215154.1000000006
671,0.7919,311.8,2215465.9000000004
672,0.7918,106.3,2215572.2
673,0.7917,68.5,2215640.7
674,0.7916,106.4,2215747.1
675,0.7915,82.0,2215829.1
676,0.7914,184.0,2216013.1
677,0.7913,137.9,2216151.0
678,0.7912,496.5,2216647.5
679,0.7911,99.8,2216747.3
680,0.791,105.6,2216852.9
681,0.7909,2461.9,2219314.8
682,0.7908,116.1,2219430.9
683,0.7907,153.3,2219584.1999999997
684,0.7906,144.1,2219728.3
685,0.7905,38.7,2219767.0
686,0.7904,7.2,2219774.2
687,0.7903,134.4,2219908.6
688,0.7902,9771.7,2229680.3000000003
689,0.7901,463.5,2230143.8000000003
690,0.79,84827.2,2314971.0000000005
691,0.7899,459.3,2315430.3000000003
692,0.7898,1177.0,2316607.3000000003
693,0.7897,254.9,2316862.2
694,0.7896,140.3,2317002.5
695,0.7895,141.4,2317143.9
696,0.7894,112.7,2317256.6
697,0.7893,718.1,2317974.7
698,0.7892,336.2,2318310.9000000004
699,0.7891,65.8,2318376.7
700,0.789,3636.5,2322013.2
701,0.7889,139.9,2322153.1
702,0.7888,2162.6,2324315.7
703,0.7887,18.6,2324334.3000000003
704,0.7886,3281.8,2327616.1
705,0.7885,234.0,2327850.1
706,0.7884,665.8,2328515.9
707,0.7883,58.4,2328574.3
708,0.7882,108.8,2328683.0999999996
709,0.7881,358.8,2329041.8999999994
710,0.788,238.7,2329280.5999999996
711,0.7879,74.3,2329354.8999999994
712,0.7878,60.9,2329415.7999999993
713,0.7877,302.8,2329718.599999999
714,0.7876,165.4,2329883.999999999
715,0.7875,183.7,2330067.6999999993
716,0.7874,1054.0,2331121.6999999993
717,0.7873,4163.5,2335285.1999999993
718,0.7872,90.0,2335375.1999999993
719,0.7871,31.9,2335407.099999999
720,0.787,388.8,2335795.899999999
721,0.7869,768.9,2336564.799999999
722,0.7868,1829.9,2338394.699999999
723,0.7867,10.2,2338404.899999999
724,0.7866,565.7,2338970.599999999
725,0.7865,30.4,2339000.999999999
726,0.7864,62.1,2339063.099999999
727,0.7863,127.3,2339190.399999999
728,0.7861,596.0,2339786.399999999
729,0.786,1787.6,2341573.999999999
730,0.7859,467.5,2342041.499999999
731,0.7858,15.4,2342056.899999999
732,0.7857,1201.6,2343258.499999999
733,0.7856,176.7,2343435.1999999993
734,0.7855,710.4,2344145.599999999
735,0.7854,250.4,2344395.999999999
736,0.7853,1143.0,2345538.999999999
737,0.7852,214.4,2345753.399999999
738,0.7851,5789.1,2351542.499999999
739,0.785,33269.5,2384811.999999999
740,0.7849,79.1,2384891.099999999
741,0.7848,95.9,2384986.999999999
742,0.7847,83.1,2385070.099999999
743,0.7846,151.1,2385221.1999999993
744,0.7845,249.7,2385470.8999999994
745,0.7844,423.8,2385894.6999999993
746,0.7843,10.6,2385905.2999999993
747,0.7842,48.0,2385953.2999999993
748,0.7841,84.6,2386037.8999999994
749,0.784,209.6,2386247.4999999995
750,0.7839,343.7,2386591.1999999997
751,0.7838,519.4,2387110.5999999996
752,0.7837,355.8,2387466.3999999994
753,0.7836,96.8,2387563.1999999993
754,0.7835,876.1,2388439.2999999993
755,0.7834,83.3,2388522.599999999
756,0.7833,291.3,2388813.899999999
757,0.7832,61.4,2388875.299999999
758,0.7831,68.5,2388943.799999999
759,0.783,301.2,2389244.999999999
760,0.7829,266.5,2389511.499999999
761,0.7828,955.1,2390466.599999999
762,0.7827,304.2,2390770.7999999993
763,0.7826,19.9,2390790.6999999993
764,0.7825,598.2,2391388.8999999994
765,0.7824,152.2,2391541.0999999996
766,0.7823,6586.0,2398127.0999999996
767,0.7822,117.4,2398244.4999999995
768,0.7821,600.7,2398845.1999999997
769,0.782,11265.1,2410110.3
770,0.7819,59.7,2410170.0
771,0.7818,81.7,2410251.7
772,0.7817,39.8,2410291.5
773,0.7816,10.2,2410301.7
774,0.7815,435.9,2410737.6
775,0.7814,80.8,2410818.4
776,0.7813,173.3,2410991.6999999997
777,0.7812,27.0,2411018.6999999997
778,0.7811,217.8,2411236.4999999995
779,0.781,1948.7,2413185.1999999997
780,0.7809,589.5,2413774.6999999997
781,0.7808,66.5,2413841.1999999997
782,0.7807,53.1,2413894.3
783,0.7805,801.4,2414695.6999999997
784,0.7804,115.9,2414811.5999999996
785,0.7803,504.0,2415315.5999999996
786,0.7802,70.2,2415385.8
787,0.7801,410.7,2415796.5
788,0.78,89881.8,2505678.3
789,0.7799,757.8,2506436.0999999996
790,0.7798,193.3,2506629.3999999994
791,0.7797,45.4,2506674.7999999993
792,0.7796,102.0,2506776.7999999993
793,0.7795,334.8,2507111.599999999
794,0.7794,320.4,2507431.999999999
795,0.7793,32.6,2507464.599999999
796,0.7792,175.8,2507640.399999999
797,0.7791,157.0,2507797.399999999
798,0.779,1658.6,2509455.999999999
799,0.7789,147.1,2509603.099999999
800,0.7788,123.4,2509726.499999999
801,0.7787,14.3,2509740.799999999
802,0.7786,22.0,2509762.799999999
803,0.7785,522.2,2510284.999999999
804,0.7784,56.2,2510341.1999999993
805,0.7783,338.2,2510679.3999999994
806,0.7782,364.9,2511044.2999999993
807,0.7781,126.9,2511171.1999999993
808,0.778,252.4,2511423.599999999
809,0.7779,1105.7,2512529.2999999993
810,0.7778,521.2,2513050.4999999995
811,0.7777,13579.4,2526629.8999999994
812,0.7776,150.9,2526780.7999999993
813,0.7775,169.2,2526949.9999999995
814,0.7774,165.8,2527115.7999999993
815,0.7773,193.2,2527308.9999999995
816,0.7772,541.7,2527850.6999999997
817,0.7771,158.2,2528008.9
818,0.777,1468.4,2529477.3
819,0.7769,39.7,2529517.0
820,0.7768,629.0,2530146.0
821,0.7767,114.4,2530260.4
822,0.7766,56.3,2530316.6999999997
823,0.7765,193.8,2530510.4999999995
824,0.7764,252.4,2530762.8999999994
825,0.7763,312.7,2531075.5999999996
826,0.7762,7.0,2531082.5999999996
827,0.7761,1068.5,2532151.0999999996
828,0.776,5303.2,2537454.3
829,0.7759,94.1,2537548.4
830,0.7758,31.2,2537579.6
831,0.7757,118.5,2537698.1
832,0.7756,105.1,2537803.2
833,0.7755,629.9,2538433.1
834,0.7754,32.3,2538465.4
835,0.7753,6.7,2538472.1
836,0.7752,27.6,2538499.7
837,0.7751,35.3,2538535.0
838,0.775,2747.5,2541282.5
839,0.7749,563.2,2541845.7
840,0.7747,66.0,2541911.7
841,0.7746,80.1,2541991.8000000003
842,0.7745,268.3,2542260.1
843,0.7744,70.4,2542330.5
844,0.7743,211.0,2542541.5
845,0.7742,378.4,2542919.9
846,0.7741,164.2,2543084.1
847,0.774,428.9,2543513.0
848,0.7739,572.5,2544085.5
849,0.7738,271.8,2544357.3
850,0.7737,794.3,2545151.5999999996
851,0.7736,99.7,2545251.3
852,0.7735,10.5,2545261.8
853,0.7734,36.0,2545297.8
854,0.7733,207.7,2545505.5
855,0.7732,351.6,2545857.1
856,0.7731,1142.2,2546999.3000000003
857,0.773,1055.5,2548054.8000000003
858,0.7729,98.4,2548153.2
859,0.7728,11.0,2548164.2
860,0.7727,392.4,2548556.6
861,0.7726,328.9,2548885.5
862,0.7725,774.6,2549660.1
863,0.7724,43.1,2549703.2
864,0.7723,868.0,2550571.2
865,0.7722,3588.4,2554159.6
866,0.7721,1350.1,2555509.7
867,0.772,3244.1,2558753.8000000003
868,0.7719,38.5,2558792.3000000003
869,0.7718,91.9,2558884.2
870,0.7717,88.5,2558972.7
871,0.7716,580.1,2559552.8000000003
872,0.7715,208.2,2559761.0000000005
873,0.7714,378.5,2560139.5000000005
874,0.7713,162.3,2560301.8000000003
875,0.7712,95.8,2560397.6
876,0.7711,7271.9,2567669.5
877,0.771,3780.6,2571450.1
878,0.7709,15.1,2571465.2
879,0.7708,9.2,2571474.4000000004
880,0.7707,94.3,2571568.7
881,0.7706,60.7,2571629.4000000004
882,0.7705,221.7,2571851.1000000006
883,0.7704,20.3,2571871.4000000004
884,0.7703,51.2,2571922.6000000006
885,0.7702,46.4,2571969.0000000005
886,0.7701,1118.0,2573087.0000000005
887,0.77,84987.9,2658074.9000000004
888,0.7699,568.2,2658643.1000000006
889,0.7698,2692.4,2661335.5000000005
890,0.7697,1659.9,2662995.4000000004
891,0.7696,1192.4,2664187.8000000003
892,0.7695,125.5,2664313.3000000003
893,0.7694,199.9,2664513.2
894,0.7693,77.7,2664590.9000000004
895,0.7692,49.1,2664640.0000000005
896,0.7691,142.0,2664782.0000000005
897,0.769,19425.1,2684207.1000000006
898,0.7689,272.0,2684479.1000000006
899,0.7688,1002.0,2685481.1000000006
900,0.7687,235.5,2685716.6000000006
901,0.7686,110.1,2685826.7000000007
902,0.7685,395.7,2686222.400000001
903,0.7684,89.8,2686312.2000000007
904,0.7683,134.7,2686446.900000001
905,0.7682,45.4,2686492.3000000007
906,0.7681,693.5,2687185.8000000007
907,0.768,830.7,2688016.500000001
908,0.7679,76.0,2688092.500000001
909,0.7678,742.7,2688835.200000001
910,0.7677,1976.8,2690812.000000001
911,0.7676,173.3,2690985.3000000007
912,0.7675,9.8,2690995.1000000006
913,0.7674,106.8,2691101.9000000004
914,0.7673,607.6,2691709.5000000005
915,0.7672,12.3,2691721.8000000003
916,0.7671,322.9,2692044.7
917,0.767,3861.3,2695906.0
918,0.7669,73.1,2695979.1
919,0.7668,178.5,2696157.6
920,0.7667,221.2,2696378.8000000003
921,0.7666,616.5,2696995.3000000003
922,0.7665,296.1,2697291.4000000004
923,0.7664,50.7,2697342.1000000006
924,0.7663,721.9,2698064.0000000005
925,0.7662,386.6,2698450.6000000006
926,0.7661,8.5,2698459.1000000006
927,0.766,1285.4,2699744.5000000005
928,0.7659,110.5,2699855.0000000005
929,0.7658,165.7,2700020.7000000007
930,0.7657,194.6,2700215.3000000007
931,0.7656,39.7,2700255.000000001
932,0.7655,925.7,2701180.700000001
933,0.7654,660.2,2701840.9000000013
934,0.7653,66.0,2701906.9000000013
935,0.7652,804.0,2702710.9000000013
936,0.7651,885.7,2703596.6000000015
937,0.765,9858.6,2713455.2000000016
938,0.7649,28.0,2713483.2000000016
939,0.7648,8.9,2713492.1000000015
940,0.7647,138.3,2713630.4000000013
941,0.7646,757.3,2714387.700000001
942,0.7645,24.5,2714412.200000001
943,0.7644,210.9,2714623.100000001
944,0.7643,15.7,2714638.800000001
945,0.7642,1688.4,2716327.200000001
946,0.7641,241.1,2716568.300000001
947,0.764,2099.5,2718667.800000001
948,0.7639,34.4,2718702.200000001
949,0.7638,204.2,2718906.4000000013
950,0.7637,681.7,2719588.1000000015
951,0.7636,2315.0,2721903.1000000015
952,0.7635,548.9,2722452.0000000014
953,0.7634,217.1,2722669.1000000015
954,0.7633,194.4,2722863.5000000014
955,0.7632,81.8,2722945.300000001
956,0.7631,1375.8,2724321.100000001
957,0.763,3746.5,2728067.600000001
958,0.7629,188.6,2728256.200000001
959,0.7628,589.4,2728845.600000001
960,0.7627,1730.1,2730575.700000001
961,0.7626,191.4,2730767.100000001
962,0.7625,931.9,2731699.000000001
963,0.7624,96.9,2731795.900000001
964,0.7623,68.6,2731864.500000001
965,0.7622,13177.8,2745042.3000000007
966,0.7621,262.9,2745305.2000000007
967,0.762,6165.2,2751470.400000001
968,0.7619,301.0,2751771.400000001
969,0.7618,152.0,2751923.400000001
970,0.7617,501.8,2752425.2000000007
971,0.7616,63.9,2752489.1000000006
972,0.7615,3126.1,2755615.2000000007
973,0.7614,131.3,2755746.5000000005
974,0.7613,559.2,2756305.7000000007
975,0.7612,717.4,2757023.1000000006
976,0.7611,492.2,2757515.3000000007
977,0.761,6388.8,2763904.1000000006
978,0.7609,43.6,2763947.7000000007
979,0.7608,6098.7,2770046.400000001
980,0.7607,56.6,2770103.000000001
981,0.7606,138.1,2770241.100000001
982,0.7605,209.0,2770450.100000001
983,0.7604,114.9,2770565.000000001
984,0.7603,41.8,2770606.8000000007
985,0.7602,70.7,2770677.500000001
986,0.7601,100111.6,2870789.100000001
987,0.76,186726.4,3057515.500000001
988,0.7599,1539.9,3059055.400000001
989,0.7598,157.2,3059212.600000001
990,0.7597,29.6,3059242.200000001
991,0.7596,152.3,3059394.500000001
992,0.7595,128.4,3059522.900000001
993,0.7594,58.0,3059580.900000001
994,0.7593,181.6,3059762.500000001
995,0.7592,621.6,3060384.100000001
996,0.7591,33.6,3060417.700000001
997,0.759,755.3,3061173.000000001
998,0.7589,1346.5,3062519.500000001
999,0.7588,439.6,3062959.100000001
