date,marketcapsum
2017-01-01,17253037237.16817
2017-01-02,17654500750.15577
2017-01-03,18131792703.205475
2017-01-04,20069442525.573174
2017-01-05,17674854182.3018
2017-01-06,15870618162.1711
2017-01-07,15948014918.2233
2017-01-08,16026495353.5843
2017-01-09,15910454490.902502
2017-01-10,16043671256.7234
2017-01-11,13832085041.462301
2017-01-12,14291930750.728098
2017-01-13,14596946240.9612
2017-01-14,14508850127.386799
2017-01-15,14584023084.258999
2017-01-16,14720618336.6503
2017-01-17,16015121212.104801
2017-01-18,15658063541.2042
2017-01-19,15889876652.881203
2017-01-20,15833138178.3409
2017-01-21,16295897175.4349
2017-01-22,16323800409.172703
2017-01-23,16276289110.007
2017-01-24,15796201673.428802
2017-01-25,15931200792.864498
2017-01-26,16206618528.8149
2017-01-27,16229863100.439503
2017-01-28,16261776005.729101
2017-01-29,16224783344.203701
2017-01-30,16256860271.2988
2017-01-31,17090071173.986
2017-02-01,17402247511.9321
2017-02-02,17778268143.5501
2017-02-03,18099071096.076603
2017-02-04,18338571743.102898
2017-02-05,18080047203.652298
2017-02-06,18260525915.4972
2017-02-07,18646361196.970604
2017-02-08,18669628715.745903
2017-02-09,17514291229.4337
2017-02-10,17442336608.926003
2017-02-11,17708284463.8045
2017-02-12,17625762211.5144
2017-02-13,17475681795.272102
2017-02-14,17862763990.691303
2017-02-15,17900119026.5096
2017-02-16,18217955291.217804
2017-02-17,18502533314.712803
2017-02-18,18632778823.3866
2017-02-19,18535679712.395996
2017-02-20,19028230472.9301
2017-02-21,19622528625.3174
2017-02-22,19654772611.998703
2017-02-23,20505433674.093105
2017-02-24,20609395470.595802
2017-02-25,20169006403.573902
2017-02-26,20605072114.1686
2017-02-27,20922088250.737297
2017-02-28,20957804370.954697
2017-03-01,21782469375.831303
2017-03-02,22427166171.367
2017-03-03,22870314424.4042
2017-03-04,22472532320.6729
2017-03-05,22725270269.689396
2017-03-06,22846531094.176598
2017-03-07,22009493160.8008
2017-03-08,20616943137.899704
2017-03-09,21344576577.518997
2017-03-10,20310417099.509598
2017-03-11,21466760407.952705
2017-03-12,22389298608.9976
2017-03-13,23049019009.745697
2017-03-14,23182028359.7157
2017-03-15,23919176412.4772
2017-03-16,23940690988.6366
2017-03-17,22556362517.0599
2017-03-18,19387854725.2197
2017-03-19,21371978816.606796
2017-03-20,21543971083.4308
2017-03-21,22598691820.5191
2017-03-22,21381885166.9667
2017-03-23,21459364820.3158
2017-03-24,20676741490.4999
2017-03-25,21035635837.2394
2017-03-26,20888132003.3618
2017-03-27,22098751800.0038
2017-03-28,22227696588.4741
2017-03-29,22360036325.968994
2017-03-30,22323861352.004402
2017-03-31,23140055505.9458
2017-04-01,23393923715.2181
2017-04-02,25109775113.0417
2017-04-03,24347777363.7243
2017-04-04,24383088976.753307
2017-04-05,24380122032.3715
2017-04-06,24989007619.9234
2017-04-07,24888220607.076504
2017-04-08,25083934528.744698
2017-04-09,25052192275.7279
2017-04-10,25055698449.2684
2017-04-11,25319521587.495502
2017-04-12,25656801634.659
2017-04-13,25482228070.4838
2017-04-14,25207344781.402596
2017-04-15,25457064108.286198
2017-04-16,25576963487.988197
2017-04-17,25714683290.3829
2017-04-18,26213129381.610203
2017-04-19,25822497137.0711
2017-04-20,26293669993.694603
2017-04-21,26203089727.6396
2017-04-22,26448086356.466297
2017-04-23,26078281349.419598
2017-04-24,26976981619.0595
2017-04-25,27277540099.5114
2017-04-26,27791828414.5148
2017-04-27,29328813410.997
2017-04-28,30398329566.3678
2017-04-29,30723821408.3525
2017-04-30,32076516571.741104
2017-05-01,33172029964.0234
2017-05-02,33719422751.5832
2017-05-03,35073740898.5272
2017-05-04,38264343650.5472
2017-05-05,39037173044.9994
2017-05-06,40182775948.73659
2017-05-07,41774359505.888
2017-05-08,45709437104.82919
2017-05-09,44972647602.853195
2017-05-10,46252354391.832794
2017-05-11,47180544571.707306
2017-05-12,45753555572.671
2017-05-13,47688681514.8042
2017-05-14,47970427107.3629
2017-05-15,48712477225.9735
2017-05-16,51299956736.1425
2017-05-17,54885385216.579704
2017-05-18,55481014674.40961
2017-05-19,58640787402.606895
2017-05-20,60908484758.8558
2017-05-21,62560441744.3443
2017-05-22,65517286986.42519
2017-05-23,69209834399.4894
2017-05-24,71055068211.513
2017-05-25,65070145275.19389
2017-05-26,62745796787.0169
2017-05-27,57591624970.880005
2017-05-28,61368444127.75099
2017-05-29,65418163458.166
2017-05-30,66433907940.75
2017-05-31,69790719246.87599
2017-06-01,74670773113.471
2017-06-02,75000965413.40599
2017-06-03,75123814261.534
2017-06-04,77201636396.59601
2017-06-05,80385560849.29599
2017-06-06,84367000930.98601
2017-06-07,81301402774.024
2017-06-08,83304960341.791
2017-06-09,85274987207.936
2017-06-10,91548194844.34601
2017-06-11,92633694669.935
2017-06-12,92436673077.85
2017-06-13,93559655966.59302
2017-06-14,86991399715.253
2017-06-15,85837071188.55399
2017-06-16,87907850719.217
2017-06-17,91896594570.67
2017-06-18,89942918852.576
2017-06-19,91155076751.58398
2017-06-20,93260138674.796
2017-06-21,89636717808.004
2017-06-22,89921975401.50499
2017-06-23,91919727817.082
2017-06-24,87540609527.699
2017-06-25,84804129644.05199
2017-06-26,79181693131.677
2017-06-27,82220431344.699
2017-06-28,86133861850.09702
2017-06-29,82627636527.267
2017-06-30,80800033892.46301
2017-07-01,77788766554.448
2017-07-02,80529119506.303
2017-07-03,81288208896.163
2017-07-04,81285273251.051
2017-07-05,80861982933.26399
2017-07-06,80957085536.611
2017-07-07,76363938308.321
2017-07-08,77942081122.993
2017-07-09,75947026219.46101
2017-07-10,69724715087.601
2017-07-11,66737177858.52099
2017-07-12,71843157679.302
2017-07-13,68927992198.372
2017-07-14,65365931893.054
2017-07-15,57819683665.459
2017-07-16,54672382818.162
2017-07-17,64216407415.90501
2017-07-18,70093582955.23999
2017-07-19,65141093190.761
2017-07-20,77693663083.67
2017-07-21,74226026200.772
2017-07-22,78093202571.144
2017-07-23,76387498290.011
2017-07-24,76595177936.827
2017-07-25,71328502095.195
2017-07-26,70144683547.99
2017-07-27,72520968602.83899
2017-07-28,73369306127.618
2017-07-29,73380328526.72699
2017-07-30,72941115472.56601
2017-07-31,75675661483.385
2017-08-01,75620635589.13301
2017-08-02,74669938134.591
2017-08-03,76824468605.094
2017-08-04,78138107211.48999
2017-08-05,87803510433.455
2017-08-06,87372172220.12799
2017-08-07,90807139130.39899
2017-08-08,94765900269.88402
2017-08-09,93028774372.51201
2017-08-10,93496690813.693
2017-08-11,99167815489.67001
2017-08-12,102966481541.48401
2017-08-13,104698597517.53001
2017-08-14,109168789849.074
2017-08-15,105360524592.88202
2017-08-16,109815221976.30501
2017-08-17,108938351791.581
2017-08-18,105846374962.16101
2017-08-19,106311145344.65802
2017-08-20,105169039107.73999
2017-08-21,107044803631.243
2017-08-22,109781981582.363
2017-08-23,111540064082.89499
2017-08-24,114102943136.248
2017-08-25,115336605530.41301
2017-08-26,115010864969.425
2017-08-27,116961978475.11699
2017-08-28,117857644524.37099
2017-08-29,123129529479.031
2017-08-30,124101466573.63702
2017-08-31,128235955826.39499
2017-09-01,132405199186.42801
2017-09-02,122332955226.676
2017-09-03,122208961487.655
2017-09-04,109946403449.82698
2017-09-05,114691103984.53302
2017-09-06,121285728733.358
2017-09-07,120726580116.529
2017-09-08,110388447366.099
2017-09-09,110011762467.412
2017-09-10,107645064146.852
2017-09-11,109144383487.60999
2017-09-12,108073777068.51999
2017-09-13,102155922413.00699
2017-09-14,81584840341.22311
2017-09-15,94100146702.16551
2017-09-16,93447642741.46909
2017-09-17,93242207681.39331
2017-09-18,106030867303.21298
2017-09-19,102328280871.46371
2017-09-20,101972988814.38179
2017-09-21,94361259123.17293
2017-09-22,95059050246.2171
2017-09-23,100079625233.65602
2017-09-24,97751932882.17339
2017-09-25,103200259642.718
2017-09-26,102345010890.702
2017-09-27,110217879872.44699
2017-09-28,108759755675.79703
2017-09-29,107665341713.4592
2017-09-30,111836035086.4367
2017-10-01,113338809810.50168
2017-10-02,113540680558.316
2017-10-03,111409590182.703
2017-10-04,110396349275.89801
2017-10-05,113220461826.019
2017-10-06,115023611032.96799
2017-10-07,116514498397.71698
2017-10-08,120920436677.48701
2017-10-09,121340495823.56702
2017-10-10,122123154933.21198
2017-10-11,123415633025.63399
2017-10-12,133760209057.14796
2017-10-13,140995673046.43198
2017-10-14,144285015478.79297
2017-10-15,141732873905.08002
2017-10-16,141847547030.815
2017-10-17,137038740759.62997
2017-10-18,136081595415.782
2017-10-19,137278893263.10002
2017-10-20,141892212741.258
2017-10-21,141748995725.802
2017-10-22,140592941579.332
2017-10-23,138047886159.883
2017-10-24,132938467481.943
2017-10-25,136632125352.69102
2017-10-26,138976392533.741
2017-10-27,136949764110.966
2017-10-28,136302761761.434
2017-10-29,144105195085.925
2017-10-30,143940428886.93
2017-10-31,149337655375.72202
2017-11-01,152379888684.672
2017-11-02,157661515055.65
2017-11-03,161822029976.706
2017-11-04,163987339111.64496
2017-11-05,163938144222.05396
2017-11-06,158002152558.64902
2017-11-07,160201576992.05203
2017-11-08,167295010117.45898
2017-11-09,163503611127.646
2017-11-10,151830196275.73505
2017-11-11,149322351114.31302
2017-11-12,141074724845.65402
2017-11-13,152584931064.498
2017-11-14,156214071962.10498
2017-11-15,167351638587.505
2017-11-16,177406993450.963
2017-11-17,174592884921.60205
2017-11-18,177667210300.462
2017-11-19,182717025570.577
2017-11-20,187051243454.21198
2017-11-21,183937725247.603
2017-11-22,189333826069.711
2017-11-23,188768035398.37296
2017-11-24,198978376818.39398
2017-11-25,208125141844.22098
2017-11-26,217510938026.06903
2017-11-27,227425505669.62903
2017-11-28,234591691464.229
2017-11-29,223905638967.137
2017-11-30,232890786494.01996
2017-12-01,248260882130.65698
2017-12-02,249779786636.41495
2017-12-03,254153802341.935
2017-12-04,260577797814.48996
2017-12-05,263698011135.01196
2017-12-06,299322828567.39795
2017-12-07,359589907333.023
2017-12-08,342302970670.444
2017-12-09,322189385429.434
2017-12-10,322903168822.719
2017-12-11,359342209976.86993
2017-12-12,391361554806.267
2017-12-13,383173792883.535
2017-12-14,402159453307.874
2017-12-15,416617128747.233
2017-12-16,454373695859.57294
2017-12-17,453577846243.089
2017-12-18,465215301950.90106
2017-12-19,446491711547.741
2017-12-20,422967174831.386
2017-12-21,425490847192.151
2017-12-22,370907949468.698
2017-12-23,393685484226.08997
2017-12-24,371131909276.231
2017-12-25,383445842621.44006
2017-12-26,423115250977.66
2017-12-27,424693756303.83997
2017-12-28,401689668010.467
2017-12-29,437225983567.17004
2017-12-30,404186616125.61707
2017-12-31,437273139990.64
2018-01-01,434474092957.43
2018-01-02,475739061366.3
2018-01-03,519523590556.52997
2018-01-04,539767576494.64
2018-01-05,565572076880.38
2018-01-06,574660231070.68
2018-01-07,579443454638.7
2018-01-08,513381830348.89996
2018-01-09,499986059128.09
2018-01-10,497122233196.03
2018-01-11,455105730854.86
2018-01-12,485993617996.08
2018-01-13,503996047564.13995
2018-01-14,480380235442.3
2018-01-15,464957340456.41
2018-01-16,374997532147.91797
2018-01-17,372521311255.52295
2018-01-18,392462196641.16693
2018-01-19,392899231911.05005
2018-01-20,429932042071.587
2018-01-21,385335106912.12305
2018-01-22,366953262240.55896
2018-01-23,363001755511.89886
2018-01-24,381000381251.74396
2018-01-25,377690062573.066
2018-01-26,371749979534.503
2018-01-27,381625332139.241
2018-01-28,410588093712.613
2018-01-29,391160900187.011
2018-01-30,348919665321.616
2018-01-31,355987145457.13495
2018-02-01,318412466200.0241
2018-02-02,296111160203.29297
2018-02-03,311370145867.09296
2018-02-04,276618778014.989
2018-02-05,232823304982.29202
2018-02-06,261656547988.33295
2018-02-07,252574689534.32504
2018-02-08,273979844605.262
2018-02-09,296788649090.25104
2018-02-10,297047495979.496
2018-02-11,279946228669.65594
2018-02-12,303122252835.349
2018-02-13,292655844303.645
2018-02-14,323925274800.62396
2018-02-15,337967008009.852
2018-02-16,340001502839.00806
2018-02-17,360998332083.512
2018-02-18,341217730681.26697
2018-02-19,356250983872.25995
2018-02-20,352254702450.874
2018-02-21,331223867326.15594
2018-02-22,311171870178.931
2018-02-23,324769756510.577
2018-02-24,311727214455.948
2018-02-25,310340656114.14105
2018-02-26,325232854840.59
2018-02-27,331659925009.784
2018-02-28,320867719641.121
2018-03-01,333409442448.671
2018-03-02,333552363006.81396
2018-03-03,340061984197.447
2018-03-04,345463177866.637
2018-03-05,343105120597.772
2018-03-06,323259949333.92993
2018-03-07,299193507597.434
2018-03-08,281693489100.286
2018-03-09,284721327137.73596
2018-03-10,269525981200.23697
2018-03-11,287846875774.11804
2018-03-12,277276419160.8859
2018-03-13,275821703180.237
2018-03-14,247366049922.42902
2018-03-15,247225401374.596
2018-03-16,246501078775.193
2018-03-17,231119423311.48502
2018-03-18,235872103232.35696
2018-03-19,249819076886.63
2018-03-20,254194451803.638
2018-03-21,254557825739.999
2018-03-22,247376829608.61102
2018-03-23,249414426082.81305
2018-03-24,244781664877.96698
2018-03-25,241253160114.626
2018-03-26,230201699779.756
2018-03-27,217843204386.47003
2018-03-28,219843601906.02
2018-03-29,196105391223.689
2018-03-30,192367257690.886
2018-03-31,193797494641.54
2018-04-01,188750166856.998
2018-04-02,194918335397.98798
2018-04-03,207810813509.74402
2018-04-04,190024485437.31
2018-04-05,189912968458.30502
2018-04-06,184248198147.315
2018-04-07,191194279582.98102
2018-04-08,195392578415.17996
2018-04-09,190195707201.07202
2018-04-10,193023831854.74896
2018-04-11,199295168466.53204
2018-04-12,226776880038.28598
2018-04-13,226796574969.94803
2018-04-14,229100824600.883
2018-04-15,240952632301.73898
2018-04-16,234098581250.15198
2018-04-17,230352482073.11597
2018-04-18,240334043649.25793
2018-04-19,250944812586.15198
2018-04-20,271843972203.45
2018-04-21,269082158440.23096
2018-04-22,268656449133.04102
2018-04-23,274069917760.351
2018-04-24,298513087105.076
2018-04-25,266950025252.83798
2018-04-26,282735298437.92
2018-04-27,274016776418.679
2018-04-28,288518976258.709
2018-04-29,291367234379.1049
2018-04-30,284461552417.078
2018-05-01,283294407276.78796
2018-05-02,287680677411.785
2018-05-03,306828364888.582
2018-05-04,307168173827.09503
2018-05-05,313963911582.993
2018-05-06,305804548051.651
2018-05-07,294722944052.33606
2018-05-08,291108346055.731
2018-05-09,291855575971.581
2018-05-10,281201630894.764
2018-05-11,261040305196.891
2018-05-12,264095947902.47897
2018-05-13,275498417388.832
2018-05-14,274576868911.021
2018-05-15,266184281247.01898
2018-05-16,264372412551.773
2018-05-17,253477604132.195
2018-05-18,259696955242.459
2018-05-19,259550474611.377
2018-05-20,268028861053.28503
2018-05-21,264030050584.969
2018-05-22,249493167054.84503
2018-05-23,231488179342.361
2018-05-24,235677423840.10797
2018-05-25,231051382562.266
2018-05-26,228997965085.602
2018-05-27,227305264590.68497
2018-05-28,213946011920.75803
2018-05-29,228126518930.78
2018-05-30,226537163363.802
2018-05-31,230588596940.60602
2018-06-01,232047414486.50702
2018-06-02,236317628877.69797
2018-06-03,241601115984.294
2018-06-04,234284771585.89
2018-06-05,239123682798.431
2018-06-06,239165698174.71198
2018-06-07,239279688882.255
2018-06-08,237530763743.49603
2018-06-09,234769244434.167
2018-06-10,209995755776.884
2018-06-11,213739581214.43
2018-06-12,201836105516.01602
2018-06-13,194042459930.13998
2018-06-14,205922867013.06995
2018-06-15,197853221082.00302
2018-06-16,200386780393.84
2018-06-17,199290226461.941
2018-06-18,205986863789.765
2018-06-19,209342263549.71198
2018-06-20,208638368241.92902
2018-06-21,206708024336.307
2018-06-22,185913206519.03198
2018-06-23,188193041269.442
2018-06-24,185681890408.997
2018-06-25,187707872343.694
2018-06-26,180411418225.96497
2018-06-27,183323417845.14102
2018-06-28,175441006409.044
2018-06-29,182895877482.182
2018-06-30,189089776018.18604
2018-07-01,188468523052.439
2018-07-02,196382010291.249
2018-07-03,193498688445.868
2018-07-04,195202620807.27
2018-07-05,196091527257.563
2018-07-06,196268263289.64206
2018-07-07,202208751044.946
2018-07-08,199492141793.112
2018-07-09,197232793666.23798
2018-07-10,183946963557.08603
2018-07-11,186713017660.45795
2018-07-12,181350942054.513
2018-07-13,182441209264.559
2018-07-14,183312219792.213
2018-07-15,186747051372.181
2018-07-16,198953846345.019
2018-07-17,212765550646.28098
2018-07-18,210605026854.87698
2018-07-19,210733234531.84402
2018-07-20,204678169780.40298
2018-07-21,207508162438.25397
2018-07-22,207082301527.85098
2018-07-23,210742778143.033
2018-07-24,227204919377.98096
2018-07-25,222280368074.698
2018-07-26,216732461638.668
2018-07-27,221269513414.32196
2018-07-28,221461725013.241
2018-07-29,222026687158.616
2018-07-30,219573211931.745
2018-07-31,209296306848.62598
2018-08-01,205427111143.91498
2018-08-02,202676154592.86197
2018-08-03,201372614798.94
2018-08-04,192429251082.269
2018-08-05,193868964399.703
2018-08-06,190586304708.407
2018-08-07,182599323222.258
2018-08-08,169604325285.97803
2018-08-09,176155075924.03104
2018-08-10,164680046733.91498
2018-08-11,164379051683.979
2018-08-12,164517218668.15402
2018-08-13,159210873766.89798
2018-08-14,156185128176.379
2018-08-15,158778967474.82803
2018-08-16,160329171841.684
2018-08-17,171698517204.537
2018-08-18,164758761320.80103
2018-08-19,167544489470.262
2018-08-20,159898243050.725
2018-08-21,164706589773.111
2018-08-22,160862202019.651
2018-08-23,164752014411.43903
2018-08-24,168732393082.53506
2018-08-25,169226066252.208
2018-08-26,167620015107.32602
2018-08-27,172887831500.114
2018-08-28,178755321894.19202
2018-08-29,176706453518.423
2018-08-30,174420331938.98495
2018-08-31,175690462357.20398
2018-09-01,180765555924.84
2018-09-02,181651092474.162
2018-09-03,180589980161.704
2018-09-04,182000621942.08
2018-09-05,163494058525.31702
2018-09-06,159476691566.188
2018-09-07,156411738484.76602
2018-09-08,149412458666.739
2018-09-09,150668908833.31198
2018-09-10,150898747627.838
2018-09-11,148956657524.615
2018-09-12,149401948168.617
2018-09-13,155972066046.24
2018-09-14,155886871765.23898
2018-09-15,157831755315.39603
2018-09-16,157172888097.08496
2018-09-17,149853690224.253
2018-09-18,154905033825.01495
2018-09-19,155632598435.161
2018-09-20,164703104614.54596
2018-09-21,175992394686.95798
2018-09-22,175297196121.436
2018-09-23,175790102972.55203
2018-09-24,168686579103.25104
2018-09-25,166220128828.22296
2018-09-26,166315566485.695
2018-09-27,172401427286.98102
2018-09-28,170992724150.78003
2018-09-29,172560161702.77405
2018-09-30,173529813065.12802
2018-10-01,172455197563.10703
2018-10-02,169266321154.31696
2018-10-03,167730191210.50497
2018-10-04,169262218756.827
2018-10-05,170475683378.001
2018-10-06,168299875760.483
2018-10-07,168762732431.32803
2018-10-08,170365145771.589
2018-10-09,169502722091.22797
2018-10-10,167477693624.35596
2018-10-11,153676396322.75098
2018-10-12,156561820870.235
2018-10-13,157108120884.995
2018-10-14,155841638730.72098
2018-10-15,164774465047.82697
2018-10-16,165383548717.58643
2018-10-17,164133579961.30615
2018-10-18,161944291952.7436
2018-10-19,161677237469.91208
2018-10-20,162518098029.95178
2018-10-21,162246055771.24927
2018-10-22,162011735099.23965
2018-10-23,162102941743.488
2018-10-24,162259491771.4785
2018-10-25,161769149706.28958
2018-10-26,161963224716.20895
2018-10-27,162021619494.11703
2018-10-28,162527474510.72098
2018-10-29,157788784101.275
2018-10-30,157907198258.715
2018-10-31,157697689399.807
2018-11-01,159343423932.43295
2018-11-02,159982748670.10596
2018-11-03,159301529736.665
2018-11-04,160911410644.74402
2018-11-05,163279546677.52304
2018-11-06,166749188321.725
2018-11-07,167726043403.3011
2018-11-08,163953370606.9178
2018-11-09,162718917813.96756
2018-11-10,163717661483.8568
2018-11-11,163465066731.13443
2018-11-12,163039685995.88916
2018-11-13,162009928422.95056
2018-11-14,146280954863.92175
2018-11-15,144936091399.92828
2018-11-16,142504394859.82083
2018-11-17,142791072003.64453
2018-11-18,145194385105.54602
2018-11-19,126976820528.6819
2018-11-20,115352299190.04332
2018-11-21,119507989655.36136
2018-11-22,113171656705.92966
2018-11-23,111654933200.67091
2018-11-24,100792692778.10495
2018-11-25,103450769684.91628
2018-11-26,97596633753.93648
2018-11-27,98828881751.46594
2018-11-28,109589645604.2422
2018-11-29,109046515610.24461
2018-11-30,103039786062.3034
2018-12-01,107779363783.03975
2018-12-02,105982884969.08249
2018-12-03,99867067282.63373
2018-12-04,101347756065.31902
2018-12-05,96226547952.2883
2018-12-06,89530330315.89017
2018-12-07,87617346524.04825
2018-12-08,88775022563.00258
2018-12-09,91857866862.44788
2018-12-10,89021588324.99261
2018-12-11,87233453702.13261
2018-12-12,88831353589.99028
2018-12-13,84929936585.91064
2018-12-14,82948593607.85153
2018-12-15,82779578640.36246
2018-12-16,83398264689.14705
2018-12-17,91664203195.36005
2018-12-18,96027030714.64587
2018-12-19,97037164216.84015
2018-12-20,106906545199.7446
2018-12-21,101318850815.93172
2018-12-22,104497744747.07594
2018-12-23,106228153678.328
2018-12-24,110105807675.4715
2018-12-25,102997799951.20786
2018-12-26,103902509826.59508
2018-12-27,96806673864.52176
2018-12-28,105806814512.65617
2018-12-29,103529631230.99646
2018-12-30,104681561907.8482
2018-12-31,100969001643.164
2019-01-01,104194639585.1057
2019-01-02,108119288715.60524
2019-01-03,104830011822.63603
2019-01-04,105794812586.74199
2019-01-05,105869310909.70023
2019-01-06,111168407294.83669
2019-01-07,109385249833.12799
2019-01-08,109767861690.55434
2019-01-09,110346834949.99783
2019-01-10,99588082146.47467
2019-01-11,99545781637.58113
2019-01-12,98642215649.00835
2019-01-13,94948054850.94014
2019-01-14,100177449243.82436
2019-01-15,97697496235.12234
2019-01-16,98497347344.53456
2019-01-17,98982869845.16649
2019-01-18,98074276455.18895
2019-01-19,100073133657.40282
2019-01-20,96713587364.38017
2019-01-21,96131647013.5524
2019-01-22,96835247162.15532
2019-01-23,96240541886.91106
2019-01-24,96638462493.55405
2019-01-25,96547936590.07973
2019-01-26,96697407977.23213
2019-01-27,95841685756.45912
2019-01-28,92109090426.64941
2019-01-29,91411470843.53702
2019-01-30,93785924608.98822
2019-01-31,92487355798.7391
2019-02-01,93196011268.38882
2019-02-02,94317103568.77446
2019-02-03,92500206208.27776
2019-02-04,92549509988.03088
2019-02-05,92647017049.91602
2019-02-06,91100756105.87993
2019-02-07,90806962126.64528
2019-02-08,98811610398.5707
2019-02-09,98973121574.61241
2019-02-10,100016403806.50322
2019-02-11,98361598097.48004
2019-02-12,98698398160.49641
2019-02-13,98064602173.70801
2019-02-14,97501041254.4196
2019-02-15,97799285074.727
2019-02-16,98125026434.07724
2019-02-17,100100955666.35617
2019-02-18,106930173939.01683
2019-02-19,107667555695.52347
2019-02-20,109768960205.91998
2019-02-21,107789955030.75662
2019-02-22,109212415788.28874
2019-02-23,113280199017.72173
2019-02-24,102966391308.93262
2019-02-25,105935242807.41031
2019-02-26,104770784254.78868
2019-02-27,104288629274.80692
2019-02-28,104591698433.6935
2019-03-01,104979851462.62764
2019-03-02,104862495676.58891
2019-03-03,104141275238.08504
2019-03-04,101723393094.44377
2019-03-05,106495773072.63713
2019-03-06,106938958682.6007
2019-03-07,107065103256.23647
2019-03-08,106169382114.13023
2019-03-09,107995004313.42856
2019-03-10,107570514460.96677
2019-03-11,106260119932.4247
2019-03-12,106593797151.78003
2019-03-13,106486206918.79282
2019-03-14,106896483374.91478
2019-03-15,108290326643.94458
2019-03-16,110948256842.80174
2019-03-17,110032827941.36533
2019-03-18,110028486989.19284
2019-03-19,111019101729.97307
2019-03-20,111400879548.13011
2019-03-21,109414777426.04097
2019-03-22,109616250177.75992
2019-03-23,110339710741.29118
2019-03-24,109929451651.33293
2019-03-25,108286537044.02269
2019-03-26,108774875000.49669
2019-03-27,111931415182.83875
2019-03-28,111196770826.42116
2019-03-29,112070608268.29735
2019-03-30,112327464564.29915
2019-03-31,112233355304.77255
2019-04-01,113607600721.81267
2019-04-02,132067601681.2107
2019-04-03,133619108147.70255
2019-04-04,132022050744.38495
2019-04-05,136503488290.53787
2019-04-06,136778421149.75493
2019-04-07,140503300037.29684
2019-04-08,142416313529.13013
2019-04-09,139911430850.20667
2019-04-10,142700274483.8386
2019-04-11,134890679991.35527
2019-04-12,135237744087.10544
2019-04-13,135334470164.47743
2019-04-14,137539130713.34515
2019-04-15,134508428800.54216
2019-04-16,138722139509.10852
2019-04-17,139138866140.3047
2019-04-18,141287752766.09772
2019-04-19,141473063130.1056
2019-04-20,141854398613.27295
2019-04-21,140300384902.21658
2019-04-22,142159091966.74545
2019-04-23,144721946668.72626
2019-04-24,141395780584.26373
2019-04-25,134796027503.40738
2019-04-26,136859152295.39908
2019-04-27,136735009667.37216
2019-04-28,136837628952.99916
2019-04-29,135402071499.70195
2019-04-30,139310691743.0417
2019-05-01,139737999723.42273
2019-05-02,141860346144.41055
2019-05-03,147814194323.13998
2019-05-04,148046014188.60986
2019-05-05,147152571902.9743
2019-05-06,147126591831.78513
2019-05-07,147919229047.7326
2019-05-08,150875140098.50137
2019-05-09,153580845810.15692
2019-05-10,158041144975.51373
2019-05-11,177323420259.31714
2019-05-12,171304480512.67023
2019-05-13,188742580096.92697
2019-05-14,198330181541.45312
2019-05-15,208894963014.10892
2019-05-16,202720764282.11133
2019-05-17,188846555916.32126
2019-05-18,186144427360.60098
2019-05-19,208425783182.40277
2019-05-20,202372770109.16895
2019-05-21,202934887738.0234
2019-05-22,195333213400.95853
2019-05-23,199475630481.02182
2019-05-24,202971832278.04813
2019-05-25,204859513050.69077
2019-05-26,219217992108.82077
2019-05-27,224041830565.51685
2019-05-28,222737606133.77594
2019-05-29,221261895806.4786
2019-05-30,211984103546.92636
2019-05-31,219243813008.69305
2019-06-01,218690326267.24197
2019-06-02,223362542943.55594
2019-06-03,210011160261.70898
2019-06-04,198163020653.5615
2019-06-05,201328400846.70963
2019-06-06,202761237704.6386
2019-06-07,207583694683.65103
2019-06-08,205004532010.13678
2019-06-09,197210733255.34653
2019-06-10,206228420684.8852
2019-06-11,205030491975.61023
2019-06-12,211689522104.2432
2019-06-13,212300930858.4015
2019-06-14,221460009111.6034
2019-06-15,225105732396.59735
2019-06-16,228577675950.49234
2019-06-17,236005336072.45477
2019-06-18,229897524049.2911
2019-06-19,234416854348.27283
2019-06-20,238926564941.67694
2019-06-21,253593982643.20166
2019-06-22,266793012919.40735
2019-06-23,268775507357.2792
2019-06-24,272062447592.83325
2019-06-25,286502257699.4547
2019-06-26,309796539257.0005
2019-06-27,268312385025.69363
2019-06-28,293457002173.3829
2019-06-29,287629368468.3672
2019-06-30,261190140970.8248
2019-07-01,257999831022.02298
2019-07-02,260987585087.59802
2019-07-03,283697986942.80963
2019-07-04,267253811698.02747
2019-07-05,263001012570.13516
2019-07-06,267440225349.47946
2019-07-07,274610239100.92212
2019-07-08,290776525772.7741
2019-07-09,294796658632.0123
2019-07-10,282898172766.10095
2019-07-11,263916393640.5564
2019-07-12,274251547017.42105
2019-07-13,265027579319.33185
2019-07-14,237744955863.9944
2019-07-15,248927873424.0545
2019-07-16,218077920121.0547
2019-07-17,225072450498.18842
2019-07-18,247125480957.26157
2019-07-19,244083168967.32007
2019-07-20,250298111704.89905
2019-07-21,246685882200.31262
2019-07-22,240416026206.3365
2019-07-23,230769279365.0109
2019-07-24,230192475792.93524
2019-07-25,232078933820.36646
2019-07-26,231915611147.85403
2019-07-27,222361415178.10403
2019-07-28,224289071377.99515
2019-07-29,223614931111.88763
2019-07-30,225434798441.6389
2019-07-31,235619742279.62354
2019-08-01,241206474938.1267
2019-08-02,242637405539.8107
2019-08-03,248753190193.56104
2019-08-04,251441019041.98004
2019-08-05,268202330449.53525
2019-08-06,260447151425.67087
2019-08-07,268943633204.66077
2019-08-08,268794438409.1497
2019-08-09,264656671842.6546
2019-08-10,255426332238.6353
2019-08-11,260047586253.57547
2019-08-12,256684696622.87418
2019-08-13,247331213001.04803
2019-08-14,227220382890.14478
2019-08-15,232364850274.95142
2019-08-16,232845415852.70117
2019-08-17,230346077140.74915
2019-08-18,234532064572.4228
2019-08-19,245926253295.19687
2019-08-20,241882049048.50357
2019-08-21,228818279080.49472
2019-08-22,229604156120.19797
2019-08-23,235369798907.1862
2019-08-24,230167224093.59894
2019-08-25,229041998839.7221
2019-08-26,233602112950.74042
2019-08-27,229949667555.96274
2019-08-28,219331866753.7678
2019-08-29,213978137519.90134
2019-08-30,215562336973.17102
2019-08-31,216564510193.9335
2019-09-01,218864732664.73917
2019-09-02,230550809708.19693
2019-09-03,235911971799.5993
2019-09-04,234609014355.5263
2019-09-05,233922605406.7771
2019-09-06,229193308271.82043
2019-09-07,233846103767.6861
2019-09-08,233096078279.02548
2019-09-09,230957532624.74686
2019-09-10,226841134495.4624
2019-09-11,227459416393.31152
2019-09-12,231805277041.86618
2019-09-13,231000344978.33194
2019-09-14,232160162622.68723
2019-09-15,232114454146.35544
2019-09-16,231736299782.03665
2019-09-17,233743413891.20596
2019-09-18,235174989588.42505
2019-09-19,236780979936.6466
2019-09-20,234392083376.9742
2019-09-21,230911321166.40863
2019-09-22,230660550760.3169
2019-09-23,222407726656.79807
2019-09-24,195742898013.02036
2019-09-25,194393479769.45013
2019-09-26,186914235169.6505
2019-09-27,190425428238.23492
2019-09-28,190184278761.87476
2019-09-29,186942209414.23926
2019-09-30,192333915486.04636
2019-10-01,192666093573.9049
2019-10-02,194217207477.78607
2019-10-03,190954000838.8547
2019-10-04,190558958433.70377
2019-10-05,189496789527.94577
2019-10-06,186275004225.17453
2019-10-07,193010831053.46686
2019-10-08,192934914078.31512
2019-10-09,201325074617.30524
2019-10-10,200356041932.15878
2019-10-11,194370185650.54068
2019-10-12,194568846812.0291
2019-10-13,194906204264.58728
2019-10-14,197327804565.16956
2019-10-15,193123878847.48315
2019-10-16,189270785949.2653
2019-10-17,191563155390.6731
2019-10-18,188268583298.71387
2019-10-19,188500315659.13852
2019-10-20,193125952684.8195
2019-10-21,193409241873.99927
2019-10-22,189934792356.26733
2019-10-23,177346382876.40048
2019-10-24,177340598812.51913
2019-10-25,202282217287.2477
2019-10-26,212381392599.53226
2019-10-27,219089642393.37146
2019-10-28,213534283238.947
2019-10-29,218099310821.62088
2019-10-30,212961790079.60962
2019-10-31,212768075847.6836
2019-11-01,213712577141.63065
2019-11-02,215110313817.0128
2019-11-03,213095211903.04697
2019-11-04,217401164127.13916
2019-11-05,216697652783.72333
2019-11-06,217774244060.0956
2019-11-07,214725344520.60287
2019-11-08,204969163885.04916
2019-11-09,205483774841.93124
2019-11-10,210691821427.63873
2019-11-11,204457797114.27863
2019-11-12,205671755155.85645
2019-11-13,205811558492.61826
2019-11-14,203510670470.1479
2019-11-15,198344762747.76447
2019-11-16,199917617231.62308
2019-11-17,200783840828.73148
2019-11-18,194582326303.82956
2019-11-19,192194833298.8381
2019-11-20,188376547184.19955
2019-11-21,178904067725.88843
2019-11-22,170424654811.01993
2019-11-23,173162362587.8547
2019-11-24,164550731154.68048
2019-11-25,166594502220.48767
2019-11-26,168604612405.0884
2019-11-27,175084196359.3909
2019-11-28,173539678827.24356
2019-11-29,179883936559.73572
2019-11-30,175707385772.45898
2019-12-01,172881527501.57098
2019-12-02,170303870925.12347
2019-12-03,170164855314.82263
2019-12-04,168626252234.90503
2019-12-05,172870629331.3005
2019-12-06,174802566726.0169
2019-12-07,175074308212.7876
2019-12-08,175633585868.81152
2019-12-09,171981930512.64725
2019-12-10,169330317378.3104
2019-12-11,167813658382.3369
2019-12-12,168381567673.68994
2019-12-13,168881799908.81845
2019-12-14,165779675794.91507
2019-12-15,166370150159.70337
2019-12-16,160402003075.2628
2019-12-17,152313631555.01538
2019-12-18,166153616536.18448
2019-12-19,164124084903.59683
2019-12-20,164689487618.52753
2019-12-21,164000434890.07855
2019-12-22,170713820764.0612
2019-12-23,167008053667.82635
2019-12-24,166526621321.97662
2019-12-25,165242209175.82135
2019-12-26,164569159374.18372
2019-12-27,165687943148.0014
2019-12-28,166583674179.9593
2019-12-29,169537438399.898
2019-12-30,166738268617.24997
2019-12-31,164368756092.3288
2020-01-01,164677245888.6511
2020-01-02,159944282631.04877
2020-01-03,167823008468.3457
2020-01-04,169305470698.6759
2020-01-05,169592237375.68472
2020-01-06,179019567823.13336
2020-01-07,185771493686.68796
2020-01-08,183621068147.471
2020-01-09,179522373105.53906
2020-01-10,185968610874.21594
2020-01-11,183524005284.46228
2020-01-12,187082225790.09442
2020-01-13,185774171341.72955
2020-01-14,202628201497.5961
2020-01-15,202419575902.71927
2020-01-16,200376487283.38748
2020-01-17,205845404339.55045
2020-01-18,206630538425.06915
2020-01-19,200737754272.08936
2020-01-20,199804032998.92776
2020-01-21,202245837298.36505
2020-01-22,200871151832.068
2020-01-23,194362712542.16623
2020-01-24,195045524078.38992
2020-01-25,193215231873.7114
2020-01-26,198901799517.02887
2020-01-27,205275885202.01505
2020-01-28,214796156131.22855
2020-01-29,213739911876.9066
2020-01-30,219415335112.742
2020-01-31,215657289709.90063
2020-02-01,217210419943.73572
2020-02-02,217289817378.60434
2020-02-03,216700000725.55487
2020-02-04,214985909007.74353
2020-02-05,225622220033.99548
2020-02-06,229243906957.94846
2020-02-07,231748000685.86462
2020-02-08,233120187031.55606
2020-02-09,239066179689.75574
2020-02-10,233330533075.17734
2020-02-11,241688569215.92197
2020-02-12,248857172043.47958
2020-02-13,247858342310.78378
2020-02-14,252323399550.79617
2020-02-15,240112285165.2124
2020-02-16,239616655892.81433
2020-02-17,235293878515.4853
2020-02-18,246244733276.05597
2020-02-19,232709955109.7455
2020-02-20,231724084047.12918
2020-02-21,234397493134.5808
2020-02-22,233721635948.3834
2020-02-23,240637908657.18015
2020-02-24,233635726950.37363
2020-02-25,224699597368.09863
2020-02-26,210541067834.14743
2020-02-27,210407193975.34497
2020-02-28,208169672298.65823
2020-02-29,205893312574.3385
2020-03-01,204827611434.6221
2020-03-02,212632833477.2771
2020-03-03,210323230768.86935
2020-03-04,209796989070.33276
2020-03-05,216804166462.23633
2020-03-06,219540246537.85638
2020-03-07,214274825407.66235
2020-03-08,192890189599.39893
2020-03-09,189522477133.24664
2020-03-10,189353939002.7384
2020-03-11,188320619267.53043
2020-03-12,119713133965.7307
2020-03-13,134262596392.66023
2020-03-14,125697730820.2175
2020-03-15,129990708554.08087
2020-03-16,120378427142.44556
2020-03-17,124878063437.92616
2020-03-18,125168985437.58797
2020-03-19,147072684010.86273
2020-03-20,146231203883.1048
2020-03-21,146147047679.2854
2020-03-22,137816108710.0965
2020-03-23,150606002893.49893
2020-03-24,157329102607.84412
2020-03-25,155910633949.97415
2020-03-26,157666863416.9015
2020-03-27,152554183853.952
2020-03-28,147938401005.80692
2020-03-29,140669794115.3766
2020-03-30,151550418847.95996
2020-03-31,153496301806.74564
2020-04-01,156896782037.49664
2020-04-02,161305553559.41068
2020-04-03,160353614984.40976
2020-04-04,163392597517.6387
2020-04-05,161722568970.83133
2020-04-06,174830352859.60422
2020-04-07,172459559652.74332
2020-04-08,176830821331.55798
2020-04-09,175964464047.40085
2020-04-10,165488926003.1904
2020-04-11,165394270130.5772
2020-04-12,168081962520.97052
2020-04-13,165106843987.36243
2020-04-14,165154207579.25668
2020-04-15,160576248954.50812
2020-04-16,172302022699.30917
2020-04-17,171918864071.58624
2020-04-18,177074251137.25174
2020-04-19,174900023191.79428
2020-04-20,167541713459.23315
2020-04-21,167665926206.00476
2020-04-22,173450705395.9231
2020-04-23,179886990559.2244
2020-04-24,182969470002.71747
2020-04-25,184129197111.6676
2020-04-26,186567375404.95715
2020-04-27,188823918860.0022
2020-04-28,190114039862.2784
2020-04-29,211525759638.33594
2020-04-30,206808967410.72165
2020-05-01,211927992202.03137
2020-05-02,214673546019.23685
2020-05-03,212106000747.8149
2020-05-04,212079489376.8069
2020-05-05,213353261779.18588
2020-05-06,217927202353.14798
2020-05-07,231679065970.47757
2020-05-08,229942308386.02368
2020-05-09,225000946734.9805
2020-05-10,205402327630.44055
2020-05-11,201990815918.13318
2020-05-12,206514338266.81082
2020-05-13,216542722460.57993
2020-05-14,228085263919.20175
2020-05-15,219479876127.17365
2020-05-16,221053588124.83813
2020-05-17,227334528371.07855
2020-05-18,229616035192.3295
2020-05-19,229614697915.02042
2020-05-20,225246327203.1087
2020-05-21,215376008883.87613
2020-05-22,218589211368.41223
2020-05-23,219200440595.08865
2020-05-24,210306833104.72546
2020-05-25,213045321006.62717
2020-05-26,211116826003.44278
2020-05-27,218675076070.54315
2020-05-28,226758608373.14044
2020-05-29,225183489536.202
2020-05-30,233442320273.95172
2020-05-31,227257701457.7628
2020-06-01,242953548012.90027
2020-06-02,229812084104.7529
2020-06-03,233358470234.0795
2020-06-04,236265987680.68405
2020-06-05,233290020723.3775
2020-06-06,233058502584.9377
2020-06-07,235499848902.82202
2020-06-08,235822732353.48782
2020-06-09,235942040919.05597
2020-06-10,237661396912.2816
2020-06-11,224539304341.19598
2020-06-12,228616911850.259
2020-06-13,228684862355.42548
2020-06-14,226321460174.58157
2020-06-15,227076873586.30273
2020-06-16,229126056786.05463
2020-06-17,228139592688.5864
2020-06-18,226588886745.17413
2020-06-19,223305465236.55676
2020-06-20,224570793081.48785
2020-06-21,223863049585.55255
2020-06-22,232379449754.40646
2020-06-23,232281300030.04352
2020-06-24,225113858342.33087
2020-06-25,223812841030.50278
2020-06-26,221509722853.98834
2020-06-27,218091039688.58023
2020-06-28,220323807130.16022
2020-06-29,221683838562.2961
2020-06-30,220352188707.21332
2020-07-01,223078645553.34882
2020-07-02,221090631583.17078
2020-07-03,219840500283.58743
2020-07-04,221387954190.2443
2020-07-05,220014715941.0339
2020-07-06,228253758607.4934
2020-07-07,225907020351.23175
2020-07-08,231701189468.19614
2020-07-09,228272840159.06433
2020-07-10,227612987205.5152
2020-07-11,227202785668.7484
2020-07-12,228217540328.39685
2020-07-13,227143640278.10016
2020-07-14,227377234683.6572
2020-07-15,226016433682.12357
2020-07-16,223927351836.30923
2020-07-17,224115811621.7324
2020-07-18,224915162711.2888
2020-07-19,225918560485.37094
2020-07-20,224925645476.82123
2020-07-21,230275189224.76083
2020-07-22,236022352255.59106
2020-07-23,238742095531.32315
2020-07-24,238376170073.8902
2020-07-25,245178718771.1204
2020-07-26,250177799555.43195
2020-07-27,272090333109.26028
2020-07-28,270973891193.21042
2020-07-29,274964394958.9284
2020-07-30,277201647906.0218
2020-07-31,283130370827.64404
2020-08-01,297539828022.76056
2020-08-02,282002408908.06366
2020-08-03,288847784596.3276
2020-08-04,288254722072.5622
2020-08-05,299984417413.83777
2020-08-06,299817613923.7797
2020-08-07,294112303531.67926
2020-08-08,298904565277.56335
2020-08-09,296814510066.17365
2020-08-10,301557153002.5762
2020-08-11,290068567081.2398
2020-08-12,294801818439.9635
2020-08-13,303923326358.4559
2020-08-14,304776275993.86926
2020-08-15,306343379471.41644
2020-08-16,307669946542.3199
2020-08-17,314845259398.6969
2020-08-18,308528105635.0809
2020-08-19,301010621111.3762
2020-08-20,304873871845.475
2020-08-21,295193079313.5795
2020-08-22,298037592794.96875
2020-08-23,297045782617.5323
2020-08-24,301503641414.95087
2020-08-25,289915816987.6666
2020-08-26,292692998573.1556
2020-08-27,288347596118.09973
2020-08-28,294514882131.41406
2020-08-29,294753036180.1073
2020-08-30,302732645101.528
2020-08-31,306406512790.3024
2020-09-01,318107478820.65295
2020-09-02,307622429650.23303
2020-09-03,277158014198.74365
2020-09-04,282483480867.201
2020-09-05,267459024309.2508
2020-09-06,273153574359.31198
2020-09-07,274679615328.84457
2020-09-08,268305854906.46326
2020-09-09,272870442042.79495
2020-09-10,277342969178.3029
2020-09-11,279255156739.3756
2020-09-12,282761053984.90375
2020-09-13,278009787230.9639
2020-09-14,286471214591.2869
2020-09-15,286855136370.5773
2020-09-16,290388184543.5838
2020-09-17,293316471634.56995
2020-09-18,292850783158.9797
2020-09-19,295826845880.8028
2020-09-20,290589643297.1556
2020-09-21,276289132999.53186
2020-09-22,278403795863.4224
2020-09-23,269237268527.4012
2020-09-24,283630590311.4633
2020-09-25,283837928274.4816
2020-09-26,285533947800.82965
2020-09-27,286445035343.786
2020-09-28,285194059826.6926
2020-09-29,288711688957.8801
2020-09-30,287543763238.665
2020-10-01,283130978997.3035
2020-10-02,280975770981.17865
2020-10-03,280831494120.9077
2020-10-04,284755310659.4084
2020-10-05,287375263800.2569
2020-10-06,281414101128.35535
2020-10-07,283072210280.0441
2020-10-08,289261097791.2655
2020-10-09,294384433900.4132
2020-10-10,299619575805.74115
2020-10-11,302087436593.08044
2020-10-12,307304635594.8101
2020-10-13,304000270692.5055
2020-10-14,303523690160.3238
2020-10-15,304247508166.47504
2020-10-16,298915704789.47266
2020-10-17,300059316429.66486
2020-10-18,303824037792.1428
2020-10-19,308909465957.33875
2020-10-20,310394816523.30975
2020-10-21,331296943584.1314
2020-10-22,337138388724.06354
2020-10-23,336181488464.5606
2020-10-24,340343080780.9467
2020-10-25,337945983264.6936
2020-10-26,337503364934.4804
2020-10-27,349821191417.2179
2020-10-28,340053223320.00415
2020-10-29,342329441881.36053
2020-10-30,343475225936.6119
2020-10-31,348662725505.9959
2020-11-01,349180923739.5884
2020-11-02,343386058683.3748
2020-11-03,351526775702.2856
2020-11-04,356724776722.50226
2020-11-05,386153761593.987
2020-11-06,392510576485.10315
2020-11-07,375446818546.12616
2020-11-08,390311072724.75586
2020-11-09,386136318585.4591
2020-11-10,386277253201.8023
2020-11-11,395910029500.1678
2020-11-12,406305057639.14276
2020-11-13,409906010846.79443
2020-11-14,403599581567.5544
2020-11-15,399877138838.3769
2020-11-16,417110567633.8314
2020-11-17,438663067675.99866
2020-11-18,440799864510.9538
2020-11-19,441206617224.25507
2020-11-20,462802200998.34186
2020-11-21,475604411450.3974
2020-11-22,470671482294.67737
2020-11-23,485562804023.24255
2020-11-24,503634159941.5927
2020-11-25,488571605685.57056
2020-11-26,446318845912.5735
2020-11-27,446578174590.2922
2020-11-28,464770776597.0219
2020-11-29,477763870541.82166
2020-11-30,513097682945.1874
2020-12-01,491302914707.07336
2020-12-02,501565575171.1996
2020-12-03,508626482371.63165
2020-12-04,484191824007.42474
2020-12-05,498111665381.84644
2020-12-06,503947439950.9573
2020-12-07,499145557929.0124
2020-12-08,474829690278.0305
2020-12-09,482987936185.06226
2020-12-10,475048026465.98413
2020-12-11,468009771524.6881
2020-12-12,483600052257.7078
2020-12-13,493608921716.3164
2020-12-14,494855445561.86633
2020-12-15,497239637430.25757
2020-12-16,544091441698.4298
2020-12-17,573730307083.2784
2020-12-18,582548750841.7795
2020-12-19,597763800175.4751
2020-12-20,586755827557.1184
2020-12-21,567566344556.0934
2020-12-22,586789584209.0308
2020-12-23,559830022666.4943
2020-12-24,578125864465.5452
2020-12-25,597869281687.2498
2020-12-26,631191226325.6129
2020-12-27,632824548156.6086
2020-12-28,654602991774.6396
2020-12-29,660371407002.6411
2020-12-30,689418218583.9951
2020-12-31,692845047700.9935
2021-01-01,699408872616.4519
2021-01-02,757712402884.6714
2021-01-03,797050995616.4663
2021-01-04,790286690350.3734
2021-01-05,836092894171.907
2021-01-06,906390983210.4617
2021-01-07,959751218929.8292
2021-01-08,987076121934.0957
2021-01-09,986204190982.8728
2021-01-10,946727509746.2021
2021-01-11,868452106837.7395
2021-01-12,832308674493.9808
2021-01-13,911159174232.2474
2021-01-14,959437399373.8597
2021-01-15,907257314599.3885
2021-01-16,908816771869.7097
2021-01-17,901378711131.3069
2021-01-18,920707111526.1329
2021-01-19,924492995105.464
2021-01-20,917251157320.6084
2021-01-21,791706244235.1417
2021-01-22,849322538215.3573
2021-01-23,832550077905.2527
2021-01-24,855595666039.2661
2021-01-25,847976247641.2985
2021-01-26,855427173415.5742
2021-01-27,799538044436.2996
2021-01-28,873178931112.5901
2021-01-29,897922752138.86
2021-01-30,902517311821.1301
2021-01-31,876308193616.2703
2021-02-01,888383292037.5701
2021-02-02,944271049383.3499
2021-02-03,1004905445245.65
2021-02-04,991204255702.51
2021-02-05,1035188113608.3999
2021-02-06,1055992998737.67
2021-02-07,1044095934470.5299
2021-02-08,1204677070866.7302
2021-02-09,1220694810398.2102
2021-02-10,1202508563453.46
2021-02-11,1265907277745.63
2021-02-12,1275375007020.1604
2021-02-13,1267150355285.0796
2021-02-14,1290513544646.2302
2021-02-15,1269675665522.2703
2021-02-16,1294550955307.81
2021-02-17,1367422559568.65
2021-02-18,1376172692565.0896
2021-02-19,1485053649230.8198
2021-02-20,1480292905774.23
2021-02-21,1517228891418.7698
2021-02-22,1431478834369.1
2021-02-23,1285418853153.1094
2021-02-24,1317156770937.6204
2021-02-25,1242781211798.8906
2021-02-26,1228188256776.13
2021-02-27,1232730043556.0098
2021-02-28,1203849720667.5798
2021-03-01,1318024212782.69
2021-03-02,1281904056246.1
2021-03-03,1334781049980.41
2021-03-04,1288527275339.9397
2021-03-05,1292848479409.3901
2021-03-06,1306223143620.6902
2021-03-07,1362270267447.2603
2021-03-08,1395822073605.5803
2021-03-09,1464078273186.0498
2021-03-10,1472325641429.8198
2021-03-11,1511240323026.15
2021-03-12,1489582044650.3
2021-03-13,1588656162402.88
2021-03-14,1537970631158.8801
2021-03-15,1461573806488.9204
2021-03-16,1489933298443.8
2021-03-17,1538856748552.3398
2021-03-18,1508798345787.3901
2021-03-19,1528221676621.0903
2021-03-20,1526312570948.6497
2021-03-21,1507144246126.4397
2021-03-22,1435068588476.03
2021-03-23,1436961926837.2502
2021-03-24,1380105514719.3496
2021-03-25,1359678966211.7598
2021-03-26,1451241112357.9502
2021-03-27,1468814201761.1704
2021-03-28,1466549229842.5398
2021-03-29,1520319441451.87
2021-03-30,1551655444292.7502
2021-03-31,1563059105460.2397
2021-04-01,1580125933829.75
2021-04-02,1612461024110.7798
2021-04-03,1562591813905.4097
2021-04-04,1605554008395.11
2021-04-05,1631152687662.1
2021-04-06,1630903051697.1997
2021-04-07,1552420363939.1401
2021-04-08,1627503726831.91
2021-04-09,1627009925078.8298
2021-04-10,1687565235147.2705
2021-04-11,1708431323105.59
2021-04-12,1716584790261.6992
2021-04-13,1822426269522.16
2021-04-14,1838984401669.0498
2021-04-15,1861121585212.7295
2021-04-16,1824484314391.7698
2021-04-17,1789452401956.3096
2021-04-18,1674627790915.4
2021-04-19,1661290804400.8096
2021-04-20,1702360987232.24
2021-04-21,1642740069921.84
2021-04-22,1586512437787.2002
2021-04-23,1569711726548.3
2021-04-24,1519880652648.7397
2021-04-25,1513192130669.4802
2021-04-26,1666206954095.5
2021-04-27,1713785374464.0098
2021-04-28,1724202981740.75
2021-04-29,1707826581814.8398
2021-04-30,1812307282226.3198
2021-05-01,1845995643920.9397
2021-05-02,1816640804030.3298
2021-05-03,1903297657598.31
2021-05-04,1799166726421.2795
2021-05-05,1958064043008.3806
2021-05-06,1928786083187.1099
2021-05-07,1940288176442.97
2021-05-08,2019230264407.31
2021-05-09,2012971626814.78
2021-05-10,1942529204255.3604
2021-05-11,2007307621335.96
2021-05-12,1762654865243.0103
2021-05-13,1801371849790.1204
2021-05-14,1875005761642.03
2021-05-15,1754603929634.9602
2021-05-16,1748758138560.5103
2021-05-17,1633982719742.25
2021-05-18,1643498052186.5898
2021-05-19,1308238712592.87
2021-05-20,1471440360159.73
2021-05-21,1321376402676.15
2021-05-22,1290348426547.6797
2021-05-23,1187901819028.25
2021-05-24,1382835917116.8706
2021-05-25,1381531212772.5002
2021-05-26,1444598604970.7703
2021-05-27,1396272993530.1296
2021-05-28,1285203414218.8198
2021-05-29,1233570536331.6396
2021-05-30,1281823312184.38
2021-05-31,1376660755278.5203
2021-06-01,1358149182065.6602
2021-06-02,1401994625773.5303
2021-06-03,1458696728689.8
2021-06-04,1374413017530.8396
2021-06-05,1336306414795.6604
2021-06-06,1356255970325.43
2021-06-07,1274038835474.4001
2021-06-08,1265596688368.52
2021-06-09,1360988351725.0398
2021-06-10,1319896739944.4297
2021-06-11,1308109179718.6504
2021-06-12,1276624379707.56
2021-06-13,1373254307371.6099
2021-06-14,1400737625269.19
2021-06-15,1418836718853.8398
2021-06-16,1334672735764.7705
2021-06-17,1330656760975.74
2021-06-18,1259636285644.6396
2021-06-19,1245496159800.9402
2021-06-20,1257398573158.0999
2021-06-21,1087756443041.82
2021-06-22,1096622235340.8503
2021-06-23,1155001785493.5999
2021-06-24,1186252338021.2703
2021-06-25,1091171315603.2401
2021-06-26,1104687585756.8901
2021-06-27,1179326997013.99
2021-06-28,1186718210075.5205
2021-06-29,1231589482254.5
2021-06-30,1230159494493.17
2021-07-01,1173323672219.7002
2021-07-02,1186090648295.49
2021-07-03,1213554496897.54
2021-07-04,1241619169339.6501
2021-07-05,1189688049517.2202
2021-07-06,1219680618717.7898
2021-07-07,1211299807386.99
2021-07-08,1157918111810.4497
2021-07-09,1182995609573.3599
2021-07-10,1170808801301.21
2021-07-11,1190410533666.8801
2021-07-12,1153626367955.6802
2021-07-13,1127731350012.45
2021-07-14,1136407476674.3699
2021-07-15,1101047382445.05
2021-07-16,1082909750524.6199
2021-07-17,1088654257786.3998
2021-07-18,1098953921056.0599
2021-07-19,1059435309168.8099
2021-07-20,1028922421240.2501
2021-07-21,1113908843261.14
2021-07-22,1125217340325.14
2021-07-23,1164965105762.43
2021-07-24,1188558361353.11
2021-07-25,1208548433999.8796
2021-07-26,1255461620119.8804
2021-07-27,1306486376459.6902
2021-07-28,1321828404361.26
2021-07-29,1335403459583.8298
2021-07-30,1392089895275.83
2021-07-31,1393104883365.89
2021-08-01,1363786986763.54
2021-08-02,1354254262444.8406
2021-08-03,1319090519105.3901
2021-08-04,1382730570050.95
2021-08-05,1417887747186.3499
2021-08-06,1467104396857.9502
2021-08-07,1549284173354.4102
2021-08-08,1507171008761.57
2021-08-09,1585364953480.9697
2021-08-10,1579192224848.8198
2021-08-11,1602163635962.13
2021-08-12,1562037618702.43
2021-08-13,1687856408463.54
2021-08-14,1679333157730.4897
2021-08-15,1694434692732.2
2021-08-16,1650230228760.7996
2021-08-17,1592307792035.5098
2021-08-18,1605766139847.9407
2021-08-19,1687338255026.5
2021-08-20,1761691059031.69
2021-08-21,1739535019650.4802
2021-08-22,1759144024345.7705
2021-08-23,1790433938578.77
2021-08-24,1712246789551.64
2021-08-25,1752861271216.0798
2021-08-26,1678791394319.2903
2021-08-27,1771996322956.7297
2021-08-28,1760122942441.72
2021-08-29,1754230685115.4502
2021-08-30,1713433886705.4102
2021-08-31,1753007516227.3406
2021-09-01,1848856680276.1199
2021-09-02,1860154284633.9897
2021-09-03,1904279699493.48
2021-09-04,1891558056121.2495
2021-09-05,1945745021562.7305
2021-09-06,1965073660632.5298
2021-09-07,1741890996274.0195
2021-09-08,1742247378706.9102
2021-09-09,1743015633650.0798
2021-09-10,1674205580919.9902
2021-09-11,1699877963397.4902
2021-09-12,1740838062763.9595
2021-09-13,1688014016789.0898
2021-09-14,1751772002072.0403
2021-09-15,1804088065050.7698
2021-09-16,1782868068801.2493
2021-09-17,1740708470664.6
2021-09-18,1774110525945.8096
2021-09-19,1730452749175.0996
2021-09-20,1562417472554.1404
2021-09-21,1485802958944.16
2021-09-22,1617134900205.1804
2021-09-23,1657386319271.8503
2021-09-24,1573330146682.1997
2021-09-25,1567695399436.2202
2021-09-26,1587926551019.92
2021-09-27,1547763758289.9802
2021-09-28,1500701077757.89
2021-09-29,1527930100085.89
2021-09-30,1598936863474.57
2021-10-01,1746612752627.64
2021-10-02,1752221651436.3694
2021-10-03,1768226729772.8599
2021-10-04,1778975649986.0105
2021-10-05,1851375171622.0198
2021-10-06,1932355912639.7197
2021-10-07,1904504686874.1304
2021-10-08,1903697044169.5393
2021-10-09,1933663407180.4104
2021-10-10,1898202612772.61
2021-10-11,1967732739897.68
2021-10-12,1937128455665.4795
2021-10-13,1991205928355.1704
2021-10-14,2010376637006.9302
2021-10-15,2111513868722.01
2021-10-16,2088926162350.2795
2021-10-17,2103578500238.3499
2021-10-18,2101433605671.35
2021-10-19,2159357494799.9202
2021-10-20,2245167263953.4507
2021-10-21,2151961808338.16
2021-10-22,2117765225761.49
2021-10-23,2163134549802.6199
2021-10-24,2143901582761.5698
2021-10-25,2208613364305.01
2021-10-26,2146587557977.4607
2021-10-27,2068692464204.43
2021-10-28,2188124534642.29
2021-10-29,2248289640216.4795
2021-10-30,2217745985125.0005
2021-10-31,2209113490768.1997
2021-11-01,2219658808439.41
2021-11-02,2303373423122.1904
2021-11-03,2312627409608.039
2021-11-04,2268014088309.4893
2021-11-05,2264138687971.809
2021-11-06,2286099656592.571
2021-11-07,2337154383511.51
2021-11-08,2452511219643.69
2021-11-09,2428948914999.08
2021-11-10,2356232438193.3604
2021-11-11,2376184678172.4595
2021-11-12,2343007609459.7104
2021-11-13,2358213134600.67
2021-11-14,2374286260542.8105
2021-11-15,2321794745481.17
2021-11-16,2181585150558.23
2021-11-17,2194600617334.5796
2021-11-18,2062264713472.0703
2021-11-19,2148540661515.9702
2021-11-20,2200381766672.9497
2021-11-21,2159901982767.1895
2021-11-22,2074175687874.0906
2021-11-23,2140082712465.1003
2021-11-24,2092377437913.82
2021-11-25,2114656835288.84
2021-11-26,1989815099021.8
2021-11-27,2028417603523.4998
2021-11-28,2106970315983.46
2021-11-29,2148573123196.7102
2021-11-30,2157393565668.47
2021-12-01,2162074072650.6301
2021-12-02,2142423392668.2498
2021-12-03,2032047481532.27
2021-12-04,1907917710213.1
2021-12-05,1913488530965.6702
2021-12-06,1967481738381.05
2021-12-07,1963539350918.0203
2021-12-08,1984541779284.0103
2021-12-09,1869568252552.2
2021-12-10,1821646995624.4597
2021-12-11,1896856072231.95
2021-12-12,1921492258400.37
2021-12-13,1783658441105.3699
2021-12-14,1781866288657.98
2021-12-15,1879673853306.81
2021-12-16,1840098977379.6501
2021-12-17,1798023706035.66
2021-12-18,1828577866057.33
2021-12-19,1819066390344.4902
2021-12-20,1821088183363.0098
2021-12-21,1883344910801.04
2021-12-22,1878774792972.2698
2021-12-23,1961711888553.0598
2021-12-24,1944854300203.75
2021-12-25,1950781000586.6606
2021-12-26,1961047300698.23
2021-12-27,1956051342627.1707
2021-12-28,1843331404429.4998
2021-12-29,1787892462897.5398
2021-12-30,1817615455726.8298
2021-12-31,1791041657718.05
2022-01-01,1840063567703.7505
2022-01-02,1842401761342.67
2022-01-03,1807145074093.97
2022-01-04,1795995447128.6106
2022-01-05,1701065146855.95
2022-01-06,1678861703095.79
2022-01-07,1600121464733.0806
2022-01-08,1589487757640.72
2022-01-09,1603519639083.8105
2022-01-10,1583247370072.9097
2022-01-11,1637547918319.7397
2022-01-12,1697833974856.6504
2022-01-13,1647451570185.0706
2022-01-14,1675465360298.9001
2022-01-15,1682135780528.9705
2022-01-16,1686406813890.9497
2022-01-17,1648143069969.65
2022-01-18,1635980905647.4397
2022-01-19,1605182624810.9507
2022-01-20,1559791737818.1301
2022-01-21,1387517719973.29
2022-01-22,1322805254729.8699
2022-01-23,1380354777170.1301
2022-01-24,1365921319328.35
2022-01-25,1377849449804.8105
2022-01-26,1377711401360.0596
2022-01-27,1376978499979.0498
2022-01-28,1406369974783.56
2022-01-29,1423617411860.8896
2022-01-30,1413602633322.33
2022-01-31,1439856806659.1802
2022-02-01,1465471790298.7095
2022-02-02,1405744100056.2502
2022-02-03,1411468819183.7998
2022-02-04,1551104710213.2498
2022-02-05,1558749860543.4395
2022-02-06,1591011560538.0798
2022-02-07,1648246811711.91
2022-02-08,1645021286715.9998
2022-02-09,1669242332129.8198
2022-02-10,1623240633283.2202
2022-02-11,1565591270835.6902
2022-02-12,1564043452459.8298
2022-02-13,1557760053641.6802
2022-02-14,1572082155879.71
2022-02-15,1657891855199.0896
2022-02-16,1635599833958.9102
2022-02-17,1519906255628.5796
2022-02-18,1496536836409.7104
2022-02-19,1498797841450.64
2022-02-20,1438149136891.37
2022-02-21,1388543146459.7905
2022-02-22,1428847716771.1597
2022-02-23,1398918629151.9702
2022-02-24,1418636238841.2305
2022-02-25,1467310240758.45
2022-02-26,1465435603735.4297
2022-02-27,1410477941450.51
2022-02-28,1575402766189.5298
2022-03-01,1607085818489.9202
2022-03-02,1594055107658.16
2022-03-03,1545337088515.11
2022-03-04,1438513987366.69
2022-03-05,1456767502327.9402
2022-03-06,1422222225465.7297
2022-03-07,1406367369233.1697
2022-03-08,1430461080364.4
2022-03-09,1522500355676.9294
2022-03-10,1447349460994.8198
2022-03-11,1431651746874.16
2022-03-12,1435284688934.9102
2022-03-13,1402285757732.1501
2022-03-14,1451480863271.71
2022-03-15,1448652129051.1196
2022-03-16,1511639742314.8093
2022-03-17,1513715740617.9097
2022-03-18,1550323014365.8398
2022-03-19,1564415072825.9
2022-03-20,1529654801228.2102
2022-03-21,1535135088110.57
2022-03-22,1575759487077.4
2022-03-23,1602429468089.4197
2022-03-24,1639309305913.8403
2022-03-25,1640617770009.7002
2022-03-26,1653945920189.52
2022-03-27,1728296484458.5703
2022-03-28,1738966131207.0503
2022-03-29,1757812672443.5203
2022-03-30,1753295961745.1804
2022-03-31,1702043056610.15
2022-04-01,1747921723407.0999
2022-04-02,1736205286227.5298
2022-04-03,1765497803093.43
2022-04-04,1765400474434.7498
2022-04-05,1728777352613.24
2022-04-06,1628236893131.0503
2022-04-07,1651056640034.6301
2022-04-08,1610218886894.9202
2022-04-09,1633215328392.33
2022-04-10,1613123691009.9097
2022-04-11,1510488856547.4805
2022-04-12,1539572552258.42
2022-04-13,1575089119046.99
2022-04-14,1533860126290.23
2022-04-15,1554623207933.7007
2022-04-16,1554992547940.56
2022-04-17,1524917042978.01
2022-04-18,1559534449961.58
2022-04-19,1583498948179.78
2022-04-20,1573761893861.8599
2022-04-21,1540955393783.9004
2022-04-22,1525856269092.0496
2022-04-23,1515585094518.1304
2022-04-24,1510406719131.2202
2022-04-25,1545612865183.49
2022-04-26,1458607714301.58
2022-04-27,1494742220340.3
2022-04-28,1512713038242.1204
2022-04-29,1465794887298.08
2022-04-30,1424477958440.2197
2022-05-01,1461632513126.7996
2022-05-02,1463847632525.9902
2022-05-03,1437074481270.6902
2022-05-04,1513274506822.7402
2022-05-05,1409182796892.7004
2022-05-06,1393094516641.3596
2022-05-07,1367988194326.69
2022-05-08,1319791187239.95
2022-05-09,1179417958831.7397
2022-05-10,1214706294097.5796
2022-05-11,1106386631973.92
2022-05-12,1085603348132.5199
2022-05-13,1109629433021.42
2022-05-14,1133033397558.52
2022-05-15,1175828432271.8005
2022-05-16,1123068865942.8599
2022-05-17,1149080239989.5198
2022-05-18,1078927002611.3401
2022-05-19,1131020297706.0203
2022-05-20,1098072423035.4398
2022-05-21,1106864673014.73
2022-05-22,1137312566982.4805
2022-05-23,1099700504257.8298
2022-05-24,1115287510307.7798
2022-05-25,1108109465284.57
2022-05-26,1074955676361.6603
2022-05-27,1048893089414.99
2022-05-28,1069249582350.0398
2022-05-29,1081296663991.4199
2022-05-30,1159250879548.0203
2022-05-31,1154953151670.07
2022-06-01,1090013146391.71
2022-06-02,1108533109555.9
2022-06-03,1080321741101.11
2022-06-04,1087468020785.9
2022-06-05,1089028683855.9595
2022-06-06,1127209505106.1797
2022-06-07,1115316200670.2102
2022-06-08,1093812580301.1201
2022-06-09,1092055637233.12
2022-06-10,1049916517710.49
2022-06-11,1010209737214.94
2022-06-12,960924752121.7299
2022-06-13,833345418455.5001
2022-06-14,829004602688.5299
2022-06-15,848300893103.8302
2022-06-16,771298858240.9102
2022-06-17,778480642494.7498
2022-06-18,732281387795.3901
2022-06-19,787431264029.5802
2022-06-20,789347996873.31
2022-06-21,794161342015.7803
2022-06-22,766629399568.4102
2022-06-23,806722833190.6901
2022-06-24,827259436377.4901
2022-06-25,835108456755.3898
2022-06-26,817179774193.7599
2022-06-27,810245082579.29
2022-06-28,789573765304.6001
2022-06-29,777851592155.9098
2022-06-30,766458522451.3099
2022-07-01,752816783463.7999
2022-07-02,754406342367.9402
2022-07-03,756986923684.0001
2022-07-04,790070740254.2502
2022-07-05,785513298042.5598
2022-07-06,801526318533.6599
2022-07-07,832622915953.8301
2022-07-08,831886859849.5798
2022-07-09,830010488048.3198
2022-07-10,804808324519.7798
2022-07-11,772119541657.4698
2022-07-12,749131148486.68
2022-07-13,781077854390.17
2022-07-14,801488580602.6698
2022-07-15,812090569120.4001
2022-07-16,839196710090.0101
2022-07-17,827786060969.5399
2022-07-18,902332717984.55
2022-07-19,917137964226.81
2022-07-20,905706864254.82
2022-07-21,914524563364.8896
2022-07-22,897435719804.6499
2022-07-23,894901302300.72
2022-07-24,904819566228.3898
2022-07-25,851191447037.3401
2022-07-26,849070974427.9603
2022-07-27,917515532351.6902
2022-07-28,943166287768.65
2022-07-29,945246250758.3102
2022-07-30,939093672566.1099
2022-07-31,929739974798.36
2022-08-01,929686583852.87
2022-08-02,921208180951.7999
2022-08-03,918905061917.9501
2022-08-04,916133280147.4402
2022-08-05,948719059414.6499
2022-08-06,935906397334.4202
2022-08-07,943416103799.8402
2022-08-08,968104078823.8301
2022-08-09,943245646045.4597
2022-08-10,981754279814.6698
2022-08-11,984983513955.92
2022-08-12,1005723668164.58
2022-08-13,1010282942935.6002
2022-08-14,1004586330663.34
2022-08-15,993656469184.29
2022-08-16,986864682864.1199
2022-08-17,964348151441.1401
2022-08-18,958651321683.5902
2022-08-19,871741913968.8202
2022-08-20,873686500542.5901
2022-08-21,891402020334.04
2022-08-22,887927241459.5001
2022-08-23,896590256734.5402
2022-08-24,891518681992.5398
2022-08-25,902993423165.5399
2022-08-26,843087931537.0403
2022-08-27,837590276961.7701
2022-08-28,818496021502.9098
2022-08-29,852850813243.7499
2022-08-30,837521493956.55
2022-08-31,845851767150.0898
2022-09-01,852956173937.54
2022-09-02,848074530972.2799
2022-09-03,844198168509.5599
2022-09-04,851777396641.2001
2022-09-05,852849669670.7299
2022-09-06,819427439273.5099
2022-09-07,843156623185.13
2022-09-08,845546369841.4
2022-09-09,902523344226.4401
2022-09-10,917472548932.1097
2022-09-11,916146982729.0599
2022-09-12,922349560611.8597
2022-09-13,856205354926.6699
2022-09-14,863210573467.8
2022-09-15,827142687759.0499
2022-09-16,825528548547.3795
2022-09-17,841086666093.4299
2022-09-18,801767094233.18
2022-09-19,812774512837.8901
2022-09-20,792347495953.4503
2022-09-21,774082059991.0002
2022-09-22,809483906793.9698
2022-09-23,809882753810.32
2022-09-24,799364244985.0897
2022-09-25,792389548547.1599
2022-09-26,805793772292.6603
2022-09-27,800320005483.87
2022-09-28,808844016052.8999
2022-09-29,814094544993.9598
2022-09-30,808837637053.8898
2022-10-01,803036863224.1499
2022-10-02,791459389161.72
2022-10-03,811283500900.67
2022-10-04,834442147926.73
2022-10-05,829359198957.49
2022-10-06,823273170756.8801
2022-10-07,813006783886.58
2022-10-08,806548761652.9701
2022-10-09,809883363485.4501
2022-10-10,794892524077.1799
2022-10-11,789699337955.8198
2022-10-12,793370395028.2202
2022-10-13,795862136207.1499
2022-10-14,792312635314.18
2022-10-15,785948478414.72
2022-10-16,794482800846.93
2022-10-17,804938149422.9401
2022-10-18,795931655567.99
2022-10-19,786085073108.1301
2022-10-20,782241196097.3097
2022-10-21,787497944563.5402
2022-10-22,790499176511.6501
2022-10-23,806695842166.9999
2022-10-24,797898165152.2
2022-10-25,834100071674.3799
2022-10-26,864351573690.0203
2022-10-27,846572692300.3201
2022-10-28,863269465310.9098
2022-10-29,883148473880.4298
2022-10-30,875182693207.1201
2022-10-31,873801039273.0399
2022-11-01,875298750269.8501
2022-11-02,855736532034.33
2022-11-03,859971677985.3099
2022-11-04,905619947991.1401
2022-11-05,905793243036.4498
2022-11-06,884569048203.8999
2022-11-07,878286673241.5502
2022-11-08,792195077342.05
2022-11-09,684824570703.82
2022-11-10,762346414572.9598
2022-11-11,744322170128.6298
2022-11-12,730679841049.0701
2022-11-13,711970013282.7301
2022-11-14,722640212517.29
2022-11-15,730346225335.45
2022-11-16,719107937199.44
2022-11-17,716313027720.87
2022-11-18,718911580315.3998
2022-11-19,720449422378.5502
2022-11-20,696769554861.29
2022-11-21,680137419218.8597
2022-11-22,695464540779.5299
2022-11-23,717349270213.7098
2022-11-24,721201031200.9801
2022-11-25,719486418220.4501
2022-11-26,720521643760.5999
2022-11-27,719640799981.0698
2022-11-28,707445596351.0598
2022-11-29,719529698460.31
2022-11-30,747803061691.99
2022-12-01,737687055738.55
2022-12-02,743670767277.5902
2022-12-03,731886661516.7899
2022-12-04,742522906730.55
2022-12-05,735708219148.6001
2022-12-06,739844316013.3701
2022-12-07,726725478120.8398
2022-12-08,743305366342.8201
2022-12-09,737608831052.7399
2022-12-10,737955447523.68
2022-12-11,735444952798.3103
2022-12-12,737081177247.8804
2022-12-13,757131635861.0798
2022-12-14,747967790610.8302
2022-12-15,737814303928.8597
2022-12-16,700296074904.0299
2022-12-17,708952779395.6403
2022-12-18,708946585319.9501
2022-12-19,695110898570.0399
2022-12-20,714630297790.2201
2022-12-21,710414621010.7101
2022-12-22,711974298465.97
2022-12-23,711536602627.6199
2022-12-24,712509661820.14
2022-12-25,711707404689.27
2022-12-26,715818786261.63
2022-12-27,709099810093.49
2022-12-28,699944671596.3003
2022-12-29,703217765811.31
2022-12-30,701871097944.91
2022-12-31,700933387129.61
2023-01-01,703100553579.39
2023-01-02,708302412471.5997
2023-01-03,708140894338.55
2023-01-04,720677855236.3401
2023-01-05,717373434619.8
2023-01-06,723299083151.4802
2023-01-07,722878922785.2701
2023-01-08,733073562763.5099
2023-01-09,741557093650.9
2023-01-10,749995487228.13
2023-01-11,770526210203.7
2023-01-12,793663061317.4902
2023-01-13,822242918212.0298
2023-01-14,862791139435.6301
2023-01-15,859808436566.4602
2023-01-16,867932218798.9899
2023-01-17,865534833231.7499
2023-01-18,843753235341.4
2023-01-19,859540844077.2902
2023-01-20,912343815845.91
2023-01-21,907895080962.6603
2023-01-22,908302520811.73
2023-01-23,915054063261.8501
2023-01-24,895139116202.53
2023-01-25,915946722468.3102
2023-01-26,913463104283.0902
2023-01-27,915913257343.2803
2023-01-28,910765729392.03
2023-01-29,939451687039.68
2023-01-30,904267561301.9303
2023-01-31,916083925527.3301
2023-02-01,937530406462.61
2023-02-02,933052275626.8597
2023-02-03,938894742639.7795
2023-02-04,937497057525.4701
2023-02-05,922766530886.78
2023-02-06,914440954918.4501
2023-02-07,936841434379.27
2023-02-08,925570996965.8403
2023-02-09,879536118381.7799
2023-02-10,872673199393.0802
2023-02-11,881504133262.81
2023-02-12,876465582198.1998
2023-02-13,871610470686.23
2023-02-14,890718471442.8799
2023-02-15,956300646978.6802
2023-02-16,932842621482.3403
2023-02-17,965339998298.96
2023-02-18,967048331889.0999
2023-02-19,958837471547.1604
2023-02-20,973239376766.8301
2023-02-21,956416625193.6499
2023-02-22,950115339698.1
2023-02-23,944790052576.6001
2023-02-24,920108868032.5397
2023-02-25,917525800116.9701
2023-02-26,933919645892.68
2023-02-27,930248464537.1299
2023-02-28,916747005719.5199
2023-03-01,936379536114.1799
2023-03-02,929179520813.0702
2023-03-03,893547947657.5903
2023-03-04,891933578406.06
2023-03-05,893438976427.1602
2023-03-06,892986533230.9198
2023-03-07,888360077270.38
2023-03-08,871972941535.28
2023-03-09,826963999791.16
2023-03-10,822686705317.6299
2023-03-11,835746424572.79
2023-03-12,888106905325.7399
2023-03-13,944068157520.36
2023-03-14,957720567858.3899
2023-03-15,942211202983.37
2023-03-16,963646647128.27
2023-03-17,1031810036332.99
2023-03-18,1015674305409.7599
2023-03-19,1042599836142.63
2023-03-20,1025626601471.53
2023-03-21,1052615743353.05
2023-03-22,1019152000540.32
2023-03-23,1054874303133.9398
2023-03-24,1026960725839.5801
2023-03-25,1025409494423.2899
2023-03-26,1041618958454.08
2023-03-27,1013713689903.9402
2023-03-28,1027729977368.5902
2023-03-29,1054703308457.6799
2023-03-30,1047490822824.72
2023-03-31,1059042010120.1201
2023-04-01,1056313458270.4799
2023-04-02,1048180674749.6901
2023-04-03,1043273120041.6998
2023-04-04,1059837589884.18
2023-04-05,1065449731620.7499
2023-04-06,1055983573437.3901
2023-04-07,1052322762524.6802
2023-04-08,1049962652463.58
2023-04-09,1059818061814.9199
2023-04-10,1094933817455.55
2023-04-11,1105769887874.7002
2023-04-12,1105952577649.5298
2023-04-13,1126179954811.73
2023-04-14,1140935611052.73
2023-04-15,1137649157718.8699
2023-04-16,1143842894039.7898
2023-04-17,1117172747578.97
2023-04-18,1142505156122.05
2023-04-19,1079675245449.3799
2023-04-20,1067546571138.3
2023-04-21,1033012063967.7699
2023-04-22,1051148790693.2397
2023-04-23,1043971019869.7299
2023-04-24,1039767226141.8302
2023-04-25,1060784683701.8102
2023-04-26,1060490525878.1501
2023-04-27,1087992780506.9
2023-04-28,1083322412813.6602
2023-04-29,1083789474896.3202
2023-04-30,1081002712114.4098
2023-05-01,1049088353883.69
2023-05-02,1065228979160.8502
2023-05-03,1077020854615.5698
2023-05-04,1069241499143.62
2023-05-05,1100419433390.53
2023-05-06,1072688467969.6699
2023-05-07,1059321124113.98
2023-05-08,1035618136794.6501
2023-05-09,1034905225026.5502
2023-05-10,1034697736786.83
2023-05-11,1013376417197.8601
2023-05-12,1017629031168.8599
2023-05-13,1015563646204.4901
2023-05-14,1020188529955.6699
2023-05-15,1028076384922.8597
2023-05-16,1021306886874.5797
2023-05-17,1029703005202.0802
2023-05-18,1014922424817.3298
2023-05-19,1017790901731.71
2023-05-20,1024390683245.5299
2023-05-21,1013208421656.8401
2023-05-22,1018533418102.1398
2023-05-23,1032390742555.7102
2023-05-24,1004263889888.9702
2023-05-25,1007450696245.0502
2023-05-26,1016747799946.9302
2023-05-27,1021757732058.2803
2023-05-28,1059065050385.7701
2023-05-29,1049352851496.9904
2023-05-30,1051130753910.47
2023-05-31,1036279849090.4099
2023-06-01,1025713102060.1202
2023-06-02,1044084527011.51
2023-06-03,1038087109907.4598
2023-06-04,1039354153848.8197
2023-06-05,992251024487.7401
2023-06-06,1033206429434.1699
2023-06-07,1001531470240.1301
2023-06-08,1007705019208.65
2023-06-09,1003830878870.9299
2023-06-10,969338374633.78
2023-06-11,971420094514.98
2023-06-12,968984619963.2101
2023-06-13,970907017344.9299
2023-06-14,942244227967.3401
2023-06-15,952798103645.59
2023-06-16,974867112860.91
2023-06-17,981922747185.08
2023-06-18,977170472181.9501
2023-06-19,990143539120.17
2023-06-20,1028078633492.2598
2023-06-21,1077252406272.0801
2023-06-22,1071181646617.1902
2023-06-23,1091790317262.5299
2023-06-24,1083937066751.0203
2023-06-25,1087168766218.91
2023-06-26,1075021698318.2
2023-06-27,1088297837852.9302
2023-06-28,1063829129984.0801
2023-06-29,1076305573430.2998
2023-06-30,1091938170907.9799
2023-07-01,1095270079249.0999
2023-07-02,1098671054281.93
2023-07-03,1112224265536.1804
2023-07-04,1101219001366.7898
2023-07-05,1090340313626.5803
2023-07-06,1067489194102.1398
2023-07-07,1081292484593.5
2023-07-08,1080902391830.4298
2023-07-09,1077044136089.7797
2023-07-10,1086671691839.9098
2023-07-11,1091335637368.4403
2023-07-12,1084569953555.0802
2023-07-13,1151246394836.53
2023-07-14,1111777468155.85
2023-07-15,1111092474059.07
2023-07-16,1108061528034.6702
2023-07-17,1103958570304.2002
2023-07-18,1096540390607.78
2023-07-19,1099733020713.54
2023-07-20,1096460904582.0001
2023-07-21,1099027397052.74
2023-07-22,1089417041574.4198
2023-07-23,1100027681166.0103
2023-07-24,1072598368344.68
2023-07-25,1076143916371.85
2023-07-26,1081761285772.8202
2023-07-27,1076668907873.4099
2023-07-28,1082694293345.4397
2023-07-29,1083709521899.91
2023-07-30,1079197345485.0103
2023-07-31,1074475874143.7501
2023-08-01,1086991512464.46
2023-08-02,1069759325325.97
2023-08-03,1065625127778.3998
2023-08-04,1061291850630.01
2023-08-05,1062733902144.2598
2023-08-06,1060997672783.7797
2023-08-07,1063324271374.88
2023-08-08,1082283522917.6699
2023-08-09,1078237175514.8702
2023-08-10,1074416572257.9598
2023-08-11,1073323050280.9104
2023-08-12,1074609929738.4001
2023-08-13,1069702907203.8202
2023-08-14,1073720809235.54
2023-08-15,1062610446075.4401
2023-08-16,1045891454833.25
2023-08-17,979590246199.8901
2023-08-18,964401963953.7703
2023-08-19,968119203036.6003
2023-08-20,973574504218.3398
2023-08-21,966969212924.6699
2023-08-22,960147659198.9198
2023-08-23,977420750922.1501
2023-08-24,968399613175.5502
2023-08-25,965452887988.0303
2023-08-26,963681532468.9501
2023-08-27,967624860628.3096
2023-08-28,967855082736.9799
2023-08-29,1014634993214.2202
2023-08-30,1000373867649.9403
2023-08-31,962219048685.3302
2023-09-01,956352311816.0602
2023-09-02,959088795835.1796
2023-09-03,961233632870.64
2023-09-04,957652021156.6802
2023-09-05,957501442860.7999
2023-09-06,0.0
