industry,ev,marketcap,evebit,evebitda,pb,pe,ps,beta1y,beta5y,dividendyieldforward,dividendyieldtrailing,return1y,return5y,volume,volumeavg1m,volumeavg3m,bvps,assetturnover,currentratio,de,divyield,eps,fcfps,grossmargin,ebitdamargin,sps,ros,roic,roe,roa,payoutratio,revenue_average_growth_rate,netinc_average_growth_rate,bvps_average_growth_rate,rnd_average_growth_rate,fcf_average_growth_rate,equity_average_growth_rate,assetturnover_average_growth_rate,currentratio_average_growth_rate,de_average_growth_rate,divyield_average_growth_rate,eps_average_growth_rate,fcfps_average_growth_rate,grossmargin_average_growth_rate,ebitdamargin_average_growth_rate,sps_average_growth_rate,ros_average_growth_rate,roic_average_growth_rate,roe_average_growth_rate,roa_average_growth_rate,payoutratio_average_growth_rate
Steel Works Etc,6622.943902439025,5549.58780487805,16.655882352941177,9.667567567567568,1.7878048780487805,20.684375000000003,0.85,1.1054761904761903,1.4045238095238097,1.2229268292682927,1.444047619047619,11.389047619047622,45.404250000000005,821209.7380952381,1240413.738095238,1080119.1904761905,4245.391214285713,1.129829268292683,3.0702857142857143,1.2601428571428572,0.026695652173913047,235.8657741935484,10.738000000000001,0.18760975609756098,0.12923684210526315,56.06031707317073,0.10185714285714284,0.16308571428571428,0.16866666666666666,0.08536363636363636,0.5107999999999999,0.46386870002554914,0.410579051568487,0.05210218713469796,0.057471370576069276,1.0934485347730971,0.061991927816464044,0.006368305583499452,0.13826179972638172,0.033483643989324116,0.20466811044949298,0.3925868154289881,1.009919642998935,0.05631433002706974,0.21260907859149744,0.023889558047263195,0.26868431749872895,0.2802521771498824,0.34001753022017345,0.24274548147840325,0.4139908669320389
Trading,7642.256271186441,4161.763220338983,149.40315126050422,58.8094455852156,130.5909677419355,148.53638497652585,16.554166666666667,0.4387538461538462,0.6105279503105591,2.987854938271605,3.124239631336405,-0.15431372549019626,21.12018656716418,470874.6144393241,480959.10752688174,541113.7803379416,25.598968253968252,0.22039518900343638,2.1217365728900255,5.332697749196142,0.07585660377358491,21.583095823095828,4.145650862068966,0.7328729096989967,1.176859778597786,23.342308219178083,1.0684045801526718,422.8510935114504,0.2584448160535117,0.03784255319148937,1.592858585858586,0.5925824771935199,1.0860507339514025,7.896221927121339,7.449031399947105,6.003602294027211,93.2568307946107,0.054852965705725024,0.21029341948381486,0.34753101610237397,0.15596858138378517,0.3780036078217656,1.2439680850806039,0.03331998590567643,0.44795763873036376,0.36417772688992117,0.5008090368995719,0.8409833289696526,1.1225181948029046,0.2358937192527831,0.5029911402613261
Personal Services,2750.658064516129,1655.5709677419356,16.172500000000003,186.0404761904762,6.642307692307693,25.48484848484848,1.4898305084745762,0.7309677419354838,1.1491935483870968,0.30344262295081964,0.4685483870967742,-14.75183333333333,16.484117647058824,2188487.5161290322,1129343.5,829772.8387096775,33.194245283018866,0.6636065573770492,1.7493833333333335,4.592792452830188,0.028727272727272726,6.90240625,4.191307692307692,0.4681864406779661,0.1938888888888889,44.40762295081966,0.13222857142857145,0.4038157894736842,0.9018571428571427,0.05842424242424243,0.619,0.27146966961138164,0.28936279919104163,0.15186003332773537,0.18813051205106823,1.8561264200937597,0.25182617627572446,0.17789782849863164,0.09999469347547656,0.17405732080037223,0.15859462186389794,0.2852443750583536,0.9270142625258365,0.019188700746418996,0.08463243807501486,0.20259362440725592,2.7350428920697283,0.28128026805412576,4.247706146855185,0.17923083787192265,0.1056022611826453
Pharmaceutical Products,6709.220031545741,6013.321608832808,21.94516129032258,13.742331288343559,18.426470588235293,50.92077922077922,242.43190954773868,0.8891666666666667,1.035812101910828,0.9731918238993711,1.3627672955974846,-22.979311475409837,-21.346160220994474,718515.6650943396,948958.5031446541,926035.6147798742,6.506216117216118,0.32483854166666665,7.833181674565561,26.978012820512824,0.3515555555555555,4.762518987341773,3.6833780487804884,0.7993638743455498,12.960051546391757,5.9219532467532465,13.915977528089886,15.551039106145248,7.460763888888888,0.1478684210526316,0.7477272727272729,81.129126695679,1.2236661629992165,1.6795300467193781,0.31712733609228505,0.8327989109484348,6.974546279663086,0.39836416970043,1.8245618576339548,1.1201908011625168,0.08003258229510636,0.7013974244574207,0.7339390864044286,0.09605710909098543,1.4826591917960583,0.8924665691508604,5.270775164555562,1.935840872433407,2.513761761476927,0.5319039309749036,0.2831647711666007
Transportation,13563.986666666664,9707.544444444444,21.016666666666666,13.514166666666666,6.511382113821138,21.140000000000004,2.425757575757576,0.796962962962963,1.2213533834586465,3.213507462686567,3.850814814814815,1.9625196850393694,36.69207207207208,1208375.3037037037,1471216.0444444444,1675167.0592592594,38.51748800000001,0.7909692307692309,1.6487651515151516,13.279023999999996,0.09058823529411764,10.477504672897195,13.208022222222223,0.48433587786259547,0.47169298245614033,46.33961832061069,0.39858928571428576,0.36842857142857144,0.4147757009345794,0.0890467289719626,0.5526451612903225,0.0906357407515179,0.5604921365504896,0.48290412033314617,0.06219505120004476,1.1708754934163215,10.43647038302772,0.034035382752985885,0.7022054221198427,0.17526966617593615,0.16984205164655386,1.80662563983829,0.8135114358423726,0.0262015333972199,0.11397357888927814,0.5171082470407788,0.22490618535668305,0.24901135506603825,0.4585429026208751,0.20335377369960123,0.22842273228535978
Real Estate,7873.5016129032265,2969.053225806452,71.93333333333332,27.26,2.1912280701754385,116.58529411764708,7.332786885245902,1.060483870967742,1.1047540983606554,3.5838709677419356,3.6372580645161294,-13.821754385964914,1.1653658536585374,947923.3225806452,2447866.6774193547,1737129.9032258065,67.37070175438596,0.6842033898305084,4.184730769230769,3.1509473684210527,0.07714814814814816,15.658818181818182,20.324068965517238,0.5205555555555557,0.709575,22.888322033898305,0.5800256410256409,0.13117948717948716,0.4173513513513513,0.04409375,3.9751363636363637,0.09986822011970263,0.6446293240046812,0.4419644414185481,,1.7410868047393888,85.07535017628604,0.04046405674035298,1.6943267048588944,0.20357441431310203,0.1503425120076774,0.5074271331459579,1.6632333298956932,0.05589992547078697,0.48558134506782946,0.0708358214330534,0.3721991402304472,0.20793201536823427,0.7052838727964851,0.36531154924277753,0.571568179318359
Insurance,24061.18048780487,21710.43902439025,20.27142857142857,12.884042553191486,11.166666666666666,42.1896551724138,1.6641666666666666,0.8341463414634147,0.9165573770491803,1.5621666666666665,1.8287804878048781,7.389243697478993,38.008199999999995,477284.38211382116,693195.8943089431,819383.9349593496,68.52578333333334,0.4555454545454546,2.473103448275862,13.885141666666668,0.02973076923076923,13.444588235294118,19.021268817204305,0.48092173913043473,0.21285393258426966,94.16489256198346,0.19971111111111112,0.38974444444444434,0.32928409090909094,0.042294117647058815,0.45528124999999997,0.06968004791952621,1.1853672037639762,0.981358015763636,0.06337635854966278,10.58743962178156,0.07118359636737784,0.01964811980765502,0.021204165217942644,0.1279806254670718,0.07009918975387376,30.56435910806708,0.3572109900924481,0.04244337132551293,0.22402988154404824,0.11324236266836966,0.29053403198029065,0.13875605786242015,1.3735648471776998,0.1463140488791828,0.510107406615777
Business Services,18693.68578512397,17983.646611570246,52.215932203389826,30.007396449704142,72.03777372262773,64.41785714285714,8.24736842105263,1.1116171617161716,1.2077114427860696,0.5920033112582782,0.7842079207920792,-14.152006861063462,30.614802259887004,1265311.191103789,1603493.2570016475,1723919.1960461284,124.5344990825688,0.7574690721649484,2.97646519524618,12.511672760511884,0.04047619047619047,80.82546370967745,3.5630599999999997,0.5578601769911505,0.22418327974276528,21.666135738831613,0.1956749116607774,2.66148220064725,0.8190510948905109,0.08395180722891567,0.5237499999999999,0.26665960976803055,1.3404475922960277,0.7659632443403962,0.15138159121712455,1.1437493789980095,1.350639569121646,0.03557846706616762,1.324715677851071,0.4359570749007162,0.1345150713772713,0.41726812118974943,0.569485463371375,0.032764769361236616,3.673473295842705,0.08968639450226233,1.0714096673617857,2.408587101932076,2.2106677327727535,0.3176707391200046,0.24081013607919943
Electronic Equipment,19610.447524752475,18670.368811881188,28.813392857142855,19.658593749999998,6.005882352941176,25.461386138613864,126.645,1.0897058823529413,1.3479411764705884,1.0764356435643563,1.1319117647058825,-16.005477386934672,74.14488095238096,1582060.1617647058,1993300.75,2109355.387254902,81.73074468085107,0.7456130653266332,4.156522167487685,2.701398936170213,0.04710416666666667,6.87340206185567,4.754906976744186,0.3803947368421053,0.2220677966101695,23.451,0.1752454545454545,0.32376576576576577,0.5566538461538462,0.12084848484848487,0.3898048780487805,0.18341368018299348,1.7854165209891542,0.7868869075051657,0.07438750659875412,1.0774015622252802,4.031165545597277,0.11605486996260145,0.3899445306155316,0.340736159773933,0.09730428715722271,0.5869712746976701,0.7080373139810341,0.06253495499541081,0.28701185770718496,0.09690024956911221,0.4505220811469956,0.4738635667489208,5.149648944655894,0.32674243188331425,0.29369474616435476
Machinery,12616.55576923077,11022.942307692309,29.461249999999996,15.583132530120483,18.23627450980392,28.761333333333337,2.4533980582524273,0.9947115384615385,1.4639423076923077,0.6884615384615385,0.8555769230769231,11.589900000000002,37.9848275862069,627356.4038461539,1109410.9615384615,814638.3653846154,22.38003921568628,0.816,2.8020784313725495,6.398754901960783,0.018595744680851067,5.029356164383561,4.139014925373134,0.3574242424242425,0.15691463414634146,37.43052475247524,0.1208860759493671,0.16397499999999998,0.19623611111111114,0.08087837837837838,0.4867608695652174,0.05867355663717849,0.6520223139577418,0.06487350255932357,0.049992093723060384,1.197203323506458,1.5903350692189457,0.0008454492231043348,0.10244106064825889,0.09687086978735514,0.05274000096039295,0.32846694418380235,0.688805855880545,0.022322977286372947,0.11003811232240056,0.044099738763618265,0.18166319618995577,0.17568616975162069,1.1130116317619079,0.19143129718308058,0.23625883690228117
Retail,24172.637640449437,20561.720786516853,22.625210084033615,16.154615384615383,12.419496855345912,23.41603773584906,0.974251497005988,1.0698876404494382,1.3971751412429378,1.09,16.43634831460674,-18.166514285714285,55.214999999999996,1757547.1629213484,1922689.9438202246,2031938.4606741574,21.5400251572327,1.5533295454545453,1.7913920454545453,10.621616352201258,0.32938805970149254,9.797169811320757,7.274117647058823,0.3383085714285714,0.11615447154471546,106.56227272727273,0.09082608695652172,0.18908620689655173,1.5137999999999996,0.09759999999999999,0.8374181818181817,0.6710245568006793,0.3625237019756957,0.49863160384559,0.10030980334281596,1.0886844649087277,0.48404795129399064,1.0444786571577358,0.025810230995757726,0.9741503806060778,0.12003002599310479,0.2843223254477488,0.7934982662905218,0.009424442029532205,0.1160949569998371,0.12549034847942866,0.11264567860650654,0.22534254032373896,9.914729236748528,0.15871020145490874,0.27331174380675466
Computers,45914.344047619044,43455.62142857142,34.275555555555556,29.61052631578947,7.317808219178083,76.22790697674417,25.28192771084338,1.1366666666666667,1.3204819277108435,0.5871084337349398,0.598452380952381,-0.9611111111111107,47.32818181818182,1611740.988095238,2370609.476190476,2434295.773809524,11.269097222222221,0.7475,2.810535714285714,4.1986849315068495,0.026100000000000005,2.4865714285714287,3.321545454545455,0.4720375,0.16111538461538458,22.913914634146344,0.14676190476190476,0.4979111111111111,0.7021555555555555,0.0745,0.5849411764705882,4.2894538291993385,1.1341881969888712,0.32449025824979133,0.4089613998215472,0.845340663276796,0.3374618995803742,0.18834926796524556,0.10705122633871063,0.4514897624819742,0.058987914156693494,0.5709605147110585,0.6454127950640567,0.7710576577932028,0.7796002878130732,0.7159205678910215,0.5584302044799929,8.709602602411497,2.8749196113140245,0.49887186758018776,0.40068019692516743
Non-Metallic and Industrial Metal Mining,11455.926785714284,10379.65,49.932258064516134,24.420588235294115,3.2867924528301895,101.58000000000001,43.08333333333334,1.0838181818181818,1.4892727272727273,0.7973214285714286,0.9932142857142858,-1.670800000000001,89.7388888888889,1143273.017857143,1768133.607142857,1816678.375,11.74752830188679,0.45088235294117646,5.20270909090909,0.8017547169811322,0.035562500000000004,3.2277931034482763,4.005894736842105,0.3651212121212121,1.0130666666666668,17.434823529411766,0.9937857142857142,0.47863333333333336,0.3031785714285714,0.10435714285714284,0.6628461538461539,1.772382645656534,1.030929108155857,0.20118540792101858,0.23076224239690504,4.603874111406765,265.2514321034156,0.04234743165466974,0.8086926781211241,0.15932063175232547,0.1536724292345615,0.3548996863794239,0.8454624025802121,0.15667685105247198,0.2532393558149449,0.26484998734302634,0.31456549140643864,0.30087447908365345,3.0475822108602397,0.33945684119258707,0.5690610382020193
Electrical Equipment,5560.126229508197,5161.111475409838,24.400000000000002,18.019230769230766,3.5344827586206895,32.717391304347835,147.47192982456144,1.0729508196721311,1.2418333333333333,0.280327868852459,0.27754098360655743,-8.35017543859649,60.41529411764707,1160862.9672131147,1708872.68852459,1788169.31147541,14.79060344827586,0.5974716981132074,7.379262295081968,1.581706896551724,0.01307142857142857,6.789130434782607,4.896869565217391,0.333046511627907,0.20876,21.785811320754714,0.17804347826086955,0.21129166666666666,0.36336000000000007,0.09369565217391304,0.18425,0.073940971446397,0.4672553603627885,0.7442537957348399,0.1281463240141577,0.38266193682482497,0.627534721127773,0.03235244776134328,0.12219731776706244,0.31342826463507933,0.041212547794012754,0.5777093877935712,0.36695968285604935,0.06903035956720191,0.7059492441396107,0.05385055401787205,0.32490673306322865,0.6702527465654471,3.7230690635180625,0.3804238658087437,0.21542999261018425
Wholesale,6955.536263736261,5659.640659340659,15.297260273972604,15.785,3.3517647058823528,25.477464788732394,1.1804597701149424,1.0312087912087915,1.4406666666666663,1.7895604395604399,1.6756043956043958,-3.461797752808989,59.903690476190484,943060.8021978022,580337.5934065934,586517.3076923077,27.16031764705882,2.1629550561797752,3.262651685393258,3.2414823529411767,0.029666666666666664,6.0481428571428575,7.704782608695652,0.26482022471910116,0.09440506329113925,232.01106741573034,0.07769444444444445,0.18162857142857144,0.3965970149253732,0.08344285714285715,2.6773191489361703,0.49183511222641046,0.9627003139140052,0.646673132931228,0.045946677823686326,0.9632735149604269,0.3892967951940106,0.036331104299424634,0.5934289013520804,0.07380197062803513,0.1053263102907578,0.39489074223558684,0.8027368158500381,0.04023408580607582,0.08221052509831789,0.7259206714228067,0.10757900275767046,0.16729158741720487,2.6060589101396143,0.156562032430725,0.7074582394289611
Banking,29542.042416452437,7615.525449871465,29.490615835777124,19.963768115942027,1.3697916666666667,20.691218130311615,2.892689295039165,0.8147557840616967,0.9765891472868217,3.386657963446475,3.321623711340206,-14.402265625000004,-0.3931722054380658,863099.5964010283,1004350.8329048844,1206265.1568123393,427.2564285714286,0.10326509186351707,4.625038461538461,9.565171428571428,0.04258095238095238,43.70585590778098,76.84772886297375,0.9519265091863516,0.4313305322128852,16.160641361256545,0.3958823529411764,0.026786931818181817,0.1344699140401146,0.015565217391304351,0.4073071895424836,0.0796172938445683,0.30493589808686694,0.06803641897246816,0.13725680584187244,1.032630166987194,0.900698088753302,0.01367788391063744,1.6297004329880556,0.07378814562680422,0.07506672419388039,0.1792483167979917,0.6879047691188662,0.007422867802675983,0.8209698166725228,0.04748854057782488,0.7058732983244217,0.07303322100437466,0.21318080650656565,0.06535944988884011,0.16867911006972044
Beer & Liquor,53183.23809523809,44036.12857142858,33.246153846153845,22.585714285714285,6.775,55.183333333333344,3.7142857142857144,-0.43952380952380954,0.7725,1.1525,1.1604761904761904,-13.4355,13.115384615384615,2285118.9523809524,2228364.761904762,2804527.1428571427,372.21590000000003,0.7643,1.8412857142857144,1.7817,0.028300000000000002,55.635333333333335,3.6165833333333333,0.4390526315789474,0.20042857142857143,24.7437,0.1673846153846154,0.17784615384615388,0.19541666666666666,0.06941666666666667,1.5218888888888888,0.032628051574649396,0.1352179604018666,0.0787535583314038,,0.12896576063857057,0.09720078219198096,-0.0016463020817002521,0.028403093600539216,0.03651441248506385,0.839703169553802,0.10653709717954307,0.11774026727360651,0.0035066814630623695,0.03704684965464511,0.02996894222867824,0.09774258206467022,0.10043597205062232,2.03951905042589,0.06030224642294116,0.31943887108224167
Construction Materials,5471.5295081967215,4396.595081967213,19.542222222222225,57.26734693877552,3.2052631578947373,20.3,3.003389830508474,1.0219672131147541,1.3322950819672132,1.0523333333333336,1.5634426229508198,1.5049152542372888,38.83117647058824,442085.2295081967,723484.5901639344,659508.9508196721,25.020087719298246,0.944457627118644,2.5657540983606557,3.1775263157894735,0.035875,5.019690476190476,6.196729729729728,0.2835964912280702,0.15434693877551023,47.232186440677964,0.12342222222222222,0.20148888888888886,0.26369767441860464,0.08926829268292684,0.6169230769230769,0.03201180807169083,0.4883629407498909,0.050355183439287236,0.024365896362893172,1.0709717780797632,0.3046589906119924,0.0009573965528244585,0.02895330895320832,0.24803965096201389,0.09261141757989745,0.3421142217324643,0.7326937968024848,0.014691595181629888,1.326976377839033,0.01754812459167389,4.456238537648514,0.1598285694621056,0.4832136503104619,0.17198239238577337,0.31689616742845544
Printing and Publishing,7809.738461538461,6915.384615384615,22.736363636363635,10.972727272727274,2.3384615384615386,40.037499999999994,1.9307692307692306,0.7969230769230768,1.1884615384615385,2.9569230769230774,6.186153846153847,0.47076923076923055,17.00307692307692,402354.3846153846,580520.0769230769,616650.3076923077,23.627846153846157,0.7852307692307693,1.9345833333333333,6.551846153846153,0.09177777777777779,1.809875,2.088846153846154,0.5441538461538461,0.16154545454545455,33.41153846153846,0.10054545454545455,0.10527272727272727,0.09675,0.061875,1.266857142857143,0.011073252594571686,0.3039158229011046,0.019769662254751977,,0.36690264024208447,0.019938125467453487,0.006618945742336157,0.033655667165520646,0.0664314012956405,0.11842974847827518,0.3060192976469427,0.3669158058029284,0.016977475322487126,0.18177502515313368,0.009339305992406639,0.16138593216055058,0.23949340602961325,2.631139698833477,0.20966892989852215,0.21662604867153856
Petroleum and Natural Gas,25041.683898305084,21417.438135593224,24.613333333333337,6.723423423423423,2.386842105263158,49.10412371134021,2.94051724137931,0.9922033898305085,1.8959322033898305,2.466896551724138,2.505847457627118,1.2736842105263158,15.12539215686275,1553791.7033898304,2287054.194915254,2485283.3898305083,391.36862280701763,0.7974035087719299,3.2525338983050847,1.8377719298245614,0.04945833333333333,173.77952688172044,93.75629069767443,0.4860175438596491,0.4207222222222222,48.48861403508772,0.29995098039215684,0.19699029126213594,0.8151530612244898,0.15250526315789475,0.40455384615384615,0.3997787686754572,1.3677141331846143,0.31425899298323706,0.4494395310831469,4.185057808297577,3.976733226964109,0.04068686172228201,1.2830504084470176,3.180408785749045,0.1388455764185976,0.7238420722480233,0.8192483186773935,0.0959717474306756,0.4551310126261967,0.05245881569512849,0.6115630930562607,0.5427496949973973,2.517530149244211,0.570144242379294,0.5456347837481111
Entertainment,11714.914583333337,9641.968750000002,39.38620689655173,39.97142857142857,6.325714285714285,78.12400000000001,4.306521739130435,0.9991666666666665,1.487872340425532,0.5141666666666667,0.4927083333333333,-14.682727272727272,-11.915000000000001,3935856.0833333335,5644095.5,2812150.7083333335,8.069142857142857,0.5958888888888889,1.6612500000000001,4.3338857142857155,0.017,2.24536,2.9682,0.46377272727272734,0.23734375,17.1152,0.15613793103448279,0.6784516129032255,1.0922,0.056600000000000004,0.8424999999999999,0.061360227122303206,0.6922836247561677,0.09006608957903875,0.11566315973051942,1.7711285214576475,0.15706891801388187,0.03644868397231407,0.30708647654292986,0.14593608813601786,0.1104798038756014,0.8694617549885377,1.2048663524874443,0.029949929499956666,0.1541851579416723,0.054549411226034066,0.40836908021286056,1.0898653717859426,3.9765937202089163,0.2948672938027565,0.14172582530106492
Healthcare,4704.261728395062,3000.407407407408,30.312121212121212,52.821621621621624,9.306666666666667,115.77600000000001,48.825333333333326,0.8197530864197532,1.2297468354430379,0.47175,0.46679012345679016,-26.695844155844156,16.030869565217394,949631.5925925926,931923.8765432099,885749.4691358025,14.383866666666668,0.7438243243243243,2.399607594936709,7.701966666666666,0.032400000000000005,4.563000000000001,3.8057575757575757,0.43720000000000003,0.1288235294117647,30.442729729729727,0.08089999999999999,0.8909714285714287,1.0484375,0.046125,0.6386153846153846,0.28429955707456295,1.1357860760122986,0.26504052060979194,0.9071919500841504,1.7290777702569284,0.397480866071025,0.042539560654182004,0.8433833510556822,0.23963872404029035,0.04261603065915159,0.3930709450293034,1.758507399177642,0.11142566188163722,0.11974686216495475,0.48708498182462406,1.2097613506995957,0.25641108880564123,4.287756825503866,0.2626938630881978,0.06570138866238588
Aircraft,21362.06551724138,17380.862068965518,27.22857142857143,18.706249999999997,3.6695652173913045,33.008333333333326,5.095833333333332,0.9648275862068965,1.5437931034482757,0.34321428571428575,0.5700000000000001,-1.1324137931034488,0.7589999999999997,1293160.7241379311,1704882.3103448276,1808341.2413793104,15.425695652173916,0.6359583333333333,3.925035714285715,1.7875217391304348,0.02642857142857143,4.261583333333333,5.626555555555555,0.26535,0.14960000000000004,35.25608333333333,0.13215384615384618,0.11346153846153843,1.8330000000000004,0.061166666666666675,0.7477142857142857,0.19733136220615358,0.5225705568723745,0.10556127670567814,0.0764176603332963,6.531132325174649,0.13605912766859943,0.17707184848303054,0.1472999537478445,0.11608332133660229,0.057352638169366275,0.4009274891793641,0.5913421413742951,0.06370519037379999,0.12816663311819318,0.18170212363270097,0.15942116998742842,0.9158580126466592,0.8882875133758782,0.19006449107929413,0.5864069031801475
Construction,7263.821153846153,5490.9403846153855,16.639534883720934,15.565217391304348,2.3958333333333335,45.1875,0.878,1.1132692307692307,1.4336538461538464,0.4884615384615385,0.7148076923076924,40.74392156862745,126.58155555555555,437838.03846153844,502466.73076923075,550964.3461538461,66.71297959183674,1.2171538461538463,1.7684848484848488,3.1642040816326533,0.017285714285714286,38.79473684210526,22.985131578947367,0.18550980392156863,0.11686956521739131,161.78155769230767,0.1041627906976744,0.22115909090909092,0.22494871794871793,0.10223076923076922,0.9263157894736843,0.18631255794870435,0.5123250437708415,0.4928026835351666,1.9207841721183234,1.295169571121514,1.2225664640163687,0.013695505894532072,0.5020516370622559,0.1724557322149591,0.28203545986194356,0.2947978963221539,1.1585249079933668,0.06970730450629396,0.6438274117161196,0.1631815858938171,0.5269515732363739,0.17715664875366352,0.3184778473758465,0.12258410712158577,0.4008633239081789
Chemicals,6736.753246753247,5234.466233766233,27.549056603773582,11.555555555555554,3.2680555555555557,18.104,103.50684931506851,1.0857142857142859,1.2657142857142853,1.9866233766233763,2.318961038961039,-22.879342105263152,10.137313432835821,523695.14285714284,778925.5584415584,818801.064935065,22.081621621621622,0.7193698630136985,3.562441558441559,3.956081081081081,0.04067391304347826,5.419183673469388,4.87368,0.2799710144927536,0.277622641509434,39.843263888888885,0.21615384615384617,0.5978333333333331,3.0416078431372546,0.07776,0.42835897435897446,0.7811247538551983,0.5810933245168464,0.5509407389555377,0.0593383917738954,1.0220515320818022,4.901565792254758,0.027955548770494217,0.23973325575221527,1.4961335799979665,0.10662454286940588,0.7257263652998978,0.9062944193440751,0.047547130807382536,0.19125440784130765,0.07743012086459643,0.2786426200709273,0.4786783064929921,2.1049339543675725,0.25866502169395944,0.35539607225066766
Food Products,12079.109615384617,9365.876923076923,27.670588235294115,22.899999999999995,3.361999999999999,22.444827586206898,92.68235294117646,0.5803846153846155,0.7045098039215686,1.3626923076923076,1.3684615384615384,-18.19265306122449,16.847,871525.6730769231,1182197.0192307692,1259732.4423076923,19.147163265306123,1.0981632653061224,2.089788461538461,2.2021800000000002,0.03040909090909091,3.9800000000000004,3.2964285714285717,0.25719148936170216,0.119,49.93204166666666,0.09578125,0.39196969696969697,0.5567241379310345,0.08042857142857143,0.6394500000000001,0.035779906745613155,0.8431272682262345,0.10132768394797513,3.653039319524835,0.6242111453342744,0.11774687079575774,0.009325488824365477,0.10511224008290465,0.05332356848444034,0.08902699476057381,0.7832046041154226,0.6102486878769844,0.07579663593527083,24.818768755298287,0.025060005407199284,43.75960623124708,0.6521229626292769,4.064335358623897,0.37249184917461103,0.11332003130581779
Medical Equipment,6031.917777777779,5342.993333333333,73.80793650793649,27.034782608695654,5.022699386503067,91.04150943396225,20.023602484472047,0.8903314917127071,1.1300000000000001,0.322707182320442,0.3118232044198895,-23.115142857142857,-4.0566115702479335,1063588.9613259668,1547126.7679558012,1219403.2651933702,12.660201219512194,0.5754620253164557,4.741552486187846,1.311780487804878,0.02422727272727273,2.2076000000000002,2.449369565217391,7.836844594594598,81.02140322580645,11.985506329113925,92.14408928571427,5.635968253968253,0.8814242424242424,0.0926923076923077,0.8261666666666667,0.16767706358427775,0.5088025875985202,0.3688368602311341,0.057675990591334714,1.9790998656404257,1.2494495869814861,0.5481847820165953,0.5718305306892648,0.3784696905910185,0.04915214407470592,0.34234274955505845,0.7664182622323144,0.09434516228861194,0.35346563479019316,0.2616575862014265,0.30107141383423525,5.656561634164234,4.639157409281996,0.22429964494525242,0.1695878950471842
Automobiles and Trucks,28274.89615384616,22500.32051282051,28.517391304347825,16.538,21.061643835616437,25.5225,7.991891891891892,1.2710256410256413,1.5466233766233768,1.0223076923076921,1.3251282051282054,-2.3621621621621602,30.988076923076928,3421890.2564102565,4416397.782051282,5263558.179487179,421.70808219178076,0.9115,2.2375000000000003,12.713904109589043,0.03314285714285715,77.89224324324324,43.11197727272728,0.19028813559322033,0.10780851063829787,56.76500000000001,0.07656818181818183,0.12915909090909092,0.6236585365853659,0.0643421052631579,0.3578461538461538,0.14651175060245117,0.3463447113712546,18211.684934830217,0.08153553534325995,1.3286385406919792,0.3866389373182817,0.038565838527399456,0.07998866168848769,0.5729894408773045,0.06893367683786551,0.2746220326244622,0.9980349330870668,0.1789840890062484,0.11076856264684241,19799.13463213497,0.14039035445728565,0.18861952686968694,0.9220948081386946,0.17203587918980626,0.24481250363440205
Utilities,26036.443809523815,13643.441904761903,35.83978494623657,12.749473684210527,2.168627450980392,41.04470588235295,3.8679611650485435,0.7521904761904761,0.9389423076923078,3.8981730769230767,3.9316190476190482,-9.386407766990292,26.62247311827957,1751108.5142857144,1723547.4,1732628.4285714286,366.4047058823529,0.3658627450980393,1.2522307692307695,2.7727254901960783,0.05298823529411764,13.947566265060242,4.462432432432434,0.39658,0.3623369565217392,27.14242156862745,0.23024999999999995,0.0629021739130435,0.1142098765432099,0.03727380952380952,1.6869210526315788,0.8093299521013771,1.2021833464513898,0.1645235212467105,0.13371566667352136,1.7012551012885564,0.2791436097815641,0.0084576784698988,0.11312685316667406,0.12816452957299618,0.04499277387292131,0.28129400649023206,1.1644933856082007,0.030233839878053736,0.13507389395352068,0.060434944864826874,0.14620444387857298,0.11001755229726733,0.3645655264557739,0.1497426198385914,0.2586047849096178
Measuring and Control Equipment,13395.317808219177,12174.642465753426,45.51944444444445,18.877499999999998,4.752941176470589,46.14375,18.04142857142857,1.1214864864864869,1.1655405405405406,0.41108108108108116,0.4045945945945946,-15.679178082191779,66.10563636363636,487713.47297297296,691970.9594594594,715073.3648648649,21.745072463768118,0.5334225352112677,4.786864864864865,1.2113478260869566,0.014500000000000002,6.2346875,4.887108108108108,0.46217910447761196,0.21745714285714285,21.274154929577463,0.18354545454545454,2.355472222222222,0.47285714285714275,0.09390625,0.3068888888888888,0.4449907051683065,1.215130048921336,0.1764744226273191,0.03987702862198132,1.3123117646396512,0.42060105310021423,0.033873404438799055,0.13361746320477522,0.1335524277659109,0.05269005795198283,0.32558384904666304,0.48518893397702295,0.03570760890952251,1.9211139703605666,0.049474185100955394,1.7307323129736643,6.392521768502308,24.258077507264524,0.21720028894274243,0.33208921467639135
Precious Metals,4065.2395833333335,3876.7604166666665,68.7875,136.75454545454548,5.932608695652173,159.15833333333333,27.789655172413788,0.9231250000000001,0.7141666666666667,0.8014893617021277,0.9002083333333334,0.25478260869565156,58.210909090909084,1356454.2083333333,1607445.9166666667,1696905.8125,5.906760869565217,0.28593103448275864,10.394434782608696,0.7776086956521738,0.02423529411764706,1.0459166666666668,0.9088333333333334,0.3880384615384615,0.3583333333333333,3.1724482758620685,0.2829285714285715,0.077625,0.09283333333333332,0.06445454545454544,0.775625,0.49772246438457324,1.822849362591842,1.7313102099862092,0.17304607312152448,1.2979925809226687,3.3011368768940477,0.05140660667523999,1.5595712397172647,0.3745412599306598,0.10214247823166378,0.5291817820289789,1.2078176727536722,0.11174087923554575,0.5222357284543027,0.10340105869209806,0.7149465333127395,0.22614311554610048,0.3397390259610228,0.3187647864492283,0.6144798641749732
Almost Nothing,18594.59230769231,13691.83846153846,34.38,20.22727272727273,3.766666666666667,72.5,6.561538461538461,0.6523076923076924,0.8153846153846155,0.59,0.5746153846153846,-1.0130769230769223,85.52699999999999,504713.8461538461,930435.1538461539,951192.4615384615,16.782416666666666,0.65725,1.5333076923076923,2.734,0.01675,3.6514285714285717,2.7169,0.319,0.1760909090909091,29.66091666666666,0.10610000000000001,0.08020000000000001,0.136375,0.046875,0.395,0.03956464339038247,1.6053882144151146,0.7883421296360883,-0.002850337611167061,0.6880529202508113,1.4543127953093777,-0.0017068052393860677,0.026707173952167606,0.07543226728736965,0.03967625275135027,0.654357758671898,0.681239528382289,0.0035456831912105435,0.23456284739725777,0.021249396849663114,0.4835860114959155,0.16961273315664033,0.6883806854107529,0.20435404767997456,0.21031652434363138
Agriculture,1039.1157894736841,808.121052631579,20.299999999999997,17.853846153846153,1.2823529411764707,12.3375,1.1277777777777775,0.8468421052631578,1.1873684210526316,1.0494444444444444,1.9826315789473685,-32.92894736842105,-23.41307692307692,151594.36842105264,410806.6842105263,294592.94736842107,28.161166666666666,0.9277894736842105,2.664,1.0566666666666666,0.055,3.8950000000000005,3.78475,0.16805882352941176,0.21818181818181817,55.14268421052632,0.20722222222222222,0.4391111111111112,0.1618888888888889,0.105625,0.4041666666666666,56.29364688205867,1.4141592803069496,0.07052075124375883,0.9441849461009183,0.782923977187732,0.11327491922587156,1.1243571616269552,0.685640101207457,0.26874566025647145,0.09217164127642286,1.555266144319156,0.7641972916196615,0.09084313659772855,0.24621577159489605,0.011250553227760323,0.23250204950102865,0.24644731650609067,0.28804074589854894,0.20598106021058302,0.6763293231998496
Textiles,1971.3857142857141,1432.1714285714286,18.599999999999998,13.325,1.1714285714285713,58.20000000000001,0.8166666666666668,0.7528571428571429,1.4757142857142858,1.1285714285714286,1.122857142857143,-15.725714285714288,-35.76,173351.7142857143,153173.7142857143,207689.14285714287,28.082714285714285,1.0644285714285713,3.1902857142857144,1.7269999999999999,0.026333333333333334,1.0599999999999998,2.0616,0.20971428571428574,0.11025000000000001,44.959999999999994,0.08266666666666667,0.07633333333333334,0.06733333333333334,0.03833333333333334,0.5243333333333333,0.0019523904403302911,1.2104807910775246,0.004678621761875375,0.0006263820985423066,0.6476503876419301,0.0062856860961062536,0.0004997702473708694,0.020375362388160147,0.011854350164882803,0.09424610493960434,0.3198310733728431,0.6424971156569492,0.0001774958944699989,0.18962437533830562,0.001276392742877335,0.28098755698842526,0.2706543251784624,3.103596537023487,0.22770702890952932,0.2261131251414931
Defense,15314.12,13778.060000000001,246.35714285714286,33.4375,4.144444444444445,43.32000000000001,3.37,0.9669999999999999,0.734,1.4909999999999999,2.4170000000000003,9.82,59.32285714285714,529493.7,709824.0,856708.1,19.313444444444446,0.8295,3.2528000000000006,1.1095555555555556,0.05975,7.393999999999998,7.1615,0.2901,0.101875,45.324799999999996,0.07757142857142858,0.11471428571428573,1.4955,0.09119999999999999,0.944,0.8457621371659737,0.9335134225240381,0.10808842474595848,0.10225935974566835,0.8232235806400642,0.2504478251318,0.0015750561611880091,0.053186356019208854,0.15990815755789503,0.15118791232115422,0.43102747702590416,0.7291156898318246,0.004604123842422919,0.2261688754069571,0.0307046319850174,0.3731548284398012,0.22235731291993033,0.3927445254296393,0.37599685229645324,0.1607914863589677
Candy & Soda,16968.471428571425,15088.014285714287,19.066666666666666,15.283333333333331,4.8999999999999995,24.71666666666667,2.614285714285714,0.7714285714285715,0.9514285714285714,1.542857142857143,2.0414285714285714,12.035714285714286,80.85166666666667,571417.8571428572,921000.1428571428,989137.0,800.8392857142857,1.1984285714285716,2.1411428571428575,1.4540000000000002,0.0515,148.54133333333334,232.01149999999998,0.4354285714285715,0.17816666666666667,113.45971428571427,0.14316666666666666,0.3005,0.24416666666666673,0.11550000000000003,0.8215,0.04109981890677277,0.6419404436581401,0.08280992853938049,,2.2783042322698965,0.12779228017118374,-0.00014287756132753786,0.014437382570108662,0.16423627350138473,0.1015655625012812,0.4010185779458328,0.19914055495360095,0.005054186278845989,0.01806456600319206,0.036292934525810415,0.0814152730287057,0.08000759879802018,0.3144378870288512,0.27782707750416225,2.428551668065607
Shipping Containers,11166.5,7034.241666666668,20.7,14.909090909090912,3.4,19.79,1.4083333333333334,0.9333333333333332,0.9766666666666666,2.529166666666667,2.5,-0.9566666666666676,32.992,715035.0,1075551.5,1297950.9166666667,18.268083333333333,0.7825833333333333,1.4400833333333336,4.0328333333333335,0.033555555555555554,3.7919999999999994,4.382428571428572,0.19458333333333333,0.16199999999999998,54.76166666666668,0.11400000000000002,0.1071,0.22949999999999998,0.0593,0.89175,0.022562535716937362,0.3377095123663063,0.15316649794733056,0.0691299826102731,0.3388849781000649,0.16565104217113952,0.000864838628550654,0.023913965193309,0.15248247825391606,0.042159733576280285,0.13873138391823756,0.3331231360004355,0.00032960988490618334,0.0347612282692213,0.016088926060159554,0.13850773338726252,0.16041576562854207,0.22032982792387146,0.11047309267472669,0.19959965714008682
Communication,28285.358333333337,13883.341666666667,94.34680851063833,9.436734693877552,3.866176470588235,58.5054054054054,22.854166666666668,0.9493055555555555,1.1340277777777779,2.013098591549296,2.4540277777777777,-22.054166666666667,2.656166666666669,1918938.2083333333,2714402.9444444445,3236984.875,603.5429264705881,0.5182638888888889,2.139236111111111,4.159720588235295,0.05303225806451613,81.92562857142858,36.786159090909095,0.5672173913043479,0.35857446808510635,28.826154929577463,0.22870454545454544,1.4143191489361702,0.2944054054054054,0.06869444444444445,2.517863636363636,0.07687075168011451,0.9708136693879452,0.40820624655968724,0.14634297200421623,0.5750105212397811,0.5882396943213817,0.01567495404195593,0.13603594779101377,0.8528074795843521,0.184873715061684,0.6975404207098528,0.37776868791259904,0.05881203924066845,0.4941242550919212,0.05063083647849962,2.277726591272918,0.9379201471831664,16.19541154343972,0.42559409865339426,0.5412945862579724
Coal,1531.7666666666667,1577.2166666666665,3.783333333333333,2.8166666666666664,1.4000000000000001,3.8833333333333333,0.9500000000000001,0.745,0.9416666666666665,5.565,7.488333333333333,11.963333333333336,73.31500000000001,636514.5,735110.0,776333.5,28.32433333333334,0.968,1.6926666666666665,0.7841666666666667,0.0968,14.728333333333333,14.077166666666665,0.44283333333333336,0.3658333333333334,50.49616666666666,0.29150000000000004,0.32433333333333336,0.43183333333333335,0.2356666666666667,0.29,0.09191452530040312,1.012029933403996,0.07846833034156156,0.8761814441130431,2.5994394321771437,0.20496713646592046,0.05208438023583384,0.24361799706694054,0.23845712567040647,0.28949711295776615,0.3849512198462609,0.7631916019444255,0.10219162889045465,0.14312581883360023,0.0828809302962893,0.21630302384189987,0.2503806390590162,0.5743213676211657,0.3401077905351253,0.3111686217061741
Consumer Goods,16529.237704918032,14368.46557377049,22.395238095238096,22.852272727272727,6.698275862068965,37.328205128205134,326.9180327868852,0.9504918032786885,1.2740677966101694,1.3204918032786888,1.3339344262295085,-1.2794545454545467,27.5446511627907,1358586.31147541,2207335.950819672,1457178.9180327868,12.614103448275864,0.9067142857142857,2.3275833333333327,2.602379310344827,0.030384615384615392,2.439176470588235,2.974828571428571,0.41308928571428577,0.1534102564102564,33.31989285714286,0.12055263157894738,0.36020512820512823,1.0462,0.06974285714285715,0.7010416666666667,0.03360557999917989,0.3493354840063768,1.9708708240319248,0.06175503108126363,0.5036767850817513,1.2205006772632478,0.007106787482453699,0.03841396364489863,0.12191358842798905,0.06023551919384432,0.2770185264036533,0.46344345529566017,0.019471614798581744,0.10961486899769363,0.024659403704211373,0.2122612411472847,0.2779133729038644,0.3295720437115287,0.20233429329831837,0.20630738958432837
Restaraunts Hotels Motels,13998.512987012988,10346.424675324677,104.25573770491802,16.477272727272727,11.444827586206896,8764.871428571429,3.232894736842106,1.0306493506493508,1.6558666666666666,1.2872368421052631,1.2872727272727276,1.2587671232876707,34.890952380952385,936022.6753246753,1109716.4415584416,1069853.831168831,16.835551724137932,0.8298333333333333,1.790070422535211,10.653931034482758,0.02691428571428572,10.481148148148149,5.388596153846153,0.43330555555555555,0.19290769230769234,38.843375,0.13695,0.09206666666666666,0.758909090909091,0.06914814814814815,0.6581428571428571,0.6768320441232731,1.865646842250798,0.08059365541925806,0.03006437355095871,1.8207611110282627,0.09103507853352898,0.007305982060099827,0.08959933486642799,0.22270385778759239,0.15922272092818038,0.48288753522163813,0.4535045654561948,0.028030346976777316,0.12119071937728092,0.2226586755982956,0.16811564233053716,0.14987796614754945,7.260638331069964,0.15590504427752327,0.4498031630544451
Rubber and Plastic Products,5758.059090909091,4627.413636363636,23.493333333333336,51.51176470588236,6.052380952380953,44.71428571428571,2.41,1.0963636363636362,1.2736363636363637,1.0904545454545453,1.2677272727272728,-7.493181818181818,76.84736842105264,503005.7727272727,2261897.6818181816,1684650.3181818181,16.718857142857143,0.9233499999999999,3.9504090909090905,1.7863809523809522,0.024833333333333332,4.030666666666667,3.511352941176471,0.3486666666666667,0.16047058823529414,32.3026,0.152125,0.14593333333333333,0.1872307692307692,0.07657142857142855,0.39272727272727276,0.061236433775362,0.8438243217267998,0.046028808609713374,0.06639771298761209,0.7873349975828267,0.054465765466880076,0.03801168766569067,0.18428372592352113,0.04302942308651276,0.0496415304697899,0.5936371890760058,1.0303104339362321,0.00802068012065281,0.1338155402032628,0.04610522906578304,0.15094121407971803,0.20667075395594076,0.349413814481466,0.18304196293802996,0.49510938561843165
Recreation,7795.236363636364,6372.518181818183,26.638461538461538,22.449999999999996,1.9789473684210523,222.24166666666665,10.359090909090908,3.689090909090909,1.3005263157894735,0.6242857142857142,0.5936363636363636,-27.101052631578945,-13.03375,539835.3636363636,957929.2727272727,884055.6818181818,282.52957894736846,0.8431000000000001,3.0454761904761907,1.076263157894737,0.02266666666666667,77.597,7.478,0.36705,0.16181818181818183,21.90135,0.12930000000000003,0.8824545454545454,0.4192727272727273,0.06839999999999999,0.3815,0.46313476689490063,1.4365992114512252,0.09019054640075005,0.017966815311504722,1.751554239286763,0.10979159307444031,0.0028061665007349298,0.07371256607755275,0.17759302924398024,0.08008088175237213,0.7882176789898769,0.7121903747272662,0.019538624949720283,0.2274142704434131,0.47913489768425943,0.18182762761805196,1.8711318860778856,6.154284022454187,0.5882578849710224,0.192806518036951
Business Supplies,6930.325,5039.931250000001,20.623076923076926,8.778571428571428,7.373333333333333,17.04,0.7266666666666667,0.848125,0.8756250000000001,2.558125,2.884375,-24.296875,-15.407692307692308,362054.8125,497681.625,620156.1875,14.436875,1.037,2.4868750000000004,3.95825,0.04854545454545455,3.149,2.532166666666667,0.227875,0.11078571428571429,47.616812499999995,0.06530769230769232,0.10899999999999999,0.46179999999999993,0.06770000000000001,0.73025,0.012145389753917093,0.4552617487980268,0.017875310033625545,0.017838660234555947,0.41364978250036355,0.021870991904536525,-0.0017369864943419303,0.03320584014627374,0.042391064203002204,0.04967514423369395,0.3939594914525085,0.39762155301424423,0.005227428811625938,0.05944033110069319,0.007384405015713724,0.18241482311638543,0.19785014710180185,0.3329705391141021,0.22091344954468276,0.3639712804877399
Apparel,11909.824242424242,10820.960606060607,28.58461538461539,17.70740740740741,6.090909090909091,36.77307692307692,2.0363636363636366,1.258181818181818,1.8945454545454545,1.544848484848485,1.5684848484848484,-3.806875,15.377777777777775,1490347.878787879,1703111.9090909092,1661363.4848484849,17.61360606060606,1.0853437499999998,2.6264242424242425,5.2962727272727275,0.027823529411764712,4.436923076923076,4.47936,0.5121249999999999,0.13844444444444445,47.277375000000006,0.10826923076923078,0.1611923076923077,0.22411999999999999,0.08646153846153846,0.6565333333333334,0.06195544059737007,0.23582658779363838,0.05272968913349826,,1.5393862082250593,0.05485630405548343,-0.00501193597774064,0.021755172216497573,0.060203217202963386,0.06301757123261689,0.1802849393718045,1.3506510524341735,0.004323292958756097,0.054677306975486624,0.03447382065095005,0.08111098028807295,0.10265655934239168,0.08993058557479015,0.05679172791817625,0.17504460033360536
Tobacco Products,33745.81111111111,25764.22222222222,45.199999999999996,12.08,3.1166666666666667,22.7,3.3444444444444446,0.7955555555555555,1.7711111111111113,2.4766666666666666,2.4633333333333334,-18.68285714285714,2.5639999999999987,1363157.888888889,2266993.888888889,2483072.5555555555,4.400833333333334,0.751,3.7168888888888887,1.0011666666666665,0.051750000000000004,2.2116,3.3219999999999996,0.3741666666666666,0.22649999999999998,12.206499999999998,0.179,0.15460000000000002,0.066,0.1078,0.773,0.7140229446714436,0.09174425825636201,1.511772602166418,0.11671003917956792,0.2806948929057714,2.652747167895741,0.34958845611296635,2.930284994688623,0.24196207913556647,0.08348168814037811,0.08079262639765505,0.2735030528045545,0.39661214085806024,0.1058716837426055,0.6664712956574018,0.1292983725515982,0.3185098710904916,4.434184827682008,0.07734883452379811,0.16151786881956828
Shipbuilding Railroad Equipment,9096.538461538463,7376.746153846154,11.040000000000001,7.960000000000001,2.1333333333333333,17.25,6.449999999999999,0.8369230769230767,1.5315384615384615,1.2184615384615385,1.1876923076923076,-16.143076923076926,-5.057777777777777,207692.15384615384,239009.38461538462,486411.8461538461,26.767083333333332,1.09425,6.3074545454545445,1.4606666666666668,0.026,5.6,6.114999999999999,0.20736363636363633,0.147625,63.56958333333333,0.1125,0.27825000000000005,0.3528888888888889,0.10525000000000001,0.476,0.030388157562995004,0.34876761676715784,0.14928196047619707,0.030699789847091794,0.40526086899571456,0.15580164046198428,0.0007815919755142948,0.027747234629562554,0.6352102304396541,0.06500971235912799,0.3979740334117082,0.38958397233629394,0.016411334610737616,0.07507846541167527,0.02224589718331712,0.12834626578153155,0.0923780819252146,0.49006183123741515,0.07766627257502619,0.4661862080448924
Fabricated Products,3341.22,2183.72,35.08,19.96,1.9200000000000004,25.933333333333334,1.48,0.9179999999999999,1.1960000000000002,1.1760000000000002,1.1940000000000002,-0.9940000000000001,24.553999999999995,70697.6,129842.0,168374.2,29.8562,0.7898000000000001,2.3616,1.8152000000000001,0.01525,2.106666666666667,1.6613333333333333,0.2444,0.1042,56.7482,0.0648,0.0638,0.08366666666666667,0.04466666666666667,0.327,0.021575627079205358,0.3072606362276852,0.021846172165006183,0.07984113575246601,0.6830865538905935,0.029638752678772633,-0.0004903357832982045,0.021945442373279514,0.04684525360510198,0.07321483122144043,0.1282663201216395,0.6320586242051262,-0.0014554650291453799,0.062107802107947155,0.013200092209695044,0.07005024523671133,0.07053254078674372,0.12639829794717414,0.1018242159460708,0.18535286935949116
